comparison,method,strategy,baseline_method,baseline_strategy,sample,metric,difference,ci_low,ci_high
hash,leiden,base,leiden,hash_base,train,fanout,-0.7593,-0.7775,-0.7405
hash,leiden,base,leiden,hash_base,train,single_shard_share,0.0973,0.0914,0.1033
hash,leiden,base,leiden,hash_base,train,overlap_1,0.1647,0.1595,0.1698
hash,leiden,base,leiden,hash_base,train,overlap_2,0.0318,0.0297,0.034
hash,leiden,base,leiden,hash_base,train,overlap_3,0.0038,0.003,0.0045
hash,leiden,base,leiden,hash_base,train,overlap_5,0.0,0.0,0.0001
hash,leiden,base,leiden,hash_base,train,overlap_full,0.0,0.0,0.0
hash,leiden,base,leiden,hash_base,train,volume_1,0.3328,0.3268,0.3386
hash,leiden,base,leiden,hash_base,train,volume_2,0.6077,0.5996,0.6163
hash,leiden,base,leiden,hash_base,train,volume_3,0.7292,0.7193,0.7396
hash,leiden,base,leiden,hash_base,train,volume_5,0.7643,0.754,0.7759
hash,leiden,base,leiden,hash_base,train,volume_full,0.7637,0.753,0.7755
hash,leiden,base,leiden,hash_base,holdout,fanout,-0.6158,-0.6378,-0.5937
hash,leiden,base,leiden,hash_base,holdout,single_shard_share,0.0722,0.0662,0.0787
hash,leiden,base,leiden,hash_base,holdout,overlap_1,0.1455,0.1385,0.1521
hash,leiden,base,leiden,hash_base,holdout,overlap_2,0.028,0.0252,0.0309
hash,leiden,base,leiden,hash_base,holdout,overlap_3,0.0035,0.0026,0.0045
hash,leiden,base,leiden,hash_base,holdout,overlap_5,0.0003,0.0,0.0006
hash,leiden,base,leiden,hash_base,holdout,overlap_full,0.0,0.0,0.0
hash,leiden,base,leiden,hash_base,holdout,volume_1,0.3116,0.3041,0.3189
hash,leiden,base,leiden,hash_base,holdout,volume_2,0.5933,0.5831,0.6039
hash,leiden,base,leiden,hash_base,holdout,volume_3,0.7382,0.7257,0.7516
hash,leiden,base,leiden,hash_base,holdout,volume_5,0.787,0.7732,0.8017
hash,leiden,base,leiden,hash_base,holdout,volume_full,0.7884,0.7747,0.803
hash,leiden,base,leiden,hash_base,ood,fanout,-0.7854,-0.8037,-0.7678
hash,leiden,base,leiden,hash_base,ood,single_shard_share,0.01,0.0078,0.012
hash,leiden,base,leiden,hash_base,ood,overlap_1,0.252,0.2456,0.2586
hash,leiden,base,leiden,hash_base,ood,overlap_2,0.111,0.1069,0.1151
hash,leiden,base,leiden,hash_base,ood,overlap_3,0.0279,0.0261,0.0299
hash,leiden,base,leiden,hash_base,ood,overlap_5,0.001,0.0007,0.0012
hash,leiden,base,leiden,hash_base,ood,overlap_full,0.0,0.0,0.0
hash,leiden,base,leiden,hash_base,ood,volume_1,0.2897,0.284,0.2947
hash,leiden,base,leiden,hash_base,ood,volume_2,0.5564,0.549,0.5636
hash,leiden,base,leiden,hash_base,ood,volume_3,0.8564,0.8472,0.8651
hash,leiden,base,leiden,hash_base,ood,volume_5,1.1481,1.1365,1.158
hash,leiden,base,leiden,hash_base,ood,volume_full,1.1719,1.1599,1.1829
hash,leiden,base,leiden,hash_base,connected_pairs,fanout,-0.9915,-0.995,-0.987
hash,leiden,base,leiden,hash_base,connected_pairs,single_shard_share,0.9915,0.987,0.995
hash,leiden,base,leiden,hash_base,connected_pairs,overlap_1,0.1458,0.1358,0.1549
hash,leiden,base,leiden,hash_base,connected_pairs,overlap_2,0.0,0.0,0.0
hash,leiden,base,leiden,hash_base,connected_pairs,overlap_3,0.0,0.0,0.0
hash,leiden,base,leiden,hash_base,connected_pairs,overlap_5,0.0,0.0,0.0
hash,leiden,base,leiden,hash_base,connected_pairs,overlap_full,0.0,0.0,0.0
hash,leiden,base,leiden,hash_base,connected_pairs,volume_1,0.3977,0.3864,0.4098
hash,leiden,base,leiden,hash_base,connected_pairs,volume_2,0.363,0.352,0.3755
hash,leiden,base,leiden,hash_base,connected_pairs,volume_3,0.363,0.352,0.3755
hash,leiden,base,leiden,hash_base,connected_pairs,volume_5,0.363,0.352,0.3755
hash,leiden,base,leiden,hash_base,connected_pairs,volume_full,0.363,0.352,0.3755
hash,leiden,base,leiden,hash_base,connected_triples,fanout,-1.72,-1.7415,-1.6955
hash,leiden,base,leiden,hash_base,connected_triples,single_shard_share,0.7535,0.733,0.772
hash,leiden,base,leiden,hash_base,connected_triples,overlap_1,0.1546,0.1443,0.1652
hash,leiden,base,leiden,hash_base,connected_triples,overlap_2,0.0021,0.0012,0.0034
hash,leiden,base,leiden,hash_base,connected_triples,overlap_3,0.0,0.0,0.0
hash,leiden,base,leiden,hash_base,connected_triples,overlap_5,0.0,0.0,0.0
hash,leiden,base,leiden,hash_base,connected_triples,overlap_full,0.0,0.0,0.0
hash,leiden,base,leiden,hash_base,connected_triples,volume_1,0.528,0.5203,0.5351
hash,leiden,base,leiden,hash_base,connected_triples,volume_2,0.6315,0.6182,0.6447
hash,leiden,base,leiden,hash_base,connected_triples,volume_3,0.5963,0.5815,0.6114
hash,leiden,base,leiden,hash_base,connected_triples,volume_5,0.5963,0.5815,0.6114
hash,leiden,base,leiden,hash_base,connected_triples,volume_full,0.5963,0.5815,0.6114
hash,leiden,base,leiden,hash_base,frequent_pairs,fanout,-0.6805,-0.7015,-0.6605
hash,leiden,base,leiden,hash_base,frequent_pairs,single_shard_share,0.6805,0.6605,0.7015
hash,leiden,base,leiden,hash_base,frequent_pairs,overlap_1,0.0001,0.0,0.0004
hash,leiden,base,leiden,hash_base,frequent_pairs,overlap_2,0.0,0.0,0.0
hash,leiden,base,leiden,hash_base,frequent_pairs,overlap_3,0.0,0.0,0.0
hash,leiden,base,leiden,hash_base,frequent_pairs,overlap_5,0.0,0.0,0.0
hash,leiden,base,leiden,hash_base,frequent_pairs,overlap_full,0.0,0.0,0.0
hash,leiden,base,leiden,hash_base,frequent_pairs,volume_1,0.5554,0.5491,0.5617
hash,leiden,base,leiden,hash_base,frequent_pairs,volume_2,0.6836,0.6698,0.6964
hash,leiden,base,leiden,hash_base,frequent_pairs,volume_3,0.6836,0.6698,0.6964
hash,leiden,base,leiden,hash_base,frequent_pairs,volume_5,0.6836,0.6698,0.6964
hash,leiden,base,leiden,hash_base,frequent_pairs,volume_full,0.6836,0.6698,0.6964
hash,leiden,base,leiden,hash_base,frequent_triples,fanout,-1.39,-1.4205,-1.3595
hash,leiden,base,leiden,hash_base,frequent_triples,single_shard_share,0.5285,0.5065,0.55
hash,leiden,base,leiden,hash_base,frequent_triples,overlap_1,0.0291,0.0247,0.0337
hash,leiden,base,leiden,hash_base,frequent_triples,overlap_2,0.0,0.0,0.0
hash,leiden,base,leiden,hash_base,frequent_triples,overlap_3,0.0,0.0,0.0
hash,leiden,base,leiden,hash_base,frequent_triples,overlap_5,0.0,0.0,0.0
hash,leiden,base,leiden,hash_base,frequent_triples,overlap_full,0.0,0.0,0.0
hash,leiden,base,leiden,hash_base,frequent_triples,volume_1,0.5537,0.5474,0.5596
hash,leiden,base,leiden,hash_base,frequent_triples,volume_2,0.7779,0.7641,0.7915
hash,leiden,base,leiden,hash_base,frequent_triples,volume_3,0.784,0.7662,0.8026
hash,leiden,base,leiden,hash_base,frequent_triples,volume_5,0.784,0.7662,0.8026
hash,leiden,base,leiden,hash_base,frequent_triples,volume_full,0.784,0.7662,0.8026
hash,leiden,base_r2,leiden,hash_base,train,fanout,-1.052,-1.0724,-1.0293
hash,leiden,base_r2,leiden,hash_base,train,single_shard_share,0.1662,0.1587,0.1736
hash,leiden,base_r2,leiden,hash_base,train,overlap_1,0.2022,0.1963,0.2078
hash,leiden,base_r2,leiden,hash_base,train,overlap_2,0.0372,0.0349,0.0396
hash,leiden,base_r2,leiden,hash_base,train,overlap_3,0.0043,0.0035,0.005
hash,leiden,base_r2,leiden,hash_base,train,overlap_5,0.0,0.0,0.0001
hash,leiden,base_r2,leiden,hash_base,train,overlap_full,0.0,0.0,0.0
hash,leiden,base_r2,leiden,hash_base,train,volume_1,0.5047,0.4969,0.5125
hash,leiden,base_r2,leiden,hash_base,train,volume_2,0.8184,0.8081,0.8289
hash,leiden,base_r2,leiden,hash_base,train,volume_3,0.9134,0.9018,0.9258
hash,leiden,base_r2,leiden,hash_base,train,volume_5,0.9191,0.907,0.9315
hash,leiden,base_r2,leiden,hash_base,train,volume_full,0.9155,0.9035,0.9278
hash,leiden,base_r2,leiden,hash_base,holdout,fanout,-0.9174,-0.9434,-0.8911
hash,leiden,base_r2,leiden,hash_base,holdout,single_shard_share,0.1306,0.122,0.1394
hash,leiden,base_r2,leiden,hash_base,holdout,overlap_1,0.1887,0.1811,0.1962
hash,leiden,base_r2,leiden,hash_base,holdout,overlap_2,0.0346,0.0316,0.0377
hash,leiden,base_r2,leiden,hash_base,holdout,overlap_3,0.0041,0.0032,0.0051
hash,leiden,base_r2,leiden,hash_base,holdout,overlap_5,0.0003,0.0,0.0006
hash,leiden,base_r2,leiden,hash_base,holdout,overlap_full,0.0,0.0,0.0
hash,leiden,base_r2,leiden,hash_base,holdout,volume_1,0.4824,0.4723,0.4923
hash,leiden,base_r2,leiden,hash_base,holdout,volume_2,0.8115,0.7979,0.8244
hash,leiden,base_r2,leiden,hash_base,holdout,volume_3,0.938,0.9235,0.9533
hash,leiden,base_r2,leiden,hash_base,holdout,volume_5,0.9525,0.9378,0.9679
hash,leiden,base_r2,leiden,hash_base,holdout,volume_full,0.9507,0.9355,0.9663
hash,leiden,base_r2,leiden,hash_base,ood,fanout,-1.2874,-1.3088,-1.265
hash,leiden,base_r2,leiden,hash_base,ood,single_shard_share,0.0306,0.0273,0.0337
hash,leiden,base_r2,leiden,hash_base,ood,overlap_1,0.3566,0.3499,0.3633
hash,leiden,base_r2,leiden,hash_base,ood,overlap_2,0.1429,0.1384,0.147
hash,leiden,base_r2,leiden,hash_base,ood,overlap_3,0.034,0.032,0.0362
hash,leiden,base_r2,leiden,hash_base,ood,overlap_5,0.0011,0.0007,0.0014
hash,leiden,base_r2,leiden,hash_base,ood,overlap_full,0.0,0.0,0.0
hash,leiden,base_r2,leiden,hash_base,ood,volume_1,0.5147,0.5078,0.5215
hash,leiden,base_r2,leiden,hash_base,ood,volume_2,0.8755,0.8653,0.885
hash,leiden,base_r2,leiden,hash_base,ood,volume_3,1.243,1.2313,1.2552
hash,leiden,base_r2,leiden,hash_base,ood,volume_5,1.4777,1.4646,1.4906
hash,leiden,base_r2,leiden,hash_base,ood,volume_full,1.4814,1.4684,1.4945
hash,leiden,base_r2,leiden,hash_base,connected_pairs,fanout,-0.9995,-1.0,-0.9985
hash,leiden,base_r2,leiden,hash_base,connected_pairs,single_shard_share,0.9995,0.9985,1.0
hash,leiden,base_r2,leiden,hash_base,connected_pairs,overlap_1,0.1458,0.1358,0.1549
hash,leiden,base_r2,leiden,hash_base,connected_pairs,overlap_2,0.0,0.0,0.0
hash,leiden,base_r2,leiden,hash_base,connected_pairs,overlap_3,0.0,0.0,0.0
hash,leiden,base_r2,leiden,hash_base,connected_pairs,overlap_5,0.0,0.0,0.0
hash,leiden,base_r2,leiden,hash_base,connected_pairs,overlap_full,0.0,0.0,0.0
hash,leiden,base_r2,leiden,hash_base,connected_pairs,volume_1,0.551,0.5366,0.5669
hash,leiden,base_r2,leiden,hash_base,connected_pairs,volume_2,0.5115,0.4973,0.5275
hash,leiden,base_r2,leiden,hash_base,connected_pairs,volume_3,0.5115,0.4973,0.5275
hash,leiden,base_r2,leiden,hash_base,connected_pairs,volume_5,0.5115,0.4973,0.5275
hash,leiden,base_r2,leiden,hash_base,connected_pairs,volume_full,0.5115,0.4973,0.5275
hash,leiden,base_r2,leiden,hash_base,connected_triples,fanout,-1.92,-1.931,-1.9085
hash,leiden,base_r2,leiden,hash_base,connected_triples,single_shard_share,0.924,0.9125,0.9345
hash,leiden,base_r2,leiden,hash_base,connected_triples,overlap_1,0.1559,0.1455,0.1665
hash,leiden,base_r2,leiden,hash_base,connected_triples,overlap_2,0.0021,0.0012,0.0034
hash,leiden,base_r2,leiden,hash_base,connected_triples,overlap_3,0.0,0.0,0.0
hash,leiden,base_r2,leiden,hash_base,connected_triples,overlap_5,0.0,0.0,0.0
hash,leiden,base_r2,leiden,hash_base,connected_triples,overlap_full,0.0,0.0,0.0
hash,leiden,base_r2,leiden,hash_base,connected_triples,volume_1,0.7298,0.7219,0.7374
hash,leiden,base_r2,leiden,hash_base,connected_triples,volume_2,0.757,0.7451,0.7695
hash,leiden,base_r2,leiden,hash_base,connected_triples,volume_3,0.705,0.6932,0.7173
hash,leiden,base_r2,leiden,hash_base,connected_triples,volume_5,0.705,0.6932,0.7173
hash,leiden,base_r2,leiden,hash_base,connected_triples,volume_full,0.705,0.6932,0.7173
hash,leiden,base_r2,leiden,hash_base,frequent_pairs,fanout,-0.9165,-0.9285,-0.9035
hash,leiden,base_r2,leiden,hash_base,frequent_pairs,single_shard_share,0.9165,0.9035,0.9285
hash,leiden,base_r2,leiden,hash_base,frequent_pairs,overlap_1,0.0003,0.0,0.0009
hash,leiden,base_r2,leiden,hash_base,frequent_pairs,overlap_2,0.0,0.0,0.0
hash,leiden,base_r2,leiden,hash_base,frequent_pairs,overlap_3,0.0,0.0,0.0
hash,leiden,base_r2,leiden,hash_base,frequent_pairs,overlap_5,0.0,0.0,0.0
hash,leiden,base_r2,leiden,hash_base,frequent_pairs,overlap_full,0.0,0.0,0.0
hash,leiden,base_r2,leiden,hash_base,frequent_pairs,volume_1,0.7931,0.7875,0.7989
hash,leiden,base_r2,leiden,hash_base,frequent_pairs,volume_2,0.8073,0.7957,0.8199
hash,leiden,base_r2,leiden,hash_base,frequent_pairs,volume_3,0.8073,0.7957,0.8199
hash,leiden,base_r2,leiden,hash_base,frequent_pairs,volume_5,0.8073,0.7957,0.8199
hash,leiden,base_r2,leiden,hash_base,frequent_pairs,volume_full,0.8073,0.7957,0.8199
hash,leiden,base_r2,leiden,hash_base,frequent_triples,fanout,-1.781,-1.8,-1.76
hash,leiden,base_r2,leiden,hash_base,frequent_triples,single_shard_share,0.804,0.787,0.8215
hash,leiden,base_r2,leiden,hash_base,frequent_triples,overlap_1,0.0312,0.0267,0.0359
hash,leiden,base_r2,leiden,hash_base,frequent_triples,overlap_2,0.0,0.0,0.0
hash,leiden,base_r2,leiden,hash_base,frequent_triples,overlap_3,0.0,0.0,0.0
hash,leiden,base_r2,leiden,hash_base,frequent_triples,overlap_5,0.0,0.0,0.0
hash,leiden,base_r2,leiden,hash_base,frequent_triples,overlap_full,0.0,0.0,0.0
hash,leiden,base_r2,leiden,hash_base,frequent_triples,volume_1,0.7812,0.7747,0.7876
hash,leiden,base_r2,leiden,hash_base,frequent_triples,volume_2,0.9036,0.8878,0.9203
hash,leiden,base_r2,leiden,hash_base,frequent_triples,volume_3,0.8503,0.8332,0.8675
hash,leiden,base_r2,leiden,hash_base,frequent_triples,volume_5,0.8503,0.8332,0.8675
hash,leiden,base_r2,leiden,hash_base,frequent_triples,volume_full,0.8503,0.8332,0.8675
hash,leiden,base_r3,leiden,hash_base,train,fanout,-1.1649,-1.1869,-1.1412
hash,leiden,base_r3,leiden,hash_base,train,single_shard_share,0.2005,0.1926,0.2083
hash,leiden,base_r3,leiden,hash_base,train,overlap_1,0.2131,0.2069,0.2187
hash,leiden,base_r3,leiden,hash_base,train,overlap_2,0.0385,0.0361,0.0409
hash,leiden,base_r3,leiden,hash_base,train,overlap_3,0.0043,0.0036,0.0051
hash,leiden,base_r3,leiden,hash_base,train,overlap_5,0.0,0.0,0.0001
hash,leiden,base_r3,leiden,hash_base,train,overlap_full,0.0,0.0,0.0
hash,leiden,base_r3,leiden,hash_base,train,volume_1,0.5679,0.5599,0.5764
hash,leiden,base_r3,leiden,hash_base,train,volume_2,0.8557,0.8459,0.8659
hash,leiden,base_r3,leiden,hash_base,train,volume_3,0.9215,0.9098,0.9329
hash,leiden,base_r3,leiden,hash_base,train,volume_5,0.9113,0.9,0.9228
hash,leiden,base_r3,leiden,hash_base,train,volume_full,0.9071,0.8957,0.9189
hash,leiden,base_r3,leiden,hash_base,holdout,fanout,-1.0422,-1.0699,-1.0141
hash,leiden,base_r3,leiden,hash_base,holdout,single_shard_share,0.1667,0.1577,0.1768
hash,leiden,base_r3,leiden,hash_base,holdout,overlap_1,0.2008,0.193,0.2085
hash,leiden,base_r3,leiden,hash_base,holdout,overlap_2,0.0359,0.0328,0.0389
hash,leiden,base_r3,leiden,hash_base,holdout,overlap_3,0.0042,0.0032,0.0052
hash,leiden,base_r3,leiden,hash_base,holdout,overlap_5,0.0003,0.0,0.0006
hash,leiden,base_r3,leiden,hash_base,holdout,overlap_full,0.0,0.0,0.0
hash,leiden,base_r3,leiden,hash_base,holdout,volume_1,0.5448,0.5342,0.5552
hash,leiden,base_r3,leiden,hash_base,holdout,volume_2,0.8456,0.833,0.8587
hash,leiden,base_r3,leiden,hash_base,holdout,volume_3,0.9373,0.9232,0.9518
hash,leiden,base_r3,leiden,hash_base,holdout,volume_5,0.9374,0.9234,0.9527
hash,leiden,base_r3,leiden,hash_base,holdout,volume_full,0.9346,0.9203,0.9499
hash,leiden,base_r3,leiden,hash_base,ood,fanout,-1.5509,-1.5741,-1.5295
hash,leiden,base_r3,leiden,hash_base,ood,single_shard_share,0.0464,0.0426,0.0503
hash,leiden,base_r3,leiden,hash_base,ood,overlap_1,0.4012,0.3947,0.4084
hash,leiden,base_r3,leiden,hash_base,ood,overlap_2,0.1557,0.151,0.1599
hash,leiden,base_r3,leiden,hash_base,ood,overlap_3,0.0361,0.0339,0.0384
hash,leiden,base_r3,leiden,hash_base,ood,overlap_5,0.0011,0.0008,0.0014
hash,leiden,base_r3,leiden,hash_base,ood,overlap_full,0.0,0.0,0.0
hash,leiden,base_r3,leiden,hash_base,ood,volume_1,0.6427,0.6359,0.6493
hash,leiden,base_r3,leiden,hash_base,ood,volume_2,1.0066,0.9962,1.0164
hash,leiden,base_r3,leiden,hash_base,ood,volume_3,1.3179,1.3065,1.3296
hash,leiden,base_r3,leiden,hash_base,ood,volume_5,1.4665,1.4537,1.4792
hash,leiden,base_r3,leiden,hash_base,ood,volume_full,1.4618,1.4492,1.4744
hash,leiden,base_r3,leiden,hash_base,connected_pairs,fanout,-0.9995,-1.0,-0.9985
hash,leiden,base_r3,leiden,hash_base,connected_pairs,single_shard_share,0.9995,0.9985,1.0
hash,leiden,base_r3,leiden,hash_base,connected_pairs,overlap_1,0.1458,0.1358,0.1549
hash,leiden,base_r3,leiden,hash_base,connected_pairs,overlap_2,0.0,0.0,0.0
hash,leiden,base_r3,leiden,hash_base,connected_pairs,overlap_3,0.0,0.0,0.0
hash,leiden,base_r3,leiden,hash_base,connected_pairs,overlap_5,0.0,0.0,0.0
hash,leiden,base_r3,leiden,hash_base,connected_pairs,overlap_full,0.0,0.0,0.0
hash,leiden,base_r3,leiden,hash_base,connected_pairs,volume_1,0.6249,0.6109,0.6422
hash,leiden,base_r3,leiden,hash_base,connected_pairs,volume_2,0.5854,0.5714,0.6028
hash,leiden,base_r3,leiden,hash_base,connected_pairs,volume_3,0.5854,0.5714,0.6028
hash,leiden,base_r3,leiden,hash_base,connected_pairs,volume_5,0.5854,0.5714,0.6028
hash,leiden,base_r3,leiden,hash_base,connected_pairs,volume_full,0.5854,0.5714,0.6028
hash,leiden,base_r3,leiden,hash_base,connected_triples,fanout,-1.968,-1.975,-1.9595
hash,leiden,base_r3,leiden,hash_base,connected_triples,single_shard_share,0.972,0.9645,0.9785
hash,leiden,base_r3,leiden,hash_base,connected_triples,overlap_1,0.1559,0.1455,0.1665
hash,leiden,base_r3,leiden,hash_base,connected_triples,overlap_2,0.0021,0.0012,0.0034
hash,leiden,base_r3,leiden,hash_base,connected_triples,overlap_3,0.0,0.0,0.0
hash,leiden,base_r3,leiden,hash_base,connected_triples,overlap_5,0.0,0.0,0.0
hash,leiden,base_r3,leiden,hash_base,connected_triples,overlap_full,0.0,0.0,0.0
hash,leiden,base_r3,leiden,hash_base,connected_triples,volume_1,0.8191,0.8128,0.8258
hash,leiden,base_r3,leiden,hash_base,connected_triples,volume_2,0.8043,0.7959,0.8133
hash,leiden,base_r3,leiden,hash_base,connected_triples,volume_3,0.7524,0.7439,0.7611
hash,leiden,base_r3,leiden,hash_base,connected_triples,volume_5,0.7524,0.7439,0.7611
hash,leiden,base_r3,leiden,hash_base,connected_triples,volume_full,0.7524,0.7439,0.7611
hash,leiden,base_r3,leiden,hash_base,frequent_pairs,fanout,-0.976,-0.9825,-0.969
hash,leiden,base_r3,leiden,hash_base,frequent_pairs,single_shard_share,0.976,0.969,0.9825
hash,leiden,base_r3,leiden,hash_base,frequent_pairs,overlap_1,0.0004,0.0,0.0009
hash,leiden,base_r3,leiden,hash_base,frequent_pairs,overlap_2,0.0,0.0,0.0
hash,leiden,base_r3,leiden,hash_base,frequent_pairs,overlap_3,0.0,0.0,0.0
hash,leiden,base_r3,leiden,hash_base,frequent_pairs,overlap_5,0.0,0.0,0.0
hash,leiden,base_r3,leiden,hash_base,frequent_pairs,overlap_full,0.0,0.0,0.0
hash,leiden,base_r3,leiden,hash_base,frequent_pairs,volume_1,0.8678,0.8641,0.8716
hash,leiden,base_r3,leiden,hash_base,frequent_pairs,volume_2,0.8298,0.8231,0.8371
hash,leiden,base_r3,leiden,hash_base,frequent_pairs,volume_3,0.8298,0.8231,0.8371
hash,leiden,base_r3,leiden,hash_base,frequent_pairs,volume_5,0.8298,0.8231,0.8371
hash,leiden,base_r3,leiden,hash_base,frequent_pairs,volume_full,0.8298,0.8231,0.8371
hash,leiden,base_r3,leiden,hash_base,frequent_triples,fanout,-1.9035,-1.917,-1.89
hash,leiden,base_r3,leiden,hash_base,frequent_triples,single_shard_share,0.9125,0.9,0.925
hash,leiden,base_r3,leiden,hash_base,frequent_triples,overlap_1,0.0312,0.0268,0.0359
hash,leiden,base_r3,leiden,hash_base,frequent_triples,overlap_2,0.0,0.0,0.0
hash,leiden,base_r3,leiden,hash_base,frequent_triples,overlap_3,0.0,0.0,0.0
hash,leiden,base_r3,leiden,hash_base,frequent_triples,overlap_5,0.0,0.0,0.0
hash,leiden,base_r3,leiden,hash_base,frequent_triples,overlap_full,0.0,0.0,0.0
hash,leiden,base_r3,leiden,hash_base,frequent_triples,volume_1,0.8601,0.8554,0.8647
hash,leiden,base_r3,leiden,hash_base,frequent_triples,volume_2,0.8932,0.8809,0.9056
hash,leiden,base_r3,leiden,hash_base,frequent_triples,volume_3,0.8275,0.8151,0.8397
hash,leiden,base_r3,leiden,hash_base,frequent_triples,volume_5,0.8275,0.8151,0.8397
hash,leiden,base_r3,leiden,hash_base,frequent_triples,volume_full,0.8275,0.8151,0.8397
hash,leiden,aff,leiden,hash_aff,train,fanout,-1.0291,-1.0492,-1.0077
hash,leiden,aff,leiden,hash_aff,train,single_shard_share,0.1796,0.1715,0.1868
hash,leiden,aff,leiden,hash_aff,train,overlap_1,0.2673,0.2613,0.2728
hash,leiden,aff,leiden,hash_aff,train,overlap_2,0.0421,0.0397,0.0445
hash,leiden,aff,leiden,hash_aff,train,overlap_3,0.0046,0.0038,0.0054
hash,leiden,aff,leiden,hash_aff,train,overlap_5,0.0,0.0,0.0001
hash,leiden,aff,leiden,hash_aff,train,overlap_full,0.0,0.0,0.0
hash,leiden,aff,leiden,hash_aff,train,volume_1,0.5318,0.5275,0.5363
hash,leiden,aff,leiden,hash_aff,train,volume_2,0.908,0.9006,0.9156
hash,leiden,aff,leiden,hash_aff,train,volume_3,1.0624,1.0516,1.0727
hash,leiden,aff,leiden,hash_aff,train,volume_5,1.0913,1.0797,1.1035
hash,leiden,aff,leiden,hash_aff,train,volume_full,1.0877,1.0762,1.0998
hash,leiden,aff,leiden,hash_aff,holdout,fanout,-0.9148,-0.94,-0.8891
hash,leiden,aff,leiden,hash_aff,holdout,single_shard_share,0.1605,0.1511,0.1701
hash,leiden,aff,leiden,hash_aff,holdout,overlap_1,0.2601,0.2527,0.267
hash,leiden,aff,leiden,hash_aff,holdout,overlap_2,0.0395,0.0366,0.0425
hash,leiden,aff,leiden,hash_aff,holdout,overlap_3,0.0038,0.0029,0.0048
hash,leiden,aff,leiden,hash_aff,holdout,overlap_5,0.0003,0.0,0.0007
hash,leiden,aff,leiden,hash_aff,holdout,overlap_full,0.0,0.0,0.0
hash,leiden,aff,leiden,hash_aff,holdout,volume_1,0.5303,0.5244,0.5363
hash,leiden,aff,leiden,hash_aff,holdout,volume_2,0.9157,0.9061,0.9247
hash,leiden,aff,leiden,hash_aff,holdout,volume_3,1.0905,1.0777,1.1036
hash,leiden,aff,leiden,hash_aff,holdout,volume_5,1.1363,1.1217,1.1512
hash,leiden,aff,leiden,hash_aff,holdout,volume_full,1.1337,1.1193,1.1488
hash,leiden,aff,leiden,hash_aff,ood,fanout,-1.1571,-1.1793,-1.1372
hash,leiden,aff,leiden,hash_aff,ood,single_shard_share,0.0239,0.0208,0.0269
hash,leiden,aff,leiden,hash_aff,ood,overlap_1,0.3818,0.3757,0.3882
hash,leiden,aff,leiden,hash_aff,ood,overlap_2,0.158,0.1536,0.1624
hash,leiden,aff,leiden,hash_aff,ood,overlap_3,0.0367,0.0345,0.0389
hash,leiden,aff,leiden,hash_aff,ood,overlap_5,0.0011,0.0008,0.0014
hash,leiden,aff,leiden,hash_aff,ood,overlap_full,0.0,0.0,0.0
hash,leiden,aff,leiden,hash_aff,ood,volume_1,0.4549,0.4507,0.4589
hash,leiden,aff,leiden,hash_aff,ood,volume_2,0.9095,0.9031,0.9154
hash,leiden,aff,leiden,hash_aff,ood,volume_3,1.3098,1.3014,1.3179
hash,leiden,aff,leiden,hash_aff,ood,volume_5,1.5762,1.5638,1.5877
hash,leiden,aff,leiden,hash_aff,ood,volume_full,1.578,1.5653,1.5901
hash,leiden,aff,leiden,hash_aff,connected_pairs,fanout,-0.99,-0.994,-0.9855
hash,leiden,aff,leiden,hash_aff,connected_pairs,single_shard_share,0.99,0.9855,0.994
hash,leiden,aff,leiden,hash_aff,connected_pairs,overlap_1,0.142,0.1325,0.1512
hash,leiden,aff,leiden,hash_aff,connected_pairs,overlap_2,0.0,0.0,0.0
hash,leiden,aff,leiden,hash_aff,connected_pairs,overlap_3,0.0,0.0,0.0
hash,leiden,aff,leiden,hash_aff,connected_pairs,overlap_5,0.0,0.0,0.0
hash,leiden,aff,leiden,hash_aff,connected_pairs,overlap_full,0.0,0.0,0.0
hash,leiden,aff,leiden,hash_aff,connected_pairs,volume_1,0.4338,0.4222,0.4467
hash,leiden,aff,leiden,hash_aff,connected_pairs,volume_2,0.3749,0.3629,0.3883
hash,leiden,aff,leiden,hash_aff,connected_pairs,volume_3,0.3749,0.3629,0.3883
hash,leiden,aff,leiden,hash_aff,connected_pairs,volume_5,0.3749,0.3629,0.3883
hash,leiden,aff,leiden,hash_aff,connected_pairs,volume_full,0.3749,0.3629,0.3883
hash,leiden,aff,leiden,hash_aff,connected_triples,fanout,-1.7195,-1.741,-1.6955
hash,leiden,aff,leiden,hash_aff,connected_triples,single_shard_share,0.7535,0.733,0.772
hash,leiden,aff,leiden,hash_aff,connected_triples,overlap_1,0.1508,0.1408,0.1612
hash,leiden,aff,leiden,hash_aff,connected_triples,overlap_2,0.0022,0.0012,0.0034
hash,leiden,aff,leiden,hash_aff,connected_triples,overlap_3,0.0,0.0,0.0
hash,leiden,aff,leiden,hash_aff,connected_triples,overlap_5,0.0,0.0,0.0
hash,leiden,aff,leiden,hash_aff,connected_triples,overlap_full,0.0,0.0,0.0
hash,leiden,aff,leiden,hash_aff,connected_triples,volume_1,0.5801,0.5727,0.5873
hash,leiden,aff,leiden,hash_aff,connected_triples,volume_2,0.6768,0.6628,0.6907
hash,leiden,aff,leiden,hash_aff,connected_triples,volume_3,0.6208,0.6049,0.6373
hash,leiden,aff,leiden,hash_aff,connected_triples,volume_5,0.6208,0.6049,0.6373
hash,leiden,aff,leiden,hash_aff,connected_triples,volume_full,0.6208,0.6049,0.6373
hash,leiden,aff,leiden,hash_aff,frequent_pairs,fanout,-0.6795,-0.7,-0.66
hash,leiden,aff,leiden,hash_aff,frequent_pairs,single_shard_share,0.6795,0.66,0.7
hash,leiden,aff,leiden,hash_aff,frequent_pairs,overlap_1,0.0003,0.0,0.0007
hash,leiden,aff,leiden,hash_aff,frequent_pairs,overlap_2,0.0,0.0,0.0
hash,leiden,aff,leiden,hash_aff,frequent_pairs,overlap_3,0.0,0.0,0.0
hash,leiden,aff,leiden,hash_aff,frequent_pairs,overlap_5,0.0,0.0,0.0
hash,leiden,aff,leiden,hash_aff,frequent_pairs,overlap_full,0.0,0.0,0.0
hash,leiden,aff,leiden,hash_aff,frequent_pairs,volume_1,0.6093,0.6036,0.6152
hash,leiden,aff,leiden,hash_aff,frequent_pairs,volume_2,0.7394,0.725,0.7526
hash,leiden,aff,leiden,hash_aff,frequent_pairs,volume_3,0.7394,0.725,0.7526
hash,leiden,aff,leiden,hash_aff,frequent_pairs,volume_5,0.7394,0.725,0.7526
hash,leiden,aff,leiden,hash_aff,frequent_pairs,volume_full,0.7394,0.725,0.7526
hash,leiden,aff,leiden,hash_aff,frequent_triples,fanout,-1.393,-1.424,-1.3615
hash,leiden,aff,leiden,hash_aff,frequent_triples,single_shard_share,0.5285,0.5065,0.55
hash,leiden,aff,leiden,hash_aff,frequent_triples,overlap_1,0.0284,0.0241,0.0329
hash,leiden,aff,leiden,hash_aff,frequent_triples,overlap_2,0.0,0.0,0.0
hash,leiden,aff,leiden,hash_aff,frequent_triples,overlap_3,0.0,0.0,0.0
hash,leiden,aff,leiden,hash_aff,frequent_triples,overlap_5,0.0,0.0,0.0
hash,leiden,aff,leiden,hash_aff,frequent_triples,overlap_full,0.0,0.0,0.0
hash,leiden,aff,leiden,hash_aff,frequent_triples,volume_1,0.607,0.6013,0.6124
hash,leiden,aff,leiden,hash_aff,frequent_triples,volume_2,0.8382,0.8238,0.8533
hash,leiden,aff,leiden,hash_aff,frequent_triples,volume_3,0.8365,0.817,0.8569
hash,leiden,aff,leiden,hash_aff,frequent_triples,volume_5,0.8365,0.817,0.8569
hash,leiden,aff,leiden,hash_aff,frequent_triples,volume_full,0.8365,0.817,0.8569
hash,leiden,aff_r2,leiden,hash_aff,train,fanout,-1.3345,-1.3568,-1.3098
hash,leiden,aff_r2,leiden,hash_aff,train,single_shard_share,0.2732,0.2641,0.2819
hash,leiden,aff_r2,leiden,hash_aff,train,overlap_1,0.2946,0.2884,0.3006
hash,leiden,aff_r2,leiden,hash_aff,train,overlap_2,0.0439,0.0415,0.0467
hash,leiden,aff_r2,leiden,hash_aff,train,overlap_3,0.0047,0.0039,0.0055
hash,leiden,aff_r2,leiden,hash_aff,train,overlap_5,0.0,0.0,0.0001
hash,leiden,aff_r2,leiden,hash_aff,train,overlap_full,0.0,0.0,0.0
hash,leiden,aff_r2,leiden,hash_aff,train,volume_1,0.692,0.6872,0.6969
hash,leiden,aff_r2,leiden,hash_aff,train,volume_2,1.1205,1.1116,1.1294
hash,leiden,aff_r2,leiden,hash_aff,train,volume_3,1.2328,1.2198,1.2444
hash,leiden,aff_r2,leiden,hash_aff,train,volume_5,1.2212,1.2084,1.2339
hash,leiden,aff_r2,leiden,hash_aff,train,volume_full,1.2153,1.2025,1.2279
hash,leiden,aff_r2,leiden,hash_aff,holdout,fanout,-1.2391,-1.2669,-1.2089
hash,leiden,aff_r2,leiden,hash_aff,holdout,single_shard_share,0.2465,0.2356,0.2578
hash,leiden,aff_r2,leiden,hash_aff,holdout,overlap_1,0.2918,0.2842,0.2994
hash,leiden,aff_r2,leiden,hash_aff,holdout,overlap_2,0.0419,0.0389,0.0451
hash,leiden,aff_r2,leiden,hash_aff,holdout,overlap_3,0.0039,0.0031,0.0049
hash,leiden,aff_r2,leiden,hash_aff,holdout,overlap_5,0.0003,0.0,0.0007
hash,leiden,aff_r2,leiden,hash_aff,holdout,overlap_full,0.0,0.0,0.0
hash,leiden,aff_r2,leiden,hash_aff,holdout,volume_1,0.6926,0.6859,0.6991
hash,leiden,aff_r2,leiden,hash_aff,holdout,volume_2,1.139,1.1276,1.15
hash,leiden,aff_r2,leiden,hash_aff,holdout,volume_3,1.2695,1.2552,1.2847
hash,leiden,aff_r2,leiden,hash_aff,holdout,volume_5,1.268,1.2527,1.284
hash,leiden,aff_r2,leiden,hash_aff,holdout,volume_full,1.2624,1.2471,1.2783
hash,leiden,aff_r2,leiden,hash_aff,ood,fanout,-1.6849,-1.7074,-1.6642
hash,leiden,aff_r2,leiden,hash_aff,ood,single_shard_share,0.0531,0.0487,0.0574
hash,leiden,aff_r2,leiden,hash_aff,ood,overlap_1,0.444,0.4378,0.4505
hash,leiden,aff_r2,leiden,hash_aff,ood,overlap_2,0.17,0.1654,0.1746
hash,leiden,aff_r2,leiden,hash_aff,ood,overlap_3,0.038,0.0358,0.0403
hash,leiden,aff_r2,leiden,hash_aff,ood,overlap_5,0.0011,0.0008,0.0014
hash,leiden,aff_r2,leiden,hash_aff,ood,overlap_full,0.0,0.0,0.0
hash,leiden,aff_r2,leiden,hash_aff,ood,volume_1,0.628,0.6237,0.6324
hash,leiden,aff_r2,leiden,hash_aff,ood,volume_2,1.2236,1.2161,1.2306
hash,leiden,aff_r2,leiden,hash_aff,ood,volume_3,1.6716,1.6613,1.6823
hash,leiden,aff_r2,leiden,hash_aff,ood,volume_5,1.8123,1.7984,1.8261
hash,leiden,aff_r2,leiden,hash_aff,ood,volume_full,1.7966,1.783,1.8106
hash,leiden,aff_r2,leiden,hash_aff,connected_pairs,fanout,-0.998,-0.9995,-0.996
hash,leiden,aff_r2,leiden,hash_aff,connected_pairs,single_shard_share,0.998,0.996,0.9995
hash,leiden,aff_r2,leiden,hash_aff,connected_pairs,overlap_1,0.142,0.1325,0.1512
hash,leiden,aff_r2,leiden,hash_aff,connected_pairs,overlap_2,0.0,0.0,0.0
hash,leiden,aff_r2,leiden,hash_aff,connected_pairs,overlap_3,0.0,0.0,0.0
hash,leiden,aff_r2,leiden,hash_aff,connected_pairs,overlap_5,0.0,0.0,0.0
hash,leiden,aff_r2,leiden,hash_aff,connected_pairs,overlap_full,0.0,0.0,0.0
hash,leiden,aff_r2,leiden,hash_aff,connected_pairs,volume_1,0.5551,0.5412,0.5712
hash,leiden,aff_r2,leiden,hash_aff,connected_pairs,volume_2,0.4907,0.4767,0.507
hash,leiden,aff_r2,leiden,hash_aff,connected_pairs,volume_3,0.4907,0.4767,0.507
hash,leiden,aff_r2,leiden,hash_aff,connected_pairs,volume_5,0.4907,0.4767,0.507
hash,leiden,aff_r2,leiden,hash_aff,connected_pairs,volume_full,0.4907,0.4767,0.507
hash,leiden,aff_r2,leiden,hash_aff,connected_triples,fanout,-1.9195,-1.93,-1.907
hash,leiden,aff_r2,leiden,hash_aff,connected_triples,single_shard_share,0.924,0.9125,0.9345
hash,leiden,aff_r2,leiden,hash_aff,connected_triples,overlap_1,0.152,0.1417,0.1622
hash,leiden,aff_r2,leiden,hash_aff,connected_triples,overlap_2,0.0022,0.0012,0.0034
hash,leiden,aff_r2,leiden,hash_aff,connected_triples,overlap_3,0.0,0.0,0.0
hash,leiden,aff_r2,leiden,hash_aff,connected_triples,overlap_5,0.0,0.0,0.0
hash,leiden,aff_r2,leiden,hash_aff,connected_triples,overlap_full,0.0,0.0,0.0
hash,leiden,aff_r2,leiden,hash_aff,connected_triples,volume_1,0.7377,0.7305,0.7449
hash,leiden,aff_r2,leiden,hash_aff,connected_triples,volume_2,0.7416,0.7301,0.754
hash,leiden,aff_r2,leiden,hash_aff,connected_triples,volume_3,0.6666,0.6552,0.6793
hash,leiden,aff_r2,leiden,hash_aff,connected_triples,volume_5,0.6666,0.6552,0.6793
hash,leiden,aff_r2,leiden,hash_aff,connected_triples,volume_full,0.6666,0.6552,0.6793
hash,leiden,aff_r2,leiden,hash_aff,frequent_pairs,fanout,-0.9155,-0.927,-0.9025
hash,leiden,aff_r2,leiden,hash_aff,frequent_pairs,single_shard_share,0.9155,0.9025,0.927
hash,leiden,aff_r2,leiden,hash_aff,frequent_pairs,overlap_1,0.0004,0.0,0.001
hash,leiden,aff_r2,leiden,hash_aff,frequent_pairs,overlap_2,0.0,0.0,0.0
hash,leiden,aff_r2,leiden,hash_aff,frequent_pairs,overlap_3,0.0,0.0,0.0
hash,leiden,aff_r2,leiden,hash_aff,frequent_pairs,overlap_5,0.0,0.0,0.0
hash,leiden,aff_r2,leiden,hash_aff,frequent_pairs,overlap_full,0.0,0.0,0.0
hash,leiden,aff_r2,leiden,hash_aff,frequent_pairs,volume_1,0.7977,0.7927,0.8027
hash,leiden,aff_r2,leiden,hash_aff,frequent_pairs,volume_2,0.7923,0.7805,0.8045
hash,leiden,aff_r2,leiden,hash_aff,frequent_pairs,volume_3,0.7923,0.7805,0.8045
hash,leiden,aff_r2,leiden,hash_aff,frequent_pairs,volume_5,0.7923,0.7805,0.8045
hash,leiden,aff_r2,leiden,hash_aff,frequent_pairs,volume_full,0.7923,0.7805,0.8045
hash,leiden,aff_r2,leiden,hash_aff,frequent_triples,fanout,-1.784,-1.802,-1.7645
hash,leiden,aff_r2,leiden,hash_aff,frequent_triples,single_shard_share,0.804,0.787,0.8215
hash,leiden,aff_r2,leiden,hash_aff,frequent_triples,overlap_1,0.0302,0.0258,0.0346
hash,leiden,aff_r2,leiden,hash_aff,frequent_triples,overlap_2,0.0,0.0,0.0
hash,leiden,aff_r2,leiden,hash_aff,frequent_triples,overlap_3,0.0,0.0,0.0
hash,leiden,aff_r2,leiden,hash_aff,frequent_triples,overlap_5,0.0,0.0,0.0
hash,leiden,aff_r2,leiden,hash_aff,frequent_triples,overlap_full,0.0,0.0,0.0
hash,leiden,aff_r2,leiden,hash_aff,frequent_triples,volume_1,0.7857,0.78,0.7916
hash,leiden,aff_r2,leiden,hash_aff,frequent_triples,volume_2,0.8866,0.8701,0.9035
hash,leiden,aff_r2,leiden,hash_aff,frequent_triples,volume_3,0.8155,0.7975,0.834
hash,leiden,aff_r2,leiden,hash_aff,frequent_triples,volume_5,0.8155,0.7975,0.834
hash,leiden,aff_r2,leiden,hash_aff,frequent_triples,volume_full,0.8155,0.7975,0.834
hash,leiden,aff_r3,leiden,hash_aff,train,fanout,-1.4582,-1.4814,-1.434
hash,leiden,aff_r3,leiden,hash_aff,train,single_shard_share,0.3257,0.3164,0.3349
hash,leiden,aff_r3,leiden,hash_aff,train,overlap_1,0.3042,0.298,0.3101
hash,leiden,aff_r3,leiden,hash_aff,train,overlap_2,0.0445,0.042,0.0472
hash,leiden,aff_r3,leiden,hash_aff,train,overlap_3,0.0047,0.0039,0.0055
hash,leiden,aff_r3,leiden,hash_aff,train,overlap_5,0.0,0.0,0.0001
hash,leiden,aff_r3,leiden,hash_aff,train,overlap_full,0.0,0.0,0.0
hash,leiden,aff_r3,leiden,hash_aff,train,volume_1,0.7579,0.7532,0.7627
hash,leiden,aff_r3,leiden,hash_aff,train,volume_2,1.1762,1.1668,1.1862
hash,leiden,aff_r3,leiden,hash_aff,train,volume_3,1.2566,1.2445,1.2685
hash,leiden,aff_r3,leiden,hash_aff,train,volume_5,1.2306,1.2183,1.2428
hash,leiden,aff_r3,leiden,hash_aff,train,volume_full,1.2244,1.2122,1.2367
hash,leiden,aff_r3,leiden,hash_aff,holdout,fanout,-1.3703,-1.4,-1.3401
hash,leiden,aff_r3,leiden,hash_aff,holdout,single_shard_share,0.299,0.2875,0.3109
hash,leiden,aff_r3,leiden,hash_aff,holdout,overlap_1,0.3019,0.2944,0.3091
hash,leiden,aff_r3,leiden,hash_aff,holdout,overlap_2,0.0423,0.0392,0.0455
hash,leiden,aff_r3,leiden,hash_aff,holdout,overlap_3,0.0039,0.003,0.0049
hash,leiden,aff_r3,leiden,hash_aff,holdout,overlap_5,0.0003,0.0,0.0007
hash,leiden,aff_r3,leiden,hash_aff,holdout,overlap_full,0.0,0.0,0.0
hash,leiden,aff_r3,leiden,hash_aff,holdout,volume_1,0.759,0.7526,0.7651
hash,leiden,aff_r3,leiden,hash_aff,holdout,volume_2,1.1965,1.1853,1.2088
hash,leiden,aff_r3,leiden,hash_aff,holdout,volume_3,1.2938,1.2784,1.3084
hash,leiden,aff_r3,leiden,hash_aff,holdout,volume_5,1.2753,1.2605,1.2905
hash,leiden,aff_r3,leiden,hash_aff,holdout,volume_full,1.2692,1.2543,1.2842
hash,leiden,aff_r3,leiden,hash_aff,ood,fanout,-1.9422,-1.9656,-1.9198
hash,leiden,aff_r3,leiden,hash_aff,ood,single_shard_share,0.0762,0.0712,0.0815
hash,leiden,aff_r3,leiden,hash_aff,ood,overlap_1,0.466,0.4598,0.4723
hash,leiden,aff_r3,leiden,hash_aff,ood,overlap_2,0.1733,0.1687,0.1779
hash,leiden,aff_r3,leiden,hash_aff,ood,overlap_3,0.0381,0.0359,0.0405
hash,leiden,aff_r3,leiden,hash_aff,ood,overlap_5,0.0011,0.0008,0.0014
hash,leiden,aff_r3,leiden,hash_aff,ood,overlap_full,0.0,0.0,0.0
hash,leiden,aff_r3,leiden,hash_aff,ood,volume_1,0.7193,0.7152,0.7237
hash,leiden,aff_r3,leiden,hash_aff,ood,volume_2,1.356,1.3482,1.3631
hash,leiden,aff_r3,leiden,hash_aff,ood,volume_3,1.7407,1.7299,1.7521
hash,leiden,aff_r3,leiden,hash_aff,ood,volume_5,1.8006,1.7869,1.8149
hash,leiden,aff_r3,leiden,hash_aff,ood,volume_full,1.7808,1.7678,1.7945
hash,leiden,aff_r3,leiden,hash_aff,connected_pairs,fanout,-0.998,-0.9995,-0.996
hash,leiden,aff_r3,leiden,hash_aff,connected_pairs,single_shard_share,0.998,0.996,0.9995
hash,leiden,aff_r3,leiden,hash_aff,connected_pairs,overlap_1,0.142,0.1325,0.1512
hash,leiden,aff_r3,leiden,hash_aff,connected_pairs,overlap_2,0.0,0.0,0.0
hash,leiden,aff_r3,leiden,hash_aff,connected_pairs,overlap_3,0.0,0.0,0.0
hash,leiden,aff_r3,leiden,hash_aff,connected_pairs,overlap_5,0.0,0.0,0.0
hash,leiden,aff_r3,leiden,hash_aff,connected_pairs,overlap_full,0.0,0.0,0.0
hash,leiden,aff_r3,leiden,hash_aff,connected_pairs,volume_1,0.6171,0.6024,0.6343
hash,leiden,aff_r3,leiden,hash_aff,connected_pairs,volume_2,0.5527,0.538,0.5698
hash,leiden,aff_r3,leiden,hash_aff,connected_pairs,volume_3,0.5527,0.538,0.5698
hash,leiden,aff_r3,leiden,hash_aff,connected_pairs,volume_5,0.5527,0.538,0.5698
hash,leiden,aff_r3,leiden,hash_aff,connected_pairs,volume_full,0.5527,0.538,0.5698
hash,leiden,aff_r3,leiden,hash_aff,connected_triples,fanout,-1.9675,-1.975,-1.9595
hash,leiden,aff_r3,leiden,hash_aff,connected_triples,single_shard_share,0.972,0.9645,0.9785
hash,leiden,aff_r3,leiden,hash_aff,connected_triples,overlap_1,0.152,0.1417,0.1622
hash,leiden,aff_r3,leiden,hash_aff,connected_triples,overlap_2,0.0022,0.0012,0.0034
hash,leiden,aff_r3,leiden,hash_aff,connected_triples,overlap_3,0.0,0.0,0.0
hash,leiden,aff_r3,leiden,hash_aff,connected_triples,overlap_5,0.0,0.0,0.0
hash,leiden,aff_r3,leiden,hash_aff,connected_triples,overlap_full,0.0,0.0,0.0
hash,leiden,aff_r3,leiden,hash_aff,connected_triples,volume_1,0.8116,0.8055,0.8178
hash,leiden,aff_r3,leiden,hash_aff,connected_triples,volume_2,0.7724,0.7644,0.7815
hash,leiden,aff_r3,leiden,hash_aff,connected_triples,volume_3,0.6974,0.6894,0.7066
hash,leiden,aff_r3,leiden,hash_aff,connected_triples,volume_5,0.6974,0.6894,0.7066
hash,leiden,aff_r3,leiden,hash_aff,connected_triples,volume_full,0.6974,0.6894,0.7066
hash,leiden,aff_r3,leiden,hash_aff,frequent_pairs,fanout,-0.975,-0.9815,-0.968
hash,leiden,aff_r3,leiden,hash_aff,frequent_pairs,single_shard_share,0.975,0.968,0.9815
hash,leiden,aff_r3,leiden,hash_aff,frequent_pairs,overlap_1,0.0004,0.0,0.001
hash,leiden,aff_r3,leiden,hash_aff,frequent_pairs,overlap_2,0.0,0.0,0.0
hash,leiden,aff_r3,leiden,hash_aff,frequent_pairs,overlap_3,0.0,0.0,0.0
hash,leiden,aff_r3,leiden,hash_aff,frequent_pairs,overlap_5,0.0,0.0,0.0
hash,leiden,aff_r3,leiden,hash_aff,frequent_pairs,overlap_full,0.0,0.0,0.0
hash,leiden,aff_r3,leiden,hash_aff,frequent_pairs,volume_1,0.8587,0.8551,0.8621
hash,leiden,aff_r3,leiden,hash_aff,frequent_pairs,volume_2,0.7998,0.7929,0.8071
hash,leiden,aff_r3,leiden,hash_aff,frequent_pairs,volume_3,0.7998,0.7929,0.8071
hash,leiden,aff_r3,leiden,hash_aff,frequent_pairs,volume_5,0.7998,0.7929,0.8071
hash,leiden,aff_r3,leiden,hash_aff,frequent_pairs,volume_full,0.7998,0.7929,0.8071
hash,leiden,aff_r3,leiden,hash_aff,frequent_triples,fanout,-1.9065,-1.9195,-1.8935
hash,leiden,aff_r3,leiden,hash_aff,frequent_triples,single_shard_share,0.9125,0.9,0.925
hash,leiden,aff_r3,leiden,hash_aff,frequent_triples,overlap_1,0.0302,0.0258,0.0346
hash,leiden,aff_r3,leiden,hash_aff,frequent_triples,overlap_2,0.0,0.0,0.0
hash,leiden,aff_r3,leiden,hash_aff,frequent_triples,overlap_3,0.0,0.0,0.0
hash,leiden,aff_r3,leiden,hash_aff,frequent_triples,overlap_5,0.0,0.0,0.0
hash,leiden,aff_r3,leiden,hash_aff,frequent_triples,overlap_full,0.0,0.0,0.0
hash,leiden,aff_r3,leiden,hash_aff,frequent_triples,volume_1,0.8508,0.8467,0.8548
hash,leiden,aff_r3,leiden,hash_aff,frequent_triples,volume_2,0.8589,0.8465,0.8715
hash,leiden,aff_r3,leiden,hash_aff,frequent_triples,volume_3,0.7752,0.7625,0.7877
hash,leiden,aff_r3,leiden,hash_aff,frequent_triples,volume_5,0.7752,0.7625,0.7877
hash,leiden,aff_r3,leiden,hash_aff,frequent_triples,volume_full,0.7752,0.7625,0.7877
hash,leiden,bal,leiden,hash_bal,train,fanout,-0.4288,-0.4425,-0.4141
hash,leiden,bal,leiden,hash_bal,train,single_shard_share,0.0343,0.0308,0.0378
hash,leiden,bal,leiden,hash_bal,train,overlap_1,0.1005,0.095,0.1053
hash,leiden,bal,leiden,hash_bal,train,overlap_2,0.0187,0.017,0.0205
hash,leiden,bal,leiden,hash_bal,train,overlap_3,0.002,0.0015,0.0025
hash,leiden,bal,leiden,hash_bal,train,overlap_5,0.0,0.0,0.0001
hash,leiden,bal,leiden,hash_bal,train,overlap_full,0.0,0.0,0.0
hash,leiden,bal,leiden,hash_bal,train,volume_1,-0.0301,-0.0309,-0.0293
hash,leiden,bal,leiden,hash_bal,train,volume_2,-0.0684,-0.0696,-0.0673
hash,leiden,bal,leiden,hash_bal,train,volume_3,-0.1208,-0.1227,-0.1189
hash,leiden,bal,leiden,hash_bal,train,volume_5,-0.1763,-0.1787,-0.1734
hash,leiden,bal,leiden,hash_bal,train,volume_full,-0.1859,-0.1886,-0.1825
hash,leiden,bal,leiden,hash_bal,holdout,fanout,-0.3089,-0.325,-0.2937
hash,leiden,bal,leiden,hash_bal,holdout,single_shard_share,0.0271,0.023,0.0313
hash,leiden,bal,leiden,hash_bal,holdout,overlap_1,0.083,0.0771,0.0889
hash,leiden,bal,leiden,hash_bal,holdout,overlap_2,0.0129,0.0107,0.0151
hash,leiden,bal,leiden,hash_bal,holdout,overlap_3,0.0009,0.0003,0.0014
hash,leiden,bal,leiden,hash_bal,holdout,overlap_5,0.0,-0.0,0.0002
hash,leiden,bal,leiden,hash_bal,holdout,overlap_full,0.0,0.0,0.0
hash,leiden,bal,leiden,hash_bal,holdout,volume_1,-0.0297,-0.0306,-0.0288
hash,leiden,bal,leiden,hash_bal,holdout,volume_2,-0.0671,-0.0686,-0.0656
hash,leiden,bal,leiden,hash_bal,holdout,volume_3,-0.1126,-0.115,-0.1104
hash,leiden,bal,leiden,hash_bal,holdout,volume_5,-0.1591,-0.1623,-0.156
hash,leiden,bal,leiden,hash_bal,holdout,volume_full,-0.1676,-0.1711,-0.1641
hash,leiden,bal,leiden,hash_bal,ood,fanout,-0.3665,-0.3794,-0.3538
hash,leiden,bal,leiden,hash_bal,ood,single_shard_share,0.0026,0.0017,0.0037
hash,leiden,bal,leiden,hash_bal,ood,overlap_1,0.1087,0.1035,0.1141
hash,leiden,bal,leiden,hash_bal,ood,overlap_2,0.0377,0.0343,0.0406
hash,leiden,bal,leiden,hash_bal,ood,overlap_3,0.0081,0.0067,0.0094
hash,leiden,bal,leiden,hash_bal,ood,overlap_5,0.0001,-0.0,0.0003
hash,leiden,bal,leiden,hash_bal,ood,overlap_full,0.0,0.0,0.0
hash,leiden,bal,leiden,hash_bal,ood,volume_1,-0.0299,-0.0307,-0.0292
hash,leiden,bal,leiden,hash_bal,ood,volume_2,-0.063,-0.0641,-0.062
hash,leiden,bal,leiden,hash_bal,ood,volume_3,-0.1044,-0.1058,-0.1029
hash,leiden,bal,leiden,hash_bal,ood,volume_5,-0.2008,-0.2033,-0.1985
hash,leiden,bal,leiden,hash_bal,ood,volume_full,-0.2279,-0.2308,-0.2252
hash,leiden,bal,leiden,hash_bal,connected_pairs,fanout,-0.98,-0.9855,-0.9735
hash,leiden,bal,leiden,hash_bal,connected_pairs,single_shard_share,0.98,0.9735,0.9855
hash,leiden,bal,leiden,hash_bal,connected_pairs,overlap_1,0.1268,0.1181,0.1347
hash,leiden,bal,leiden,hash_bal,connected_pairs,overlap_2,0.0,0.0,0.0
hash,leiden,bal,leiden,hash_bal,connected_pairs,overlap_3,0.0,0.0,0.0
hash,leiden,bal,leiden,hash_bal,connected_pairs,overlap_5,0.0,0.0,0.0
hash,leiden,bal,leiden,hash_bal,connected_pairs,overlap_full,0.0,0.0,0.0
hash,leiden,bal,leiden,hash_bal,connected_pairs,volume_1,-0.0298,-0.0316,-0.028
hash,leiden,bal,leiden,hash_bal,connected_pairs,volume_2,-0.2083,-0.2109,-0.2056
hash,leiden,bal,leiden,hash_bal,connected_pairs,volume_3,-0.2083,-0.2109,-0.2056
hash,leiden,bal,leiden,hash_bal,connected_pairs,volume_5,-0.2083,-0.2109,-0.2056
hash,leiden,bal,leiden,hash_bal,connected_pairs,volume_full,-0.2083,-0.2109,-0.2056
hash,leiden,bal,leiden,hash_bal,connected_triples,fanout,-1.383,-1.4095,-1.354
hash,leiden,bal,leiden,hash_bal,connected_triples,single_shard_share,0.493,0.47,0.513
hash,leiden,bal,leiden,hash_bal,connected_triples,overlap_1,0.1284,0.1195,0.1378
hash,leiden,bal,leiden,hash_bal,connected_triples,overlap_2,0.0016,0.0008,0.0025
hash,leiden,bal,leiden,hash_bal,connected_triples,overlap_3,0.0,0.0,0.0
hash,leiden,bal,leiden,hash_bal,connected_triples,overlap_5,0.0,0.0,0.0
hash,leiden,bal,leiden,hash_bal,connected_triples,overlap_full,0.0,0.0,0.0
hash,leiden,bal,leiden,hash_bal,connected_triples,volume_1,-0.0294,-0.0311,-0.0279
hash,leiden,bal,leiden,hash_bal,connected_triples,volume_2,-0.1361,-0.1399,-0.132
hash,leiden,bal,leiden,hash_bal,connected_triples,volume_3,-0.3093,-0.3145,-0.3042
hash,leiden,bal,leiden,hash_bal,connected_triples,volume_5,-0.3093,-0.3145,-0.3042
hash,leiden,bal,leiden,hash_bal,connected_triples,volume_full,-0.3093,-0.3145,-0.3042
hash,leiden,bal,leiden,hash_bal,frequent_pairs,fanout,-0.273,-0.2925,-0.253
hash,leiden,bal,leiden,hash_bal,frequent_pairs,single_shard_share,0.273,0.253,0.2925
hash,leiden,bal,leiden,hash_bal,frequent_pairs,overlap_1,0.0001,0.0,0.0003
hash,leiden,bal,leiden,hash_bal,frequent_pairs,overlap_2,0.0,0.0,0.0
hash,leiden,bal,leiden,hash_bal,frequent_pairs,overlap_3,0.0,0.0,0.0
hash,leiden,bal,leiden,hash_bal,frequent_pairs,overlap_5,0.0,0.0,0.0
hash,leiden,bal,leiden,hash_bal,frequent_pairs,overlap_full,0.0,0.0,0.0
hash,leiden,bal,leiden,hash_bal,frequent_pairs,volume_1,-0.0343,-0.0359,-0.0326
hash,leiden,bal,leiden,hash_bal,frequent_pairs,volume_2,-0.1192,-0.1231,-0.1157
hash,leiden,bal,leiden,hash_bal,frequent_pairs,volume_3,-0.1192,-0.1231,-0.1157
hash,leiden,bal,leiden,hash_bal,frequent_pairs,volume_5,-0.1192,-0.1231,-0.1157
hash,leiden,bal,leiden,hash_bal,frequent_pairs,volume_full,-0.1192,-0.1231,-0.1157
hash,leiden,bal,leiden,hash_bal,frequent_triples,fanout,-0.547,-0.576,-0.5175
hash,leiden,bal,leiden,hash_bal,frequent_triples,single_shard_share,0.1105,0.0975,0.1245
hash,leiden,bal,leiden,hash_bal,frequent_triples,overlap_1,0.0131,0.0101,0.0162
hash,leiden,bal,leiden,hash_bal,frequent_triples,overlap_2,0.0,0.0,0.0
hash,leiden,bal,leiden,hash_bal,frequent_triples,overlap_3,0.0,0.0,0.0
hash,leiden,bal,leiden,hash_bal,frequent_triples,overlap_5,0.0,0.0,0.0
hash,leiden,bal,leiden,hash_bal,frequent_triples,overlap_full,0.0,0.0,0.0
hash,leiden,bal,leiden,hash_bal,frequent_triples,volume_1,-0.0328,-0.0344,-0.0313
hash,leiden,bal,leiden,hash_bal,frequent_triples,volume_2,-0.0889,-0.0918,-0.0858
hash,leiden,bal,leiden,hash_bal,frequent_triples,volume_3,-0.2016,-0.2065,-0.1964
hash,leiden,bal,leiden,hash_bal,frequent_triples,volume_5,-0.2016,-0.2065,-0.1964
hash,leiden,bal,leiden,hash_bal,frequent_triples,volume_full,-0.2016,-0.2065,-0.1964
strategy,leiden,aff,leiden,base,train,fanout,-0.2712,-0.281,-0.2616
strategy,leiden,aff,leiden,base,train,single_shard_share,0.0827,0.0769,0.0877
strategy,leiden,aff,leiden,base,train,overlap_1,0.1092,0.1046,0.1136
strategy,leiden,aff,leiden,base,train,overlap_2,0.0116,0.0103,0.013
strategy,leiden,aff,leiden,base,train,overlap_3,0.001,0.0006,0.0014
strategy,leiden,aff,leiden,base,train,overlap_5,0.0,0.0,0.0
strategy,leiden,aff,leiden,base,train,overlap_full,0.0,0.0,0.0
strategy,leiden,aff,leiden,base,train,volume_1,0.2239,0.2193,0.2295
strategy,leiden,aff,leiden,base,train,volume_2,0.3488,0.3429,0.3554
strategy,leiden,aff,leiden,base,train,volume_3,0.3993,0.3924,0.4066
strategy,leiden,aff,leiden,base,train,volume_5,0.4064,0.399,0.4135
strategy,leiden,aff,leiden,base,train,volume_full,0.4048,0.3974,0.412
strategy,leiden,aff,leiden,base,holdout,fanout,-0.3036,-0.3175,-0.2899
strategy,leiden,aff,leiden,base,holdout,single_shard_share,0.0886,0.0812,0.0957
strategy,leiden,aff,leiden,base,holdout,overlap_1,0.124,0.1178,0.1301
strategy,leiden,aff,leiden,base,holdout,overlap_2,0.0141,0.0122,0.0161
strategy,leiden,aff,leiden,base,holdout,overlap_3,0.0006,0.0004,0.001
strategy,leiden,aff,leiden,base,holdout,overlap_5,0.0,0.0,0.0
strategy,leiden,aff,leiden,base,holdout,overlap_full,0.0,0.0,0.0
strategy,leiden,aff,leiden,base,holdout,volume_1,0.2447,0.2381,0.2512
strategy,leiden,aff,leiden,base,holdout,volume_2,0.3714,0.3633,0.3797
strategy,leiden,aff,leiden,base,holdout,volume_3,0.4183,0.4094,0.4274
strategy,leiden,aff,leiden,base,holdout,volume_5,0.4274,0.418,0.4367
strategy,leiden,aff,leiden,base,holdout,volume_full,0.4248,0.4156,0.4339
strategy,leiden,aff,leiden,base,ood,fanout,-0.3771,-0.389,-0.3657
strategy,leiden,aff,leiden,base,ood,single_shard_share,0.014,0.0118,0.0165
strategy,leiden,aff,leiden,base,ood,overlap_1,0.1429,0.138,0.1478
strategy,leiden,aff,leiden,base,ood,overlap_2,0.0558,0.053,0.0588
strategy,leiden,aff,leiden,base,ood,overlap_3,0.0116,0.0104,0.0128
strategy,leiden,aff,leiden,base,ood,overlap_5,0.0002,0.0001,0.0003
strategy,leiden,aff,leiden,base,ood,overlap_full,0.0,0.0,0.0
strategy,leiden,aff,leiden,base,ood,volume_1,0.189,0.1851,0.1933
strategy,leiden,aff,leiden,base,ood,volume_2,0.3999,0.3936,0.4064
strategy,leiden,aff,leiden,base,ood,volume_3,0.5214,0.514,0.529
strategy,leiden,aff,leiden,base,ood,volume_5,0.5225,0.5147,0.531
strategy,leiden,aff,leiden,base,ood,volume_full,0.5053,0.4973,0.5132
strategy,leiden,aff,leiden,base,connected_pairs,fanout,0.0,0.0,0.0
strategy,leiden,aff,leiden,base,connected_pairs,single_shard_share,0.0,0.0,0.0
strategy,leiden,aff,leiden,base,connected_pairs,overlap_1,0.0,0.0,0.0
strategy,leiden,aff,leiden,base,connected_pairs,overlap_2,0.0,0.0,0.0
strategy,leiden,aff,leiden,base,connected_pairs,overlap_3,0.0,0.0,0.0
strategy,leiden,aff,leiden,base,connected_pairs,overlap_5,0.0,0.0,0.0
strategy,leiden,aff,leiden,base,connected_pairs,overlap_full,0.0,0.0,0.0
strategy,leiden,aff,leiden,base,connected_pairs,volume_1,0.0618,0.06,0.0637
strategy,leiden,aff,leiden,base,connected_pairs,volume_2,0.0625,0.0607,0.0643
strategy,leiden,aff,leiden,base,connected_pairs,volume_3,0.0625,0.0607,0.0643
strategy,leiden,aff,leiden,base,connected_pairs,volume_5,0.0625,0.0607,0.0643
strategy,leiden,aff,leiden,base,connected_pairs,volume_full,0.0625,0.0607,0.0643
strategy,leiden,aff,leiden,base,connected_triples,fanout,0.0,0.0,0.0
strategy,leiden,aff,leiden,base,connected_triples,single_shard_share,0.0,0.0,0.0
strategy,leiden,aff,leiden,base,connected_triples,overlap_1,0.0002,0.0,0.0005
strategy,leiden,aff,leiden,base,connected_triples,overlap_2,0.0,0.0,0.0
strategy,leiden,aff,leiden,base,connected_triples,overlap_3,0.0,0.0,0.0
strategy,leiden,aff,leiden,base,connected_triples,overlap_5,0.0,0.0,0.0
strategy,leiden,aff,leiden,base,connected_triples,overlap_full,0.0,0.0,0.0
strategy,leiden,aff,leiden,base,connected_triples,volume_1,0.0781,0.0767,0.0795
strategy,leiden,aff,leiden,base,connected_triples,volume_2,0.096,0.0941,0.098
strategy,leiden,aff,leiden,base,connected_triples,volume_3,0.0982,0.0963,0.1005
strategy,leiden,aff,leiden,base,connected_triples,volume_5,0.0982,0.0963,0.1005
strategy,leiden,aff,leiden,base,connected_triples,volume_full,0.0982,0.0963,0.1005
strategy,leiden,aff,leiden,base,frequent_pairs,fanout,0.0,0.0,0.0
strategy,leiden,aff,leiden,base,frequent_pairs,single_shard_share,0.0,0.0,0.0
strategy,leiden,aff,leiden,base,frequent_pairs,overlap_1,0.0001,0.0,0.0002
strategy,leiden,aff,leiden,base,frequent_pairs,overlap_2,0.0,0.0,0.0
strategy,leiden,aff,leiden,base,frequent_pairs,overlap_3,0.0,0.0,0.0
strategy,leiden,aff,leiden,base,frequent_pairs,overlap_5,0.0,0.0,0.0
strategy,leiden,aff,leiden,base,frequent_pairs,overlap_full,0.0,0.0,0.0
strategy,leiden,aff,leiden,base,frequent_pairs,volume_1,0.0776,0.0763,0.079
strategy,leiden,aff,leiden,base,frequent_pairs,volume_2,0.1006,0.0985,0.1025
strategy,leiden,aff,leiden,base,frequent_pairs,volume_3,0.1006,0.0985,0.1025
strategy,leiden,aff,leiden,base,frequent_pairs,volume_5,0.1006,0.0985,0.1025
strategy,leiden,aff,leiden,base,frequent_pairs,volume_full,0.1006,0.0985,0.1025
strategy,leiden,aff,leiden,base,frequent_triples,fanout,0.0,0.0,0.0
strategy,leiden,aff,leiden,base,frequent_triples,single_shard_share,0.0,0.0,0.0
strategy,leiden,aff,leiden,base,frequent_triples,overlap_1,0.0004,0.0001,0.0007
strategy,leiden,aff,leiden,base,frequent_triples,overlap_2,0.0,0.0,0.0
strategy,leiden,aff,leiden,base,frequent_triples,overlap_3,0.0,0.0,0.0
strategy,leiden,aff,leiden,base,frequent_triples,overlap_5,0.0,0.0,0.0
strategy,leiden,aff,leiden,base,frequent_triples,overlap_full,0.0,0.0,0.0
strategy,leiden,aff,leiden,base,frequent_triples,volume_1,0.0773,0.0759,0.0787
strategy,leiden,aff,leiden,base,frequent_triples,volume_2,0.1104,0.1084,0.1124
strategy,leiden,aff,leiden,base,frequent_triples,volume_3,0.1205,0.1179,0.1231
strategy,leiden,aff,leiden,base,frequent_triples,volume_5,0.1205,0.1179,0.1231
strategy,leiden,aff,leiden,base,frequent_triples,volume_full,0.1205,0.1179,0.1231
strategy,leiden,aff_r2,leiden,base_r2,train,fanout,-0.284,-0.2939,-0.2738
strategy,leiden,aff_r2,leiden,base_r2,train,single_shard_share,0.1074,0.1011,0.1136
strategy,leiden,aff_r2,leiden,base_r2,train,overlap_1,0.0989,0.0945,0.1034
strategy,leiden,aff_r2,leiden,base_r2,train,overlap_2,0.008,0.0069,0.0091
strategy,leiden,aff_r2,leiden,base_r2,train,overlap_3,0.0006,0.0003,0.0009
strategy,leiden,aff_r2,leiden,base_r2,train,overlap_5,0.0,0.0,0.0
strategy,leiden,aff_r2,leiden,base_r2,train,overlap_full,0.0,0.0,0.0
strategy,leiden,aff_r2,leiden,base_r2,train,volume_1,0.2122,0.2063,0.2191
strategy,leiden,aff_r2,leiden,base_r2,train,volume_2,0.3506,0.3423,0.3587
strategy,leiden,aff_r2,leiden,base_r2,train,volume_3,0.3856,0.3763,0.3947
strategy,leiden,aff_r2,leiden,base_r2,train,volume_5,0.3814,0.3719,0.3908
strategy,leiden,aff_r2,leiden,base_r2,train,volume_full,0.3806,0.3713,0.3899
strategy,leiden,aff_r2,leiden,base_r2,holdout,fanout,-0.3263,-0.3408,-0.3118
strategy,leiden,aff_r2,leiden,base_r2,holdout,single_shard_share,0.1162,0.1076,0.1245
strategy,leiden,aff_r2,leiden,base_r2,holdout,overlap_1,0.1125,0.1065,0.1183
strategy,leiden,aff_r2,leiden,base_r2,holdout,overlap_2,0.0098,0.0083,0.0116
strategy,leiden,aff_r2,leiden,base_r2,holdout,overlap_3,0.0001,0.0,0.0002
strategy,leiden,aff_r2,leiden,base_r2,holdout,overlap_5,0.0,0.0,0.0
strategy,leiden,aff_r2,leiden,base_r2,holdout,overlap_full,0.0,0.0,0.0
strategy,leiden,aff_r2,leiden,base_r2,holdout,volume_1,0.2362,0.2276,0.2449
strategy,leiden,aff_r2,leiden,base_r2,holdout,volume_2,0.3765,0.3654,0.3877
strategy,leiden,aff_r2,leiden,base_r2,holdout,volume_3,0.3976,0.3865,0.4084
strategy,leiden,aff_r2,leiden,base_r2,holdout,volume_5,0.3936,0.3823,0.4049
strategy,leiden,aff_r2,leiden,base_r2,holdout,volume_full,0.3911,0.3801,0.4023
strategy,leiden,aff_r2,leiden,base_r2,ood,fanout,-0.4029,-0.4152,-0.3917
strategy,leiden,aff_r2,leiden,base_r2,ood,single_shard_share,0.0226,0.0199,0.0257
strategy,leiden,aff_r2,leiden,base_r2,ood,overlap_1,0.1004,0.096,0.1052
strategy,leiden,aff_r2,leiden,base_r2,ood,overlap_2,0.0359,0.0335,0.0384
strategy,leiden,aff_r2,leiden,base_r2,ood,overlap_3,0.0069,0.0059,0.0079
strategy,leiden,aff_r2,leiden,base_r2,ood,overlap_5,0.0001,0.0,0.0002
strategy,leiden,aff_r2,leiden,base_r2,ood,overlap_full,0.0,0.0,0.0
strategy,leiden,aff_r2,leiden,base_r2,ood,volume_1,0.1371,0.1321,0.1422
strategy,leiden,aff_r2,leiden,base_r2,ood,volume_2,0.3949,0.387,0.4028
strategy,leiden,aff_r2,leiden,base_r2,ood,volume_3,0.4965,0.4875,0.5065
strategy,leiden,aff_r2,leiden,base_r2,ood,volume_5,0.429,0.4195,0.4395
strategy,leiden,aff_r2,leiden,base_r2,ood,volume_full,0.4143,0.4055,0.4245
strategy,leiden,aff_r2,leiden,base_r2,connected_pairs,fanout,0.0,0.0,0.0
strategy,leiden,aff_r2,leiden,base_r2,connected_pairs,single_shard_share,0.0,0.0,0.0
strategy,leiden,aff_r2,leiden,base_r2,connected_pairs,overlap_1,0.0,0.0,0.0
strategy,leiden,aff_r2,leiden,base_r2,connected_pairs,overlap_2,0.0,0.0,0.0
strategy,leiden,aff_r2,leiden,base_r2,connected_pairs,overlap_3,0.0,0.0,0.0
strategy,leiden,aff_r2,leiden,base_r2,connected_pairs,overlap_5,0.0,0.0,0.0
strategy,leiden,aff_r2,leiden,base_r2,connected_pairs,overlap_full,0.0,0.0,0.0
strategy,leiden,aff_r2,leiden,base_r2,connected_pairs,volume_1,0.0298,0.0287,0.0309
strategy,leiden,aff_r2,leiden,base_r2,connected_pairs,volume_2,0.0298,0.0287,0.0309
strategy,leiden,aff_r2,leiden,base_r2,connected_pairs,volume_3,0.0298,0.0287,0.0309
strategy,leiden,aff_r2,leiden,base_r2,connected_pairs,volume_5,0.0298,0.0287,0.0309
strategy,leiden,aff_r2,leiden,base_r2,connected_pairs,volume_full,0.0298,0.0287,0.0309
strategy,leiden,aff_r2,leiden,base_r2,connected_triples,fanout,0.0,0.0,0.0
strategy,leiden,aff_r2,leiden,base_r2,connected_triples,single_shard_share,0.0,0.0,0.0
strategy,leiden,aff_r2,leiden,base_r2,connected_triples,overlap_1,0.0,0.0,0.0
strategy,leiden,aff_r2,leiden,base_r2,connected_triples,overlap_2,0.0,0.0,0.0
strategy,leiden,aff_r2,leiden,base_r2,connected_triples,overlap_3,0.0,0.0,0.0
strategy,leiden,aff_r2,leiden,base_r2,connected_triples,overlap_5,0.0,0.0,0.0
strategy,leiden,aff_r2,leiden,base_r2,connected_triples,overlap_full,0.0,0.0,0.0
strategy,leiden,aff_r2,leiden,base_r2,connected_triples,volume_1,0.0338,0.0329,0.0348
strategy,leiden,aff_r2,leiden,base_r2,connected_triples,volume_2,0.0353,0.0343,0.0364
strategy,leiden,aff_r2,leiden,base_r2,connected_triples,volume_3,0.0353,0.0343,0.0364
strategy,leiden,aff_r2,leiden,base_r2,connected_triples,volume_5,0.0353,0.0343,0.0364
strategy,leiden,aff_r2,leiden,base_r2,connected_triples,volume_full,0.0353,0.0343,0.0364
strategy,leiden,aff_r2,leiden,base_r2,frequent_pairs,fanout,0.0,0.0,0.0
strategy,leiden,aff_r2,leiden,base_r2,frequent_pairs,single_shard_share,0.0,0.0,0.0
strategy,leiden,aff_r2,leiden,base_r2,frequent_pairs,overlap_1,0.0,0.0,0.0001
strategy,leiden,aff_r2,leiden,base_r2,frequent_pairs,overlap_2,0.0,0.0,0.0
strategy,leiden,aff_r2,leiden,base_r2,frequent_pairs,overlap_3,0.0,0.0,0.0
strategy,leiden,aff_r2,leiden,base_r2,frequent_pairs,overlap_5,0.0,0.0,0.0
strategy,leiden,aff_r2,leiden,base_r2,frequent_pairs,overlap_full,0.0,0.0,0.0
strategy,leiden,aff_r2,leiden,base_r2,frequent_pairs,volume_1,0.0283,0.0274,0.0292
strategy,leiden,aff_r2,leiden,base_r2,frequent_pairs,volume_2,0.0298,0.0288,0.0308
strategy,leiden,aff_r2,leiden,base_r2,frequent_pairs,volume_3,0.0298,0.0288,0.0308
strategy,leiden,aff_r2,leiden,base_r2,frequent_pairs,volume_5,0.0298,0.0288,0.0308
strategy,leiden,aff_r2,leiden,base_r2,frequent_pairs,volume_full,0.0298,0.0288,0.0308
strategy,leiden,aff_r2,leiden,base_r2,frequent_triples,fanout,0.0,0.0,0.0
strategy,leiden,aff_r2,leiden,base_r2,frequent_triples,single_shard_share,0.0,0.0,0.0
strategy,leiden,aff_r2,leiden,base_r2,frequent_triples,overlap_1,0.0,0.0,0.0
strategy,leiden,aff_r2,leiden,base_r2,frequent_triples,overlap_2,0.0,0.0,0.0
strategy,leiden,aff_r2,leiden,base_r2,frequent_triples,overlap_3,0.0,0.0,0.0
strategy,leiden,aff_r2,leiden,base_r2,frequent_triples,overlap_5,0.0,0.0,0.0
strategy,leiden,aff_r2,leiden,base_r2,frequent_triples,overlap_full,0.0,0.0,0.0
strategy,leiden,aff_r2,leiden,base_r2,frequent_triples,volume_1,0.0285,0.0275,0.0294
strategy,leiden,aff_r2,leiden,base_r2,frequent_triples,volume_2,0.033,0.0319,0.034
strategy,leiden,aff_r2,leiden,base_r2,frequent_triples,volume_3,0.0333,0.0322,0.0343
strategy,leiden,aff_r2,leiden,base_r2,frequent_triples,volume_5,0.0333,0.0322,0.0343
strategy,leiden,aff_r2,leiden,base_r2,frequent_triples,volume_full,0.0333,0.0322,0.0343
strategy,leiden,aff_r3,leiden,base_r3,train,fanout,-0.2948,-0.3043,-0.2849
strategy,leiden,aff_r3,leiden,base_r3,train,single_shard_share,0.1256,0.1189,0.1323
strategy,leiden,aff_r3,leiden,base_r3,train,overlap_1,0.0977,0.0931,0.1022
strategy,leiden,aff_r3,leiden,base_r3,train,overlap_2,0.0073,0.0062,0.0084
strategy,leiden,aff_r3,leiden,base_r3,train,overlap_3,0.0005,0.0002,0.0008
strategy,leiden,aff_r3,leiden,base_r3,train,overlap_5,0.0,0.0,0.0
strategy,leiden,aff_r3,leiden,base_r3,train,overlap_full,0.0,0.0,0.0
strategy,leiden,aff_r3,leiden,base_r3,train,volume_1,0.215,0.2084,0.2223
strategy,leiden,aff_r3,leiden,base_r3,train,volume_2,0.369,0.3601,0.3782
strategy,leiden,aff_r3,leiden,base_r3,train,volume_3,0.4013,0.3913,0.4109
strategy,leiden,aff_r3,leiden,base_r3,train,volume_5,0.3986,0.3883,0.4083
strategy,leiden,aff_r3,leiden,base_r3,train,volume_full,0.3981,0.3878,0.408
strategy,leiden,aff_r3,leiden,base_r3,holdout,fanout,-0.3327,-0.3467,-0.3177
strategy,leiden,aff_r3,leiden,base_r3,holdout,single_shard_share,0.1326,0.1236,0.1418
strategy,leiden,aff_r3,leiden,base_r3,holdout,overlap_1,0.1105,0.1041,0.1164
strategy,leiden,aff_r3,leiden,base_r3,holdout,overlap_2,0.009,0.0074,0.0106
strategy,leiden,aff_r3,leiden,base_r3,holdout,overlap_3,0.0001,0.0,0.0001
strategy,leiden,aff_r3,leiden,base_r3,holdout,overlap_5,0.0,0.0,0.0
strategy,leiden,aff_r3,leiden,base_r3,holdout,overlap_full,0.0,0.0,0.0
strategy,leiden,aff_r3,leiden,base_r3,holdout,volume_1,0.2402,0.2311,0.2491
strategy,leiden,aff_r3,leiden,base_r3,holdout,volume_2,0.3999,0.3881,0.4116
strategy,leiden,aff_r3,leiden,base_r3,holdout,volume_3,0.4226,0.4095,0.4356
strategy,leiden,aff_r3,leiden,base_r3,holdout,volume_5,0.416,0.4031,0.4292
strategy,leiden,aff_r3,leiden,base_r3,holdout,volume_full,0.4141,0.4012,0.427
strategy,leiden,aff_r3,leiden,base_r3,ood,fanout,-0.3967,-0.4088,-0.3851
strategy,leiden,aff_r3,leiden,base_r3,ood,single_shard_share,0.0299,0.0267,0.0335
strategy,leiden,aff_r3,leiden,base_r3,ood,overlap_1,0.0778,0.0735,0.0822
strategy,leiden,aff_r3,leiden,base_r3,ood,overlap_2,0.0264,0.0242,0.0287
strategy,leiden,aff_r3,leiden,base_r3,ood,overlap_3,0.005,0.0042,0.0058
strategy,leiden,aff_r3,leiden,base_r3,ood,overlap_5,0.0001,0.0,0.0001
strategy,leiden,aff_r3,leiden,base_r3,ood,overlap_full,0.0,0.0,0.0
strategy,leiden,aff_r3,leiden,base_r3,ood,volume_1,0.1004,0.0951,0.1057
strategy,leiden,aff_r3,leiden,base_r3,ood,volume_2,0.3962,0.3876,0.4055
strategy,leiden,aff_r3,leiden,base_r3,ood,volume_3,0.4908,0.4807,0.5018
strategy,leiden,aff_r3,leiden,base_r3,ood,volume_5,0.4284,0.4183,0.4403
strategy,leiden,aff_r3,leiden,base_r3,ood,volume_full,0.4182,0.4088,0.4295
strategy,leiden,aff_r3,leiden,base_r3,connected_pairs,fanout,0.0,0.0,0.0
strategy,leiden,aff_r3,leiden,base_r3,connected_pairs,single_shard_share,0.0,0.0,0.0
strategy,leiden,aff_r3,leiden,base_r3,connected_pairs,overlap_1,0.0,0.0,0.0
strategy,leiden,aff_r3,leiden,base_r3,connected_pairs,overlap_2,0.0,0.0,0.0
strategy,leiden,aff_r3,leiden,base_r3,connected_pairs,overlap_3,0.0,0.0,0.0
strategy,leiden,aff_r3,leiden,base_r3,connected_pairs,overlap_5,0.0,0.0,0.0
strategy,leiden,aff_r3,leiden,base_r3,connected_pairs,overlap_full,0.0,0.0,0.0
strategy,leiden,aff_r3,leiden,base_r3,connected_pairs,volume_1,0.0179,0.0171,0.0186
strategy,leiden,aff_r3,leiden,base_r3,connected_pairs,volume_2,0.0179,0.0171,0.0186
strategy,leiden,aff_r3,leiden,base_r3,connected_pairs,volume_3,0.0179,0.0171,0.0186
strategy,leiden,aff_r3,leiden,base_r3,connected_pairs,volume_5,0.0179,0.0171,0.0186
strategy,leiden,aff_r3,leiden,base_r3,connected_pairs,volume_full,0.0179,0.0171,0.0186
strategy,leiden,aff_r3,leiden,base_r3,connected_triples,fanout,0.0,0.0,0.0
strategy,leiden,aff_r3,leiden,base_r3,connected_triples,single_shard_share,0.0,0.0,0.0
strategy,leiden,aff_r3,leiden,base_r3,connected_triples,overlap_1,0.0,0.0,0.0
strategy,leiden,aff_r3,leiden,base_r3,connected_triples,overlap_2,0.0,0.0,0.0
strategy,leiden,aff_r3,leiden,base_r3,connected_triples,overlap_3,0.0,0.0,0.0
strategy,leiden,aff_r3,leiden,base_r3,connected_triples,overlap_5,0.0,0.0,0.0
strategy,leiden,aff_r3,leiden,base_r3,connected_triples,overlap_full,0.0,0.0,0.0
strategy,leiden,aff_r3,leiden,base_r3,connected_triples,volume_1,0.0184,0.0178,0.0191
strategy,leiden,aff_r3,leiden,base_r3,connected_triples,volume_2,0.0188,0.0182,0.0195
strategy,leiden,aff_r3,leiden,base_r3,connected_triples,volume_3,0.0188,0.0182,0.0195
strategy,leiden,aff_r3,leiden,base_r3,connected_triples,volume_5,0.0188,0.0182,0.0195
strategy,leiden,aff_r3,leiden,base_r3,connected_triples,volume_full,0.0188,0.0182,0.0195
strategy,leiden,aff_r3,leiden,base_r3,frequent_pairs,fanout,0.0,0.0,0.0
strategy,leiden,aff_r3,leiden,base_r3,frequent_pairs,single_shard_share,0.0,0.0,0.0
strategy,leiden,aff_r3,leiden,base_r3,frequent_pairs,overlap_1,0.0,0.0,0.0
strategy,leiden,aff_r3,leiden,base_r3,frequent_pairs,overlap_2,0.0,0.0,0.0
strategy,leiden,aff_r3,leiden,base_r3,frequent_pairs,overlap_3,0.0,0.0,0.0
strategy,leiden,aff_r3,leiden,base_r3,frequent_pairs,overlap_5,0.0,0.0,0.0
strategy,leiden,aff_r3,leiden,base_r3,frequent_pairs,overlap_full,0.0,0.0,0.0
strategy,leiden,aff_r3,leiden,base_r3,frequent_pairs,volume_1,0.0145,0.014,0.015
strategy,leiden,aff_r3,leiden,base_r3,frequent_pairs,volume_2,0.0147,0.0142,0.0153
strategy,leiden,aff_r3,leiden,base_r3,frequent_pairs,volume_3,0.0147,0.0142,0.0153
strategy,leiden,aff_r3,leiden,base_r3,frequent_pairs,volume_5,0.0147,0.0142,0.0153
strategy,leiden,aff_r3,leiden,base_r3,frequent_pairs,volume_full,0.0147,0.0142,0.0153
strategy,leiden,aff_r3,leiden,base_r3,frequent_triples,fanout,0.0,0.0,0.0
strategy,leiden,aff_r3,leiden,base_r3,frequent_triples,single_shard_share,0.0,0.0,0.0
strategy,leiden,aff_r3,leiden,base_r3,frequent_triples,overlap_1,0.0,0.0,0.0
strategy,leiden,aff_r3,leiden,base_r3,frequent_triples,overlap_2,0.0,0.0,0.0
strategy,leiden,aff_r3,leiden,base_r3,frequent_triples,overlap_3,0.0,0.0,0.0
strategy,leiden,aff_r3,leiden,base_r3,frequent_triples,overlap_5,0.0,0.0,0.0
strategy,leiden,aff_r3,leiden,base_r3,frequent_triples,overlap_full,0.0,0.0,0.0
strategy,leiden,aff_r3,leiden,base_r3,frequent_triples,volume_1,0.0147,0.0141,0.0153
strategy,leiden,aff_r3,leiden,base_r3,frequent_triples,volume_2,0.0158,0.0152,0.0164
strategy,leiden,aff_r3,leiden,base_r3,frequent_triples,volume_3,0.0158,0.0152,0.0164
strategy,leiden,aff_r3,leiden,base_r3,frequent_triples,volume_5,0.0158,0.0152,0.0164
strategy,leiden,aff_r3,leiden,base_r3,frequent_triples,volume_full,0.0158,0.0152,0.0164
strategy,leiden,base_r2,leiden,base,train,fanout,-0.2927,-0.3037,-0.2823
strategy,leiden,base_r2,leiden,base,train,single_shard_share,0.0689,0.064,0.074
strategy,leiden,base_r2,leiden,base,train,overlap_1,0.0375,0.0347,0.0401
strategy,leiden,base_r2,leiden,base,train,overlap_2,0.0055,0.0045,0.0065
strategy,leiden,base_r2,leiden,base,train,overlap_3,0.0005,0.0003,0.0008
strategy,leiden,base_r2,leiden,base,train,overlap_5,0.0,0.0,0.0
strategy,leiden,base_r2,leiden,base,train,overlap_full,0.0,0.0,0.0
strategy,leiden,base_r2,leiden,base,train,volume_1,0.172,0.1682,0.1756
strategy,leiden,base_r2,leiden,base,train,volume_2,0.2108,0.205,0.2169
strategy,leiden,base_r2,leiden,base,train,volume_3,0.1841,0.1774,0.1914
strategy,leiden,base_r2,leiden,base,train,volume_5,0.1548,0.1475,0.1629
strategy,leiden,base_r2,leiden,base,train,volume_full,0.1518,0.1444,0.1596
strategy,leiden,base_r2,leiden,base,holdout,fanout,-0.3017,-0.3156,-0.2874
strategy,leiden,base_r2,leiden,base,holdout,single_shard_share,0.0584,0.0524,0.0649
strategy,leiden,base_r2,leiden,base,holdout,overlap_1,0.0432,0.0397,0.0468
strategy,leiden,base_r2,leiden,base,holdout,overlap_2,0.0067,0.0054,0.008
strategy,leiden,base_r2,leiden,base,holdout,overlap_3,0.0006,0.0003,0.001
strategy,leiden,base_r2,leiden,base,holdout,overlap_5,0.0,0.0,0.0
strategy,leiden,base_r2,leiden,base,holdout,overlap_full,0.0,0.0,0.0
strategy,leiden,base_r2,leiden,base,holdout,volume_1,0.1708,0.1658,0.1761
strategy,leiden,base_r2,leiden,base,holdout,volume_2,0.2182,0.2108,0.2255
strategy,leiden,base_r2,leiden,base,holdout,volume_3,0.1998,0.1907,0.2088
strategy,leiden,base_r2,leiden,base,holdout,volume_5,0.1655,0.1557,0.1756
strategy,leiden,base_r2,leiden,base,holdout,volume_full,0.1623,0.1527,0.172
strategy,leiden,base_r2,leiden,base,ood,fanout,-0.502,-0.5145,-0.4882
strategy,leiden,base_r2,leiden,base,ood,single_shard_share,0.0206,0.0179,0.0232
strategy,leiden,base_r2,leiden,base,ood,overlap_1,0.1046,0.0999,0.1093
strategy,leiden,base_r2,leiden,base,ood,overlap_2,0.0319,0.0298,0.034
strategy,leiden,base_r2,leiden,base,ood,overlap_3,0.0061,0.0052,0.0069
strategy,leiden,base_r2,leiden,base,ood,overlap_5,0.0001,0.0,0.0002
strategy,leiden,base_r2,leiden,base,ood,overlap_full,0.0,0.0,0.0
strategy,leiden,base_r2,leiden,base,ood,volume_1,0.225,0.2202,0.2301
strategy,leiden,base_r2,leiden,base,ood,volume_2,0.3191,0.3132,0.3249
strategy,leiden,base_r2,leiden,base,ood,volume_3,0.3866,0.3793,0.3946
strategy,leiden,base_r2,leiden,base,ood,volume_5,0.3296,0.3202,0.3395
strategy,leiden,base_r2,leiden,base,ood,volume_full,0.3095,0.2998,0.3197
strategy,leiden,base_r2,leiden,base,connected_pairs,fanout,-0.008,-0.0125,-0.0045
strategy,leiden,base_r2,leiden,base,connected_pairs,single_shard_share,0.008,0.0045,0.0125
strategy,leiden,base_r2,leiden,base,connected_pairs,overlap_1,0.0,0.0,0.0
strategy,leiden,base_r2,leiden,base,connected_pairs,overlap_2,0.0,0.0,0.0
strategy,leiden,base_r2,leiden,base,connected_pairs,overlap_3,0.0,0.0,0.0
strategy,leiden,base_r2,leiden,base,connected_pairs,overlap_5,0.0,0.0,0.0
strategy,leiden,base_r2,leiden,base,connected_pairs,overlap_full,0.0,0.0,0.0
strategy,leiden,base_r2,leiden,base,connected_pairs,volume_1,0.1533,0.1488,0.1584
strategy,leiden,base_r2,leiden,base,connected_pairs,volume_2,0.1485,0.1435,0.1538
strategy,leiden,base_r2,leiden,base,connected_pairs,volume_3,0.1485,0.1435,0.1538
strategy,leiden,base_r2,leiden,base,connected_pairs,volume_5,0.1485,0.1435,0.1538
strategy,leiden,base_r2,leiden,base,connected_pairs,volume_full,0.1485,0.1435,0.1538
strategy,leiden,base_r2,leiden,base,connected_triples,fanout,-0.2,-0.219,-0.1815
strategy,leiden,base_r2,leiden,base,connected_triples,single_shard_share,0.1705,0.1535,0.1865
strategy,leiden,base_r2,leiden,base,connected_triples,overlap_1,0.0013,0.0006,0.0024
strategy,leiden,base_r2,leiden,base,connected_triples,overlap_2,0.0,0.0,0.0
strategy,leiden,base_r2,leiden,base,connected_triples,overlap_3,0.0,0.0,0.0
strategy,leiden,base_r2,leiden,base,connected_triples,overlap_5,0.0,0.0,0.0
strategy,leiden,base_r2,leiden,base,connected_triples,overlap_full,0.0,0.0,0.0
strategy,leiden,base_r2,leiden,base,connected_triples,volume_1,0.2018,0.1977,0.206
strategy,leiden,base_r2,leiden,base,connected_triples,volume_2,0.1255,0.115,0.1363
strategy,leiden,base_r2,leiden,base,connected_triples,volume_3,0.1087,0.0974,0.12
strategy,leiden,base_r2,leiden,base,connected_triples,volume_5,0.1087,0.0974,0.12
strategy,leiden,base_r2,leiden,base,connected_triples,volume_full,0.1087,0.0974,0.12
strategy,leiden,base_r2,leiden,base,frequent_pairs,fanout,-0.236,-0.254,-0.2175
strategy,leiden,base_r2,leiden,base,frequent_pairs,single_shard_share,0.236,0.2175,0.254
strategy,leiden,base_r2,leiden,base,frequent_pairs,overlap_1,0.0002,0.0,0.0004
strategy,leiden,base_r2,leiden,base,frequent_pairs,overlap_2,0.0,0.0,0.0
strategy,leiden,base_r2,leiden,base,frequent_pairs,overlap_3,0.0,0.0,0.0
strategy,leiden,base_r2,leiden,base,frequent_pairs,overlap_5,0.0,0.0,0.0
strategy,leiden,base_r2,leiden,base,frequent_pairs,overlap_full,0.0,0.0,0.0
strategy,leiden,base_r2,leiden,base,frequent_pairs,volume_1,0.2377,0.2331,0.2429
strategy,leiden,base_r2,leiden,base,frequent_pairs,volume_2,0.1236,0.1093,0.1368
strategy,leiden,base_r2,leiden,base,frequent_pairs,volume_3,0.1236,0.1093,0.1368
strategy,leiden,base_r2,leiden,base,frequent_pairs,volume_5,0.1236,0.1093,0.1368
strategy,leiden,base_r2,leiden,base,frequent_pairs,volume_full,0.1236,0.1093,0.1368
strategy,leiden,base_r2,leiden,base,frequent_triples,fanout,-0.391,-0.4165,-0.367
strategy,leiden,base_r2,leiden,base,frequent_triples,single_shard_share,0.2755,0.256,0.295
strategy,leiden,base_r2,leiden,base,frequent_triples,overlap_1,0.0021,0.0011,0.0034
strategy,leiden,base_r2,leiden,base,frequent_triples,overlap_2,0.0,0.0,0.0
strategy,leiden,base_r2,leiden,base,frequent_triples,overlap_3,0.0,0.0,0.0
strategy,leiden,base_r2,leiden,base,frequent_triples,overlap_5,0.0,0.0,0.0
strategy,leiden,base_r2,leiden,base,frequent_triples,overlap_full,0.0,0.0,0.0
strategy,leiden,base_r2,leiden,base,frequent_triples,volume_1,0.2275,0.2233,0.2325
strategy,leiden,base_r2,leiden,base,frequent_triples,volume_2,0.1257,0.11,0.141
strategy,leiden,base_r2,leiden,base,frequent_triples,volume_3,0.0662,0.0494,0.0819
strategy,leiden,base_r2,leiden,base,frequent_triples,volume_5,0.0662,0.0494,0.0819
strategy,leiden,base_r2,leiden,base,frequent_triples,volume_full,0.0662,0.0494,0.0819
strategy,leiden,base_r3,leiden,base,train,fanout,-0.4056,-0.4185,-0.3932
strategy,leiden,base_r3,leiden,base,train,single_shard_share,0.1032,0.0973,0.109
strategy,leiden,base_r3,leiden,base,train,overlap_1,0.0483,0.0452,0.0515
strategy,leiden,base_r3,leiden,base,train,overlap_2,0.0067,0.0058,0.0078
strategy,leiden,base_r3,leiden,base,train,overlap_3,0.0006,0.0004,0.0008
strategy,leiden,base_r3,leiden,base,train,overlap_5,0.0,0.0,0.0
strategy,leiden,base_r3,leiden,base,train,overlap_full,0.0,0.0,0.0
strategy,leiden,base_r3,leiden,base,train,volume_1,0.2351,0.2308,0.2396
strategy,leiden,base_r3,leiden,base,train,volume_2,0.248,0.2413,0.2553
strategy,leiden,base_r3,leiden,base,train,volume_3,0.1922,0.1845,0.2004
strategy,leiden,base_r3,leiden,base,train,volume_5,0.1471,0.1382,0.1557
strategy,leiden,base_r3,leiden,base,train,volume_full,0.1434,0.1349,0.1521
strategy,leiden,base_r3,leiden,base,holdout,fanout,-0.4264,-0.4431,-0.4097
strategy,leiden,base_r3,leiden,base,holdout,single_shard_share,0.0945,0.0876,0.1021
strategy,leiden,base_r3,leiden,base,holdout,overlap_1,0.0552,0.0514,0.0592
strategy,leiden,base_r3,leiden,base,holdout,overlap_2,0.0079,0.0065,0.0093
strategy,leiden,base_r3,leiden,base,holdout,overlap_3,0.0007,0.0004,0.001
strategy,leiden,base_r3,leiden,base,holdout,overlap_5,0.0,0.0,0.0
strategy,leiden,base_r3,leiden,base,holdout,overlap_full,0.0,0.0,0.0
strategy,leiden,base_r3,leiden,base,holdout,volume_1,0.2333,0.2272,0.2391
strategy,leiden,base_r3,leiden,base,holdout,volume_2,0.2523,0.243,0.2604
strategy,leiden,base_r3,leiden,base,holdout,volume_3,0.199,0.1884,0.2086
strategy,leiden,base_r3,leiden,base,holdout,volume_5,0.1504,0.14,0.1615
strategy,leiden,base_r3,leiden,base,holdout,volume_full,0.1462,0.1358,0.1575
strategy,leiden,base_r3,leiden,base,ood,fanout,-0.7655,-0.7815,-0.7492
strategy,leiden,base_r3,leiden,base,ood,single_shard_share,0.0364,0.0327,0.0399
strategy,leiden,base_r3,leiden,base,ood,overlap_1,0.1493,0.1444,0.1544
strategy,leiden,base_r3,leiden,base,ood,overlap_2,0.0446,0.042,0.0471
strategy,leiden,base_r3,leiden,base,ood,overlap_3,0.0082,0.0071,0.0091
strategy,leiden,base_r3,leiden,base,ood,overlap_5,0.0001,0.0,0.0002
strategy,leiden,base_r3,leiden,base,ood,overlap_full,0.0,0.0,0.0
strategy,leiden,base_r3,leiden,base,ood,volume_1,0.353,0.3475,0.3585
strategy,leiden,base_r3,leiden,base,ood,volume_2,0.4502,0.4429,0.4578
strategy,leiden,base_r3,leiden,base,ood,volume_3,0.4615,0.4529,0.4712
strategy,leiden,base_r3,leiden,base,ood,volume_5,0.3184,0.3076,0.33
strategy,leiden,base_r3,leiden,base,ood,volume_full,0.2899,0.2782,0.3021
strategy,leiden,base_r3,leiden,base,connected_pairs,fanout,-0.008,-0.0125,-0.0045
strategy,leiden,base_r3,leiden,base,connected_pairs,single_shard_share,0.008,0.0045,0.0125
strategy,leiden,base_r3,leiden,base,connected_pairs,overlap_1,0.0,0.0,0.0
strategy,leiden,base_r3,leiden,base,connected_pairs,overlap_2,0.0,0.0,0.0
strategy,leiden,base_r3,leiden,base,connected_pairs,overlap_3,0.0,0.0,0.0
strategy,leiden,base_r3,leiden,base,connected_pairs,overlap_5,0.0,0.0,0.0
strategy,leiden,base_r3,leiden,base,connected_pairs,overlap_full,0.0,0.0,0.0
strategy,leiden,base_r3,leiden,base,connected_pairs,volume_1,0.2272,0.2211,0.2336
strategy,leiden,base_r3,leiden,base,connected_pairs,volume_2,0.2224,0.2163,0.2292
strategy,leiden,base_r3,leiden,base,connected_pairs,volume_3,0.2224,0.2163,0.2292
strategy,leiden,base_r3,leiden,base,connected_pairs,volume_5,0.2224,0.2163,0.2292
strategy,leiden,base_r3,leiden,base,connected_pairs,volume_full,0.2224,0.2163,0.2292
strategy,leiden,base_r3,leiden,base,connected_triples,fanout,-0.248,-0.271,-0.2275
strategy,leiden,base_r3,leiden,base,connected_triples,single_shard_share,0.2185,0.2005,0.238
strategy,leiden,base_r3,leiden,base,connected_triples,overlap_1,0.0013,0.0006,0.0024
strategy,leiden,base_r3,leiden,base,connected_triples,overlap_2,0.0,0.0,0.0
strategy,leiden,base_r3,leiden,base,connected_triples,overlap_3,0.0,0.0,0.0
strategy,leiden,base_r3,leiden,base,connected_triples,overlap_5,0.0,0.0,0.0
strategy,leiden,base_r3,leiden,base,connected_triples,overlap_full,0.0,0.0,0.0
strategy,leiden,base_r3,leiden,base,connected_triples,volume_1,0.2911,0.2867,0.2962
strategy,leiden,base_r3,leiden,base,connected_triples,volume_2,0.1728,0.1618,0.1843
strategy,leiden,base_r3,leiden,base,connected_triples,volume_3,0.156,0.143,0.169
strategy,leiden,base_r3,leiden,base,connected_triples,volume_5,0.156,0.143,0.169
strategy,leiden,base_r3,leiden,base,connected_triples,volume_full,0.156,0.143,0.169
strategy,leiden,base_r3,leiden,base,frequent_pairs,fanout,-0.2955,-0.315,-0.275
strategy,leiden,base_r3,leiden,base,frequent_pairs,single_shard_share,0.2955,0.275,0.315
strategy,leiden,base_r3,leiden,base,frequent_pairs,overlap_1,0.0002,0.0,0.0006
strategy,leiden,base_r3,leiden,base,frequent_pairs,overlap_2,0.0,0.0,0.0
strategy,leiden,base_r3,leiden,base,frequent_pairs,overlap_3,0.0,0.0,0.0
strategy,leiden,base_r3,leiden,base,frequent_pairs,overlap_5,0.0,0.0,0.0
strategy,leiden,base_r3,leiden,base,frequent_pairs,overlap_full,0.0,0.0,0.0
strategy,leiden,base_r3,leiden,base,frequent_pairs,volume_1,0.3124,0.3073,0.3182
strategy,leiden,base_r3,leiden,base,frequent_pairs,volume_2,0.1462,0.1332,0.1603
strategy,leiden,base_r3,leiden,base,frequent_pairs,volume_3,0.1462,0.1332,0.1603
strategy,leiden,base_r3,leiden,base,frequent_pairs,volume_5,0.1462,0.1332,0.1603
strategy,leiden,base_r3,leiden,base,frequent_pairs,volume_full,0.1462,0.1332,0.1603
strategy,leiden,base_r3,leiden,base,frequent_triples,fanout,-0.5135,-0.542,-0.4865
strategy,leiden,base_r3,leiden,base,frequent_triples,single_shard_share,0.384,0.363,0.404
strategy,leiden,base_r3,leiden,base,frequent_triples,overlap_1,0.0021,0.0012,0.0034
strategy,leiden,base_r3,leiden,base,frequent_triples,overlap_2,0.0,0.0,0.0
strategy,leiden,base_r3,leiden,base,frequent_triples,overlap_3,0.0,0.0,0.0
strategy,leiden,base_r3,leiden,base,frequent_triples,overlap_5,0.0,0.0,0.0
strategy,leiden,base_r3,leiden,base,frequent_triples,overlap_full,0.0,0.0,0.0
strategy,leiden,base_r3,leiden,base,frequent_triples,volume_1,0.3064,0.3015,0.3111
strategy,leiden,base_r3,leiden,base,frequent_triples,volume_2,0.1153,0.0996,0.1312
strategy,leiden,base_r3,leiden,base,frequent_triples,volume_3,0.0435,0.0253,0.0625
strategy,leiden,base_r3,leiden,base,frequent_triples,volume_5,0.0435,0.0253,0.0625
strategy,leiden,base_r3,leiden,base,frequent_triples,volume_full,0.0435,0.0253,0.0625
strategy,leiden,aff_r2,leiden,aff,train,fanout,-0.3054,-0.3167,-0.2947
strategy,leiden,aff_r2,leiden,aff,train,single_shard_share,0.0937,0.0879,0.0997
strategy,leiden,aff_r2,leiden,aff,train,overlap_1,0.0273,0.0254,0.0291
strategy,leiden,aff_r2,leiden,aff,train,overlap_2,0.0019,0.0015,0.0024
strategy,leiden,aff_r2,leiden,aff,train,overlap_3,0.0001,0.0,0.0001
strategy,leiden,aff_r2,leiden,aff,train,overlap_5,0.0,0.0,0.0
strategy,leiden,aff_r2,leiden,aff,train,overlap_full,0.0,0.0,0.0
strategy,leiden,aff_r2,leiden,aff,train,volume_1,0.1602,0.1579,0.1625
strategy,leiden,aff_r2,leiden,aff,train,volume_2,0.2125,0.2066,0.2182
strategy,leiden,aff_r2,leiden,aff,train,volume_3,0.1704,0.1627,0.1777
strategy,leiden,aff_r2,leiden,aff,train,volume_5,0.1299,0.1219,0.1379
strategy,leiden,aff_r2,leiden,aff,train,volume_full,0.1276,0.1195,0.1357
strategy,leiden,aff_r2,leiden,aff,holdout,fanout,-0.3243,-0.3384,-0.3103
strategy,leiden,aff_r2,leiden,aff,holdout,single_shard_share,0.086,0.0791,0.0938
strategy,leiden,aff_r2,leiden,aff,holdout,overlap_1,0.0317,0.0292,0.0343
strategy,leiden,aff_r2,leiden,aff,holdout,overlap_2,0.0024,0.0018,0.003
strategy,leiden,aff_r2,leiden,aff,holdout,overlap_3,0.0001,0.0,0.0002
strategy,leiden,aff_r2,leiden,aff,holdout,overlap_5,0.0,0.0,0.0
strategy,leiden,aff_r2,leiden,aff,holdout,overlap_full,0.0,0.0,0.0
strategy,leiden,aff_r2,leiden,aff,holdout,volume_1,0.1623,0.1594,0.1656
strategy,leiden,aff_r2,leiden,aff,holdout,volume_2,0.2233,0.2161,0.2303
strategy,leiden,aff_r2,leiden,aff,holdout,volume_3,0.179,0.1692,0.1888
strategy,leiden,aff_r2,leiden,aff,holdout,volume_5,0.1317,0.1217,0.1419
strategy,leiden,aff_r2,leiden,aff,holdout,volume_full,0.1287,0.1186,0.1392
strategy,leiden,aff_r2,leiden,aff,ood,fanout,-0.5278,-0.5411,-0.5136
strategy,leiden,aff_r2,leiden,aff,ood,single_shard_share,0.0292,0.0259,0.0324
strategy,leiden,aff_r2,leiden,aff,ood,overlap_1,0.0621,0.0589,0.065
strategy,leiden,aff_r2,leiden,aff,ood,overlap_2,0.012,0.011,0.013
strategy,leiden,aff_r2,leiden,aff,ood,overlap_3,0.0013,0.001,0.0016
strategy,leiden,aff_r2,leiden,aff,ood,overlap_5,0.0,0.0,0.0
strategy,leiden,aff_r2,leiden,aff,ood,overlap_full,0.0,0.0,0.0
strategy,leiden,aff_r2,leiden,aff,ood,volume_1,0.1731,0.1699,0.1763
strategy,leiden,aff_r2,leiden,aff,ood,volume_2,0.3141,0.3092,0.3192
strategy,leiden,aff_r2,leiden,aff,ood,volume_3,0.3617,0.3544,0.3698
strategy,leiden,aff_r2,leiden,aff,ood,volume_5,0.2361,0.2262,0.2457
strategy,leiden,aff_r2,leiden,aff,ood,volume_full,0.2185,0.2084,0.2284
strategy,leiden,aff_r2,leiden,aff,connected_pairs,fanout,-0.008,-0.0125,-0.0045
strategy,leiden,aff_r2,leiden,aff,connected_pairs,single_shard_share,0.008,0.0045,0.0125
strategy,leiden,aff_r2,leiden,aff,connected_pairs,overlap_1,0.0,0.0,0.0
strategy,leiden,aff_r2,leiden,aff,connected_pairs,overlap_2,0.0,0.0,0.0
strategy,leiden,aff_r2,leiden,aff,connected_pairs,overlap_3,0.0,0.0,0.0
strategy,leiden,aff_r2,leiden,aff,connected_pairs,overlap_5,0.0,0.0,0.0
strategy,leiden,aff_r2,leiden,aff,connected_pairs,overlap_full,0.0,0.0,0.0
strategy,leiden,aff_r2,leiden,aff,connected_pairs,volume_1,0.1213,0.1174,0.1258
strategy,leiden,aff_r2,leiden,aff,connected_pairs,volume_2,0.1158,0.1112,0.1204
strategy,leiden,aff_r2,leiden,aff,connected_pairs,volume_3,0.1158,0.1112,0.1204
strategy,leiden,aff_r2,leiden,aff,connected_pairs,volume_5,0.1158,0.1112,0.1204
strategy,leiden,aff_r2,leiden,aff,connected_pairs,volume_full,0.1158,0.1112,0.1204
strategy,leiden,aff_r2,leiden,aff,connected_triples,fanout,-0.2,-0.219,-0.1815
strategy,leiden,aff_r2,leiden,aff,connected_triples,single_shard_share,0.1705,0.1535,0.1865
strategy,leiden,aff_r2,leiden,aff,connected_triples,overlap_1,0.0011,0.0004,0.0021
strategy,leiden,aff_r2,leiden,aff,connected_triples,overlap_2,0.0,0.0,0.0
strategy,leiden,aff_r2,leiden,aff,connected_triples,overlap_3,0.0,0.0,0.0
strategy,leiden,aff_r2,leiden,aff,connected_triples,overlap_5,0.0,0.0,0.0
strategy,leiden,aff_r2,leiden,aff,connected_triples,overlap_full,0.0,0.0,0.0
strategy,leiden,aff_r2,leiden,aff,connected_triples,volume_1,0.1576,0.1538,0.1617
strategy,leiden,aff_r2,leiden,aff,connected_triples,volume_2,0.0648,0.0537,0.0763
strategy,leiden,aff_r2,leiden,aff,connected_triples,volume_3,0.0458,0.0336,0.0577
strategy,leiden,aff_r2,leiden,aff,connected_triples,volume_5,0.0458,0.0336,0.0577
strategy,leiden,aff_r2,leiden,aff,connected_triples,volume_full,0.0458,0.0336,0.0577
strategy,leiden,aff_r2,leiden,aff,frequent_pairs,fanout,-0.236,-0.254,-0.2175
strategy,leiden,aff_r2,leiden,aff,frequent_pairs,single_shard_share,0.236,0.2175,0.254
strategy,leiden,aff_r2,leiden,aff,frequent_pairs,overlap_1,0.0001,0.0,0.0004
strategy,leiden,aff_r2,leiden,aff,frequent_pairs,overlap_2,0.0,0.0,0.0
strategy,leiden,aff_r2,leiden,aff,frequent_pairs,overlap_3,0.0,0.0,0.0
strategy,leiden,aff_r2,leiden,aff,frequent_pairs,overlap_5,0.0,0.0,0.0
strategy,leiden,aff_r2,leiden,aff,frequent_pairs,overlap_full,0.0,0.0,0.0
strategy,leiden,aff_r2,leiden,aff,frequent_pairs,volume_1,0.1883,0.1841,0.1934
strategy,leiden,aff_r2,leiden,aff,frequent_pairs,volume_2,0.0529,0.0384,0.0665
strategy,leiden,aff_r2,leiden,aff,frequent_pairs,volume_3,0.0529,0.0384,0.0665
strategy,leiden,aff_r2,leiden,aff,frequent_pairs,volume_5,0.0529,0.0384,0.0665
strategy,leiden,aff_r2,leiden,aff,frequent_pairs,volume_full,0.0529,0.0384,0.0665
strategy,leiden,aff_r2,leiden,aff,frequent_triples,fanout,-0.391,-0.4165,-0.367
strategy,leiden,aff_r2,leiden,aff,frequent_triples,single_shard_share,0.2755,0.256,0.295
strategy,leiden,aff_r2,leiden,aff,frequent_triples,overlap_1,0.0017,0.0008,0.003
strategy,leiden,aff_r2,leiden,aff,frequent_triples,overlap_2,0.0,0.0,0.0
strategy,leiden,aff_r2,leiden,aff,frequent_triples,overlap_3,0.0,0.0,0.0
strategy,leiden,aff_r2,leiden,aff,frequent_triples,overlap_5,0.0,0.0,0.0
strategy,leiden,aff_r2,leiden,aff,frequent_triples,overlap_full,0.0,0.0,0.0
strategy,leiden,aff_r2,leiden,aff,frequent_triples,volume_1,0.1788,0.1747,0.1835
strategy,leiden,aff_r2,leiden,aff,frequent_triples,volume_2,0.0483,0.0326,0.0638
strategy,leiden,aff_r2,leiden,aff,frequent_triples,volume_3,-0.021,-0.0388,-0.0047
strategy,leiden,aff_r2,leiden,aff,frequent_triples,volume_5,-0.021,-0.0388,-0.0047
strategy,leiden,aff_r2,leiden,aff,frequent_triples,volume_full,-0.021,-0.0388,-0.0047
strategy,leiden,aff_r3,leiden,aff,train,fanout,-0.4292,-0.4425,-0.4166
strategy,leiden,aff_r3,leiden,aff,train,single_shard_share,0.1461,0.1391,0.1536
strategy,leiden,aff_r3,leiden,aff,train,overlap_1,0.0369,0.0346,0.0391
strategy,leiden,aff_r3,leiden,aff,train,overlap_2,0.0024,0.0019,0.0029
strategy,leiden,aff_r3,leiden,aff,train,overlap_3,0.0001,0.0,0.0001
strategy,leiden,aff_r3,leiden,aff,train,overlap_5,0.0,0.0,0.0
strategy,leiden,aff_r3,leiden,aff,train,overlap_full,0.0,0.0,0.0
strategy,leiden,aff_r3,leiden,aff,train,volume_1,0.2262,0.2235,0.2288
strategy,leiden,aff_r3,leiden,aff,train,volume_2,0.2682,0.261,0.2757
strategy,leiden,aff_r3,leiden,aff,train,volume_3,0.1942,0.1854,0.2033
strategy,leiden,aff_r3,leiden,aff,train,volume_5,0.1393,0.1298,0.1486
strategy,leiden,aff_r3,leiden,aff,train,volume_full,0.1367,0.1271,0.1462
strategy,leiden,aff_r3,leiden,aff,holdout,fanout,-0.4554,-0.4726,-0.4396
strategy,leiden,aff_r3,leiden,aff,holdout,single_shard_share,0.1385,0.1302,0.1479
strategy,leiden,aff_r3,leiden,aff,holdout,overlap_1,0.0418,0.0389,0.0447
strategy,leiden,aff_r3,leiden,aff,holdout,overlap_2,0.0028,0.0021,0.0034
strategy,leiden,aff_r3,leiden,aff,holdout,overlap_3,0.0001,0.0,0.0002
strategy,leiden,aff_r3,leiden,aff,holdout,overlap_5,0.0,0.0,0.0
strategy,leiden,aff_r3,leiden,aff,holdout,overlap_full,0.0,0.0,0.0
strategy,leiden,aff_r3,leiden,aff,holdout,volume_1,0.2287,0.2254,0.2323
strategy,leiden,aff_r3,leiden,aff,holdout,volume_2,0.2808,0.2719,0.2891
strategy,leiden,aff_r3,leiden,aff,holdout,volume_3,0.2033,0.192,0.2137
strategy,leiden,aff_r3,leiden,aff,holdout,volume_5,0.139,0.1268,0.151
strategy,leiden,aff_r3,leiden,aff,holdout,volume_full,0.1355,0.1234,0.1474
strategy,leiden,aff_r3,leiden,aff,ood,fanout,-0.7851,-0.8016,-0.7695
strategy,leiden,aff_r3,leiden,aff,ood,single_shard_share,0.0523,0.0477,0.0566
strategy,leiden,aff_r3,leiden,aff,ood,overlap_1,0.0842,0.0807,0.0876
strategy,leiden,aff_r3,leiden,aff,ood,overlap_2,0.0152,0.0141,0.0165
strategy,leiden,aff_r3,leiden,aff,ood,overlap_3,0.0015,0.0012,0.0019
strategy,leiden,aff_r3,leiden,aff,ood,overlap_5,0.0,0.0,0.0
strategy,leiden,aff_r3,leiden,aff,ood,overlap_full,0.0,0.0,0.0
strategy,leiden,aff_r3,leiden,aff,ood,volume_1,0.2644,0.2611,0.2678
strategy,leiden,aff_r3,leiden,aff,ood,volume_2,0.4465,0.4402,0.4524
strategy,leiden,aff_r3,leiden,aff,ood,volume_3,0.4309,0.4219,0.4405
strategy,leiden,aff_r3,leiden,aff,ood,volume_5,0.2243,0.2126,0.2368
strategy,leiden,aff_r3,leiden,aff,ood,volume_full,0.2028,0.1907,0.2153
strategy,leiden,aff_r3,leiden,aff,connected_pairs,fanout,-0.008,-0.0125,-0.0045
strategy,leiden,aff_r3,leiden,aff,connected_pairs,single_shard_share,0.008,0.0045,0.0125
strategy,leiden,aff_r3,leiden,aff,connected_pairs,overlap_1,0.0,0.0,0.0
strategy,leiden,aff_r3,leiden,aff,connected_pairs,overlap_2,0.0,0.0,0.0
strategy,leiden,aff_r3,leiden,aff,connected_pairs,overlap_3,0.0,0.0,0.0
strategy,leiden,aff_r3,leiden,aff,connected_pairs,overlap_5,0.0,0.0,0.0
strategy,leiden,aff_r3,leiden,aff,connected_pairs,overlap_full,0.0,0.0,0.0
strategy,leiden,aff_r3,leiden,aff,connected_pairs,volume_1,0.1833,0.1781,0.1888
strategy,leiden,aff_r3,leiden,aff,connected_pairs,volume_2,0.1778,0.1721,0.1836
strategy,leiden,aff_r3,leiden,aff,connected_pairs,volume_3,0.1778,0.1721,0.1836
strategy,leiden,aff_r3,leiden,aff,connected_pairs,volume_5,0.1778,0.1721,0.1836
strategy,leiden,aff_r3,leiden,aff,connected_pairs,volume_full,0.1778,0.1721,0.1836
strategy,leiden,aff_r3,leiden,aff,connected_triples,fanout,-0.248,-0.271,-0.2275
strategy,leiden,aff_r3,leiden,aff,connected_triples,single_shard_share,0.2185,0.2005,0.238
strategy,leiden,aff_r3,leiden,aff,connected_triples,overlap_1,0.0011,0.0004,0.0021
strategy,leiden,aff_r3,leiden,aff,connected_triples,overlap_2,0.0,0.0,0.0
strategy,leiden,aff_r3,leiden,aff,connected_triples,overlap_3,0.0,0.0,0.0
strategy,leiden,aff_r3,leiden,aff,connected_triples,overlap_5,0.0,0.0,0.0
strategy,leiden,aff_r3,leiden,aff,connected_triples,overlap_full,0.0,0.0,0.0
strategy,leiden,aff_r3,leiden,aff,connected_triples,volume_1,0.2315,0.2273,0.2361
strategy,leiden,aff_r3,leiden,aff,connected_triples,volume_2,0.0956,0.0836,0.1081
strategy,leiden,aff_r3,leiden,aff,connected_triples,volume_3,0.0766,0.0625,0.0903
strategy,leiden,aff_r3,leiden,aff,connected_triples,volume_5,0.0766,0.0625,0.0903
strategy,leiden,aff_r3,leiden,aff,connected_triples,volume_full,0.0766,0.0625,0.0903
strategy,leiden,aff_r3,leiden,aff,frequent_pairs,fanout,-0.2955,-0.315,-0.275
strategy,leiden,aff_r3,leiden,aff,frequent_pairs,single_shard_share,0.2955,0.275,0.315
strategy,leiden,aff_r3,leiden,aff,frequent_pairs,overlap_1,0.0001,0.0,0.0004
strategy,leiden,aff_r3,leiden,aff,frequent_pairs,overlap_2,0.0,0.0,0.0
strategy,leiden,aff_r3,leiden,aff,frequent_pairs,overlap_3,0.0,0.0,0.0
strategy,leiden,aff_r3,leiden,aff,frequent_pairs,overlap_5,0.0,0.0,0.0
strategy,leiden,aff_r3,leiden,aff,frequent_pairs,overlap_full,0.0,0.0,0.0
strategy,leiden,aff_r3,leiden,aff,frequent_pairs,volume_1,0.2493,0.2444,0.2547
strategy,leiden,aff_r3,leiden,aff,frequent_pairs,volume_2,0.0603,0.0468,0.0764
strategy,leiden,aff_r3,leiden,aff,frequent_pairs,volume_3,0.0603,0.0468,0.0764
strategy,leiden,aff_r3,leiden,aff,frequent_pairs,volume_5,0.0603,0.0468,0.0764
strategy,leiden,aff_r3,leiden,aff,frequent_pairs,volume_full,0.0603,0.0468,0.0764
strategy,leiden,aff_r3,leiden,aff,frequent_triples,fanout,-0.5135,-0.542,-0.4865
strategy,leiden,aff_r3,leiden,aff,frequent_triples,single_shard_share,0.384,0.363,0.404
strategy,leiden,aff_r3,leiden,aff,frequent_triples,overlap_1,0.0017,0.0008,0.003
strategy,leiden,aff_r3,leiden,aff,frequent_triples,overlap_2,0.0,0.0,0.0
strategy,leiden,aff_r3,leiden,aff,frequent_triples,overlap_3,0.0,0.0,0.0
strategy,leiden,aff_r3,leiden,aff,frequent_triples,overlap_5,0.0,0.0,0.0
strategy,leiden,aff_r3,leiden,aff,frequent_triples,overlap_full,0.0,0.0,0.0
strategy,leiden,aff_r3,leiden,aff,frequent_triples,volume_1,0.2439,0.2393,0.2486
strategy,leiden,aff_r3,leiden,aff,frequent_triples,volume_2,0.0207,0.0042,0.0375
strategy,leiden,aff_r3,leiden,aff,frequent_triples,volume_3,-0.0613,-0.0809,-0.0413
strategy,leiden,aff_r3,leiden,aff,frequent_triples,volume_5,-0.0613,-0.0809,-0.0413
strategy,leiden,aff_r3,leiden,aff,frequent_triples,volume_full,-0.0613,-0.0809,-0.0413
strategy,leiden,bal,leiden,aff,train,fanout,0.5817,0.5659,0.5959
strategy,leiden,bal,leiden,aff,train,single_shard_share,-0.145,-0.1518,-0.1379
strategy,leiden,bal,leiden,aff,train,overlap_1,-0.128,-0.1324,-0.1237
strategy,leiden,bal,leiden,aff,train,overlap_2,-0.014,-0.0154,-0.0127
strategy,leiden,bal,leiden,aff,train,overlap_3,-0.0013,-0.0016,-0.001
strategy,leiden,bal,leiden,aff,train,overlap_5,0.0,0.0,0.0
strategy,leiden,bal,leiden,aff,train,overlap_full,0.0,0.0,0.0
strategy,leiden,bal,leiden,aff,train,volume_1,-0.4459,-0.4505,-0.4416
strategy,leiden,bal,leiden,aff,train,volume_2,-0.752,-0.7594,-0.7449
strategy,leiden,bal,leiden,aff,train,volume_3,-0.8755,-0.8848,-0.8658
strategy,leiden,bal,leiden,aff,train,volume_5,-0.9024,-0.9136,-0.8917
strategy,leiden,bal,leiden,aff,train,volume_full,-0.901,-0.9121,-0.8902
strategy,leiden,bal,leiden,aff,holdout,fanout,0.5885,0.5687,0.6098
strategy,leiden,bal,leiden,aff,holdout,single_shard_share,-0.1329,-0.142,-0.1238
strategy,leiden,bal,leiden,aff,holdout,overlap_1,-0.1398,-0.1454,-0.1337
strategy,leiden,bal,leiden,aff,holdout,overlap_2,-0.0178,-0.0198,-0.016
strategy,leiden,bal,leiden,aff,holdout,overlap_3,-0.0018,-0.0024,-0.0012
strategy,leiden,bal,leiden,aff,holdout,overlap_5,-0.0001,-0.0002,0.0
strategy,leiden,bal,leiden,aff,holdout,overlap_full,0.0,0.0,0.0
strategy,leiden,bal,leiden,aff,holdout,volume_1,-0.4453,-0.4512,-0.4396
strategy,leiden,bal,leiden,aff,holdout,volume_2,-0.7595,-0.7681,-0.7503
strategy,leiden,bal,leiden,aff,holdout,volume_3,-0.8972,-0.9091,-0.8856
strategy,leiden,bal,leiden,aff,holdout,volume_5,-0.9336,-0.9473,-0.9206
strategy,leiden,bal,leiden,aff,holdout,volume_full,-0.9318,-0.9456,-0.919
strategy,leiden,bal,leiden,aff,ood,fanout,0.7453,0.7281,0.7619
strategy,leiden,bal,leiden,aff,ood,single_shard_share,-0.0214,-0.0242,-0.0186
strategy,leiden,bal,leiden,aff,ood,overlap_1,-0.2076,-0.2128,-0.2021
strategy,leiden,bal,leiden,aff,ood,overlap_2,-0.0806,-0.0835,-0.0778
strategy,leiden,bal,leiden,aff,ood,overlap_3,-0.0174,-0.0187,-0.016
strategy,leiden,bal,leiden,aff,ood,overlap_5,-0.0004,-0.0006,-0.0002
strategy,leiden,bal,leiden,aff,ood,overlap_full,0.0,0.0,0.0
strategy,leiden,bal,leiden,aff,ood,volume_1,-0.3685,-0.3724,-0.3643
strategy,leiden,bal,leiden,aff,ood,volume_2,-0.738,-0.7438,-0.7317
strategy,leiden,bal,leiden,aff,ood,volume_3,-1.063,-1.0708,-1.0545
strategy,leiden,bal,leiden,aff,ood,volume_5,-1.2696,-1.2804,-1.258
strategy,leiden,bal,leiden,aff,ood,volume_full,-1.2685,-1.2799,-1.2564
strategy,leiden,bal,leiden,aff,connected_pairs,fanout,0.004,0.0015,0.007
strategy,leiden,bal,leiden,aff,connected_pairs,single_shard_share,-0.004,-0.007,-0.0015
strategy,leiden,bal,leiden,aff,connected_pairs,overlap_1,-0.0001,-0.0003,0.0
strategy,leiden,bal,leiden,aff,connected_pairs,overlap_2,0.0,0.0,0.0
strategy,leiden,bal,leiden,aff,connected_pairs,overlap_3,0.0,0.0,0.0
strategy,leiden,bal,leiden,aff,connected_pairs,overlap_5,0.0,0.0,0.0
strategy,leiden,bal,leiden,aff,connected_pairs,overlap_full,0.0,0.0,0.0
strategy,leiden,bal,leiden,aff,connected_pairs,volume_1,-0.3489,-0.3614,-0.3372
strategy,leiden,bal,leiden,aff,connected_pairs,volume_2,-0.3526,-0.3658,-0.3408
strategy,leiden,bal,leiden,aff,connected_pairs,volume_3,-0.3526,-0.3658,-0.3408
strategy,leiden,bal,leiden,aff,connected_pairs,volume_5,-0.3526,-0.3658,-0.3408
strategy,leiden,bal,leiden,aff,connected_pairs,volume_full,-0.3526,-0.3658,-0.3408
strategy,leiden,bal,leiden,aff,connected_triples,fanout,0.3215,0.2985,0.3445
strategy,leiden,bal,leiden,aff,connected_triples,single_shard_share,-0.2605,-0.2805,-0.241
strategy,leiden,bal,leiden,aff,connected_triples,overlap_1,-0.0067,-0.0089,-0.0047
strategy,leiden,bal,leiden,aff,connected_triples,overlap_2,0.0,0.0,0.0
strategy,leiden,bal,leiden,aff,connected_triples,overlap_3,0.0,0.0,0.0
strategy,leiden,bal,leiden,aff,connected_triples,overlap_5,0.0,0.0,0.0
strategy,leiden,bal,leiden,aff,connected_triples,overlap_full,0.0,0.0,0.0
strategy,leiden,bal,leiden,aff,connected_triples,volume_1,-0.4946,-0.5015,-0.4873
strategy,leiden,bal,leiden,aff,connected_triples,volume_2,-0.5808,-0.5935,-0.5679
strategy,leiden,bal,leiden,aff,connected_triples,volume_3,-0.5863,-0.6013,-0.5725
strategy,leiden,bal,leiden,aff,connected_triples,volume_5,-0.5863,-0.6013,-0.5725
strategy,leiden,bal,leiden,aff,connected_triples,volume_full,-0.5863,-0.6013,-0.5725
strategy,leiden,bal,leiden,aff,frequent_pairs,fanout,0.4015,0.381,0.423
strategy,leiden,bal,leiden,aff,frequent_pairs,single_shard_share,-0.4015,-0.423,-0.381
strategy,leiden,bal,leiden,aff,frequent_pairs,overlap_1,-0.0001,-0.0003,0.0
strategy,leiden,bal,leiden,aff,frequent_pairs,overlap_2,0.0,0.0,0.0
strategy,leiden,bal,leiden,aff,frequent_pairs,overlap_3,0.0,0.0,0.0
strategy,leiden,bal,leiden,aff,frequent_pairs,overlap_5,0.0,0.0,0.0
strategy,leiden,bal,leiden,aff,frequent_pairs,overlap_full,0.0,0.0,0.0
strategy,leiden,bal,leiden,aff,frequent_pairs,volume_1,-0.5273,-0.5331,-0.5217
strategy,leiden,bal,leiden,aff,frequent_pairs,volume_2,-0.6302,-0.6429,-0.6166
strategy,leiden,bal,leiden,aff,frequent_pairs,volume_3,-0.6302,-0.6429,-0.6166
strategy,leiden,bal,leiden,aff,frequent_pairs,volume_5,-0.6302,-0.6429,-0.6166
strategy,leiden,bal,leiden,aff,frequent_pairs,volume_full,-0.6302,-0.6429,-0.6166
strategy,leiden,bal,leiden,aff,frequent_triples,fanout,0.8285,0.794,0.86
strategy,leiden,bal,leiden,aff,frequent_triples,single_shard_share,-0.418,-0.441,-0.396
strategy,leiden,bal,leiden,aff,frequent_triples,overlap_1,-0.0126,-0.0154,-0.0101
strategy,leiden,bal,leiden,aff,frequent_triples,overlap_2,0.0,0.0,0.0
strategy,leiden,bal,leiden,aff,frequent_triples,overlap_3,0.0,0.0,0.0
strategy,leiden,bal,leiden,aff,frequent_triples,overlap_5,0.0,0.0,0.0
strategy,leiden,bal,leiden,aff,frequent_triples,overlap_full,0.0,0.0,0.0
strategy,leiden,bal,leiden,aff,frequent_triples,volume_1,-0.5243,-0.5297,-0.5185
strategy,leiden,bal,leiden,aff,frequent_triples,volume_2,-0.697,-0.7112,-0.6826
strategy,leiden,bal,leiden,aff,frequent_triples,volume_3,-0.6984,-0.7176,-0.6802
strategy,leiden,bal,leiden,aff,frequent_triples,volume_5,-0.6984,-0.7176,-0.6802
strategy,leiden,bal,leiden,aff,frequent_triples,volume_full,-0.6984,-0.7176,-0.6802
hash,cpm,base,cpm,hash_base,train,fanout,-0.2829,-0.2942,-0.2709
hash,cpm,base,cpm,hash_base,train,single_shard_share,0.0158,0.0134,0.0183
hash,cpm,base,cpm,hash_base,train,overlap_1,0.0652,0.0609,0.0693
hash,cpm,base,cpm,hash_base,train,overlap_2,0.0154,0.0138,0.0171
hash,cpm,base,cpm,hash_base,train,overlap_3,0.002,0.0014,0.0025
hash,cpm,base,cpm,hash_base,train,overlap_5,0.0,0.0,0.0001
hash,cpm,base,cpm,hash_base,train,overlap_full,0.0,0.0,0.0
hash,cpm,base,cpm,hash_base,train,volume_1,0.0085,0.008,0.009
hash,cpm,base,cpm,hash_base,train,volume_2,0.0184,0.0177,0.0191
hash,cpm,base,cpm,hash_base,train,volume_3,0.0249,0.024,0.0258
hash,cpm,base,cpm,hash_base,train,volume_5,0.0252,0.0243,0.0262
hash,cpm,base,cpm,hash_base,train,volume_full,0.0244,0.0235,0.0253
hash,cpm,base,cpm,hash_base,holdout,fanout,-0.1661,-0.1775,-0.1544
hash,cpm,base,cpm,hash_base,holdout,single_shard_share,0.0064,0.0044,0.0087
hash,cpm,base,cpm,hash_base,holdout,overlap_1,0.0396,0.0356,0.0435
hash,cpm,base,cpm,hash_base,holdout,overlap_2,0.0073,0.0058,0.0089
hash,cpm,base,cpm,hash_base,holdout,overlap_3,0.0007,0.0003,0.0012
hash,cpm,base,cpm,hash_base,holdout,overlap_5,0.0001,0.0,0.0004
hash,cpm,base,cpm,hash_base,holdout,overlap_full,0.0,0.0,0.0
hash,cpm,base,cpm,hash_base,holdout,volume_1,0.0082,0.0075,0.0089
hash,cpm,base,cpm,hash_base,holdout,volume_2,0.0177,0.0167,0.0187
hash,cpm,base,cpm,hash_base,holdout,volume_3,0.025,0.0238,0.0262
hash,cpm,base,cpm,hash_base,holdout,volume_5,0.0269,0.0256,0.0282
hash,cpm,base,cpm,hash_base,holdout,volume_full,0.0266,0.0254,0.0279
hash,cpm,base,cpm,hash_base,ood,fanout,-0.2596,-0.2701,-0.2495
hash,cpm,base,cpm,hash_base,ood,single_shard_share,0.001,0.0004,0.0017
hash,cpm,base,cpm,hash_base,ood,overlap_1,0.0867,0.0821,0.0914
hash,cpm,base,cpm,hash_base,ood,overlap_2,0.0319,0.0292,0.0344
hash,cpm,base,cpm,hash_base,ood,overlap_3,0.0074,0.0063,0.0084
hash,cpm,base,cpm,hash_base,ood,overlap_5,0.0002,0.0001,0.0003
hash,cpm,base,cpm,hash_base,ood,overlap_full,0.0,0.0,0.0
hash,cpm,base,cpm,hash_base,ood,volume_1,0.006,0.0056,0.0064
hash,cpm,base,cpm,hash_base,ood,volume_2,0.0137,0.0132,0.0142
hash,cpm,base,cpm,hash_base,ood,volume_3,0.0247,0.024,0.0255
hash,cpm,base,cpm,hash_base,ood,volume_5,0.0371,0.0362,0.038
hash,cpm,base,cpm,hash_base,ood,volume_full,0.0376,0.0367,0.0386
hash,cpm,base,cpm,hash_base,connected_pairs,fanout,-0.9875,-0.992,-0.9825
hash,cpm,base,cpm,hash_base,connected_pairs,single_shard_share,0.9875,0.9825,0.992
hash,cpm,base,cpm,hash_base,connected_pairs,overlap_1,0.1487,0.1386,0.1579
hash,cpm,base,cpm,hash_base,connected_pairs,overlap_2,0.0,0.0,0.0
hash,cpm,base,cpm,hash_base,connected_pairs,overlap_3,0.0,0.0,0.0
hash,cpm,base,cpm,hash_base,connected_pairs,overlap_5,0.0,0.0,0.0
hash,cpm,base,cpm,hash_base,connected_pairs,overlap_full,0.0,0.0,0.0
hash,cpm,base,cpm,hash_base,connected_pairs,volume_1,0.0066,0.0059,0.0075
hash,cpm,base,cpm,hash_base,connected_pairs,volume_2,-0.0003,-0.0012,0.0006
hash,cpm,base,cpm,hash_base,connected_pairs,volume_3,-0.0003,-0.0012,0.0006
hash,cpm,base,cpm,hash_base,connected_pairs,volume_5,-0.0003,-0.0012,0.0006
hash,cpm,base,cpm,hash_base,connected_pairs,volume_full,-0.0003,-0.0012,0.0006
hash,cpm,base,cpm,hash_base,connected_triples,fanout,-1.3305,-1.36,-1.301
hash,cpm,base,cpm,hash_base,connected_triples,single_shard_share,0.4315,0.409,0.454
hash,cpm,base,cpm,hash_base,connected_triples,overlap_1,0.1504,0.1402,0.1612
hash,cpm,base,cpm,hash_base,connected_triples,overlap_2,0.0023,0.0013,0.0036
hash,cpm,base,cpm,hash_base,connected_triples,overlap_3,0.0,0.0,0.0
hash,cpm,base,cpm,hash_base,connected_triples,overlap_5,0.0,0.0,0.0
hash,cpm,base,cpm,hash_base,connected_triples,overlap_full,0.0,0.0,0.0
hash,cpm,base,cpm,hash_base,connected_triples,volume_1,0.0163,0.0152,0.0175
hash,cpm,base,cpm,hash_base,connected_triples,volume_2,0.0345,0.0323,0.0367
hash,cpm,base,cpm,hash_base,connected_triples,volume_3,0.0177,0.0155,0.0198
hash,cpm,base,cpm,hash_base,connected_triples,volume_5,0.0177,0.0155,0.0198
hash,cpm,base,cpm,hash_base,connected_triples,volume_full,0.0177,0.0155,0.0198
hash,cpm,base,cpm,hash_base,frequent_pairs,fanout,-0.2685,-0.2895,-0.2485
hash,cpm,base,cpm,hash_base,frequent_pairs,single_shard_share,0.2685,0.2485,0.2895
hash,cpm,base,cpm,hash_base,frequent_pairs,overlap_1,0.0004,0.0,0.001
hash,cpm,base,cpm,hash_base,frequent_pairs,overlap_2,0.0,0.0,0.0
hash,cpm,base,cpm,hash_base,frequent_pairs,overlap_3,0.0,0.0,0.0
hash,cpm,base,cpm,hash_base,frequent_pairs,overlap_5,0.0,0.0,0.0
hash,cpm,base,cpm,hash_base,frequent_pairs,overlap_full,0.0,0.0,0.0
hash,cpm,base,cpm,hash_base,frequent_pairs,volume_1,0.0243,0.0224,0.0263
hash,cpm,base,cpm,hash_base,frequent_pairs,volume_2,0.0383,0.0357,0.0411
hash,cpm,base,cpm,hash_base,frequent_pairs,volume_3,0.0383,0.0357,0.0411
hash,cpm,base,cpm,hash_base,frequent_pairs,volume_5,0.0383,0.0357,0.0411
hash,cpm,base,cpm,hash_base,frequent_pairs,volume_full,0.0383,0.0357,0.0411
hash,cpm,base,cpm,hash_base,frequent_triples,fanout,-0.509,-0.539,-0.4785
hash,cpm,base,cpm,hash_base,frequent_triples,single_shard_share,0.118,0.1045,0.133
hash,cpm,base,cpm,hash_base,frequent_triples,overlap_1,0.0132,0.0101,0.0164
hash,cpm,base,cpm,hash_base,frequent_triples,overlap_2,0.0,0.0,0.0
hash,cpm,base,cpm,hash_base,frequent_triples,overlap_3,0.0,0.0,0.0
hash,cpm,base,cpm,hash_base,frequent_triples,overlap_5,0.0,0.0,0.0
hash,cpm,base,cpm,hash_base,frequent_triples,overlap_full,0.0,0.0,0.0
hash,cpm,base,cpm,hash_base,frequent_triples,volume_1,0.0261,0.024,0.0282
hash,cpm,base,cpm,hash_base,frequent_triples,volume_2,0.0446,0.042,0.0472
hash,cpm,base,cpm,hash_base,frequent_triples,volume_3,0.0465,0.0439,0.0493
hash,cpm,base,cpm,hash_base,frequent_triples,volume_5,0.0465,0.0439,0.0493
hash,cpm,base,cpm,hash_base,frequent_triples,volume_full,0.0465,0.0439,0.0493
hash,cpm,base_r2,cpm,hash_base,train,fanout,-0.4779,-0.4928,-0.4619
hash,cpm,base_r2,cpm,hash_base,train,single_shard_share,0.0345,0.0312,0.0384
hash,cpm,base_r2,cpm,hash_base,train,overlap_1,0.1095,0.1046,0.1144
hash,cpm,base_r2,cpm,hash_base,train,overlap_2,0.0234,0.0214,0.0254
hash,cpm,base_r2,cpm,hash_base,train,overlap_3,0.003,0.0024,0.0037
hash,cpm,base_r2,cpm,hash_base,train,overlap_5,0.0,0.0,0.0001
hash,cpm,base_r2,cpm,hash_base,train,overlap_full,0.0,0.0,0.0
hash,cpm,base_r2,cpm,hash_base,train,volume_1,0.0533,0.0514,0.0553
hash,cpm,base_r2,cpm,hash_base,train,volume_2,0.1147,0.1115,0.1175
hash,cpm,base_r2,cpm,hash_base,train,volume_3,0.154,0.1502,0.1574
hash,cpm,base_r2,cpm,hash_base,train,volume_5,0.1671,0.1632,0.1708
hash,cpm,base_r2,cpm,hash_base,train,volume_full,0.1666,0.1627,0.1703
hash,cpm,base_r2,cpm,hash_base,holdout,fanout,-0.3301,-0.3466,-0.3124
hash,cpm,base_r2,cpm,hash_base,holdout,single_shard_share,0.021,0.0176,0.0248
hash,cpm,base_r2,cpm,hash_base,holdout,overlap_1,0.0815,0.076,0.0867
hash,cpm,base_r2,cpm,hash_base,holdout,overlap_2,0.015,0.0129,0.0172
hash,cpm,base_r2,cpm,hash_base,holdout,overlap_3,0.0017,0.0011,0.0024
hash,cpm,base_r2,cpm,hash_base,holdout,overlap_5,0.0002,0.0,0.0005
hash,cpm,base_r2,cpm,hash_base,holdout,overlap_full,0.0,0.0,0.0
hash,cpm,base_r2,cpm,hash_base,holdout,volume_1,0.0589,0.0559,0.0617
hash,cpm,base_r2,cpm,hash_base,holdout,volume_2,0.1189,0.1145,0.1226
hash,cpm,base_r2,cpm,hash_base,holdout,volume_3,0.159,0.1538,0.1636
hash,cpm,base_r2,cpm,hash_base,holdout,volume_5,0.1762,0.1709,0.1812
hash,cpm,base_r2,cpm,hash_base,holdout,volume_full,0.1773,0.172,0.1824
hash,cpm,base_r2,cpm,hash_base,ood,fanout,-0.4241,-0.4367,-0.4123
hash,cpm,base_r2,cpm,hash_base,ood,single_shard_share,0.0026,0.0016,0.0036
hash,cpm,base_r2,cpm,hash_base,ood,overlap_1,0.1379,0.1326,0.1434
hash,cpm,base_r2,cpm,hash_base,ood,overlap_2,0.0582,0.0548,0.0613
hash,cpm,base_r2,cpm,hash_base,ood,overlap_3,0.0143,0.0129,0.0157
hash,cpm,base_r2,cpm,hash_base,ood,overlap_5,0.0005,0.0003,0.0007
hash,cpm,base_r2,cpm,hash_base,ood,overlap_full,0.0,0.0,0.0
hash,cpm,base_r2,cpm,hash_base,ood,volume_1,0.0375,0.036,0.039
hash,cpm,base_r2,cpm,hash_base,ood,volume_2,0.0862,0.0839,0.0886
hash,cpm,base_r2,cpm,hash_base,ood,volume_3,0.15,0.147,0.1531
hash,cpm,base_r2,cpm,hash_base,ood,volume_5,0.2261,0.2221,0.23
hash,cpm,base_r2,cpm,hash_base,ood,volume_full,0.2352,0.2311,0.2392
hash,cpm,base_r2,cpm,hash_base,connected_pairs,fanout,-0.999,-1.0,-0.9975
hash,cpm,base_r2,cpm,hash_base,connected_pairs,single_shard_share,0.999,0.9975,1.0
hash,cpm,base_r2,cpm,hash_base,connected_pairs,overlap_1,0.1495,0.1395,0.1586
hash,cpm,base_r2,cpm,hash_base,connected_pairs,overlap_2,0.0,0.0,0.0
hash,cpm,base_r2,cpm,hash_base,connected_pairs,overlap_3,0.0,0.0,0.0
hash,cpm,base_r2,cpm,hash_base,connected_pairs,overlap_5,0.0,0.0,0.0
hash,cpm,base_r2,cpm,hash_base,connected_pairs,overlap_full,0.0,0.0,0.0
hash,cpm,base_r2,cpm,hash_base,connected_pairs,volume_1,0.0286,0.0257,0.0316
hash,cpm,base_r2,cpm,hash_base,connected_pairs,volume_2,0.0213,0.0184,0.0244
hash,cpm,base_r2,cpm,hash_base,connected_pairs,volume_3,0.0213,0.0184,0.0244
hash,cpm,base_r2,cpm,hash_base,connected_pairs,volume_5,0.0213,0.0184,0.0244
hash,cpm,base_r2,cpm,hash_base,connected_pairs,volume_full,0.0213,0.0184,0.0244
hash,cpm,base_r2,cpm,hash_base,connected_triples,fanout,-1.6105,-1.6335,-1.5885
hash,cpm,base_r2,cpm,hash_base,connected_triples,single_shard_share,0.6145,0.5935,0.6365
hash,cpm,base_r2,cpm,hash_base,connected_triples,overlap_1,0.1604,0.1498,0.1713
hash,cpm,base_r2,cpm,hash_base,connected_triples,overlap_2,0.0023,0.0013,0.0036
hash,cpm,base_r2,cpm,hash_base,connected_triples,overlap_3,0.0,0.0,0.0
hash,cpm,base_r2,cpm,hash_base,connected_triples,overlap_5,0.0,0.0,0.0
hash,cpm,base_r2,cpm,hash_base,connected_triples,overlap_full,0.0,0.0,0.0
hash,cpm,base_r2,cpm,hash_base,connected_triples,volume_1,0.066,0.0613,0.0703
hash,cpm,base_r2,cpm,hash_base,connected_triples,volume_2,0.1258,0.1189,0.1323
hash,cpm,base_r2,cpm,hash_base,connected_triples,volume_3,0.1052,0.0985,0.1117
hash,cpm,base_r2,cpm,hash_base,connected_triples,volume_5,0.1052,0.0985,0.1117
hash,cpm,base_r2,cpm,hash_base,connected_triples,volume_full,0.1052,0.0985,0.1117
hash,cpm,base_r2,cpm,hash_base,frequent_pairs,fanout,-0.499,-0.522,-0.477
hash,cpm,base_r2,cpm,hash_base,frequent_pairs,single_shard_share,0.499,0.477,0.522
hash,cpm,base_r2,cpm,hash_base,frequent_pairs,overlap_1,0.0004,0.0,0.001
hash,cpm,base_r2,cpm,hash_base,frequent_pairs,overlap_2,0.0,0.0,0.0
hash,cpm,base_r2,cpm,hash_base,frequent_pairs,overlap_3,0.0,0.0,0.0
hash,cpm,base_r2,cpm,hash_base,frequent_pairs,overlap_5,0.0,0.0,0.0
hash,cpm,base_r2,cpm,hash_base,frequent_pairs,overlap_full,0.0,0.0,0.0
hash,cpm,base_r2,cpm,hash_base,frequent_pairs,volume_1,0.1405,0.1337,0.1476
hash,cpm,base_r2,cpm,hash_base,frequent_pairs,volume_2,0.1966,0.1887,0.205
hash,cpm,base_r2,cpm,hash_base,frequent_pairs,volume_3,0.1966,0.1887,0.205
hash,cpm,base_r2,cpm,hash_base,frequent_pairs,volume_5,0.1966,0.1887,0.205
hash,cpm,base_r2,cpm,hash_base,frequent_pairs,volume_full,0.1966,0.1887,0.205
hash,cpm,base_r2,cpm,hash_base,frequent_triples,fanout,-0.906,-0.9395,-0.872
hash,cpm,base_r2,cpm,hash_base,frequent_triples,single_shard_share,0.255,0.2365,0.276
hash,cpm,base_r2,cpm,hash_base,frequent_triples,overlap_1,0.0224,0.0186,0.0265
hash,cpm,base_r2,cpm,hash_base,frequent_triples,overlap_2,0.0,0.0,0.0
hash,cpm,base_r2,cpm,hash_base,frequent_triples,overlap_3,0.0,0.0,0.0
hash,cpm,base_r2,cpm,hash_base,frequent_triples,overlap_5,0.0,0.0,0.0
hash,cpm,base_r2,cpm,hash_base,frequent_triples,overlap_full,0.0,0.0,0.0
hash,cpm,base_r2,cpm,hash_base,frequent_triples,volume_1,0.1329,0.1254,0.1396
hash,cpm,base_r2,cpm,hash_base,frequent_triples,volume_2,0.2327,0.2246,0.2412
hash,cpm,base_r2,cpm,hash_base,frequent_triples,volume_3,0.25,0.2413,0.2589
hash,cpm,base_r2,cpm,hash_base,frequent_triples,volume_5,0.25,0.2413,0.2589
hash,cpm,base_r2,cpm,hash_base,frequent_triples,volume_full,0.25,0.2413,0.2589
hash,cpm,base_r3,cpm,hash_base,train,fanout,-0.5853,-0.6022,-0.5686
hash,cpm,base_r3,cpm,hash_base,train,single_shard_share,0.0466,0.0426,0.0511
hash,cpm,base_r3,cpm,hash_base,train,overlap_1,0.1304,0.1252,0.1361
hash,cpm,base_r3,cpm,hash_base,train,overlap_2,0.027,0.0248,0.0291
hash,cpm,base_r3,cpm,hash_base,train,overlap_3,0.0034,0.0027,0.0041
hash,cpm,base_r3,cpm,hash_base,train,overlap_5,0.0,0.0,0.0001
hash,cpm,base_r3,cpm,hash_base,train,overlap_full,0.0,0.0,0.0
hash,cpm,base_r3,cpm,hash_base,train,volume_1,0.0807,0.078,0.0836
hash,cpm,base_r3,cpm,hash_base,train,volume_2,0.1698,0.1661,0.1735
hash,cpm,base_r3,cpm,hash_base,train,volume_3,0.2222,0.2175,0.2267
hash,cpm,base_r3,cpm,hash_base,train,volume_5,0.2384,0.2334,0.2433
hash,cpm,base_r3,cpm,hash_base,train,volume_full,0.238,0.233,0.243
hash,cpm,base_r3,cpm,hash_base,holdout,fanout,-0.4208,-0.4399,-0.4016
hash,cpm,base_r3,cpm,hash_base,holdout,single_shard_share,0.0304,0.0263,0.0346
hash,cpm,base_r3,cpm,hash_base,holdout,overlap_1,0.1007,0.0948,0.1062
hash,cpm,base_r3,cpm,hash_base,holdout,overlap_2,0.019,0.0166,0.0214
hash,cpm,base_r3,cpm,hash_base,holdout,overlap_3,0.0019,0.0013,0.0026
hash,cpm,base_r3,cpm,hash_base,holdout,overlap_5,0.0002,0.0,0.0005
hash,cpm,base_r3,cpm,hash_base,holdout,overlap_full,0.0,0.0,0.0
hash,cpm,base_r3,cpm,hash_base,holdout,volume_1,0.0883,0.0844,0.092
hash,cpm,base_r3,cpm,hash_base,holdout,volume_2,0.1768,0.1715,0.1819
hash,cpm,base_r3,cpm,hash_base,holdout,volume_3,0.2339,0.2274,0.2399
hash,cpm,base_r3,cpm,hash_base,holdout,volume_5,0.2585,0.2512,0.2655
hash,cpm,base_r3,cpm,hash_base,holdout,volume_full,0.2601,0.253,0.2675
hash,cpm,base_r3,cpm,hash_base,ood,fanout,-0.4925,-0.507,-0.4795
hash,cpm,base_r3,cpm,hash_base,ood,single_shard_share,0.0033,0.0022,0.0045
hash,cpm,base_r3,cpm,hash_base,ood,overlap_1,0.1586,0.1532,0.1644
hash,cpm,base_r3,cpm,hash_base,ood,overlap_2,0.0684,0.0648,0.0718
hash,cpm,base_r3,cpm,hash_base,ood,overlap_3,0.0171,0.0156,0.0187
hash,cpm,base_r3,cpm,hash_base,ood,overlap_5,0.0007,0.0005,0.001
hash,cpm,base_r3,cpm,hash_base,ood,overlap_full,0.0,0.0,0.0
hash,cpm,base_r3,cpm,hash_base,ood,volume_1,0.055,0.0531,0.0571
hash,cpm,base_r3,cpm,hash_base,ood,volume_2,0.1277,0.1248,0.1309
hash,cpm,base_r3,cpm,hash_base,ood,volume_3,0.2225,0.2183,0.2264
hash,cpm,base_r3,cpm,hash_base,ood,volume_5,0.3327,0.3277,0.3377
hash,cpm,base_r3,cpm,hash_base,ood,volume_full,0.3459,0.3405,0.3511
hash,cpm,base_r3,cpm,hash_base,connected_pairs,fanout,-0.9995,-1.0,-0.9985
hash,cpm,base_r3,cpm,hash_base,connected_pairs,single_shard_share,0.9995,0.9985,1.0
hash,cpm,base_r3,cpm,hash_base,connected_pairs,overlap_1,0.1495,0.1395,0.1586
hash,cpm,base_r3,cpm,hash_base,connected_pairs,overlap_2,0.0,0.0,0.0
hash,cpm,base_r3,cpm,hash_base,connected_pairs,overlap_3,0.0,0.0,0.0
hash,cpm,base_r3,cpm,hash_base,connected_pairs,overlap_5,0.0,0.0,0.0
hash,cpm,base_r3,cpm,hash_base,connected_pairs,overlap_full,0.0,0.0,0.0
hash,cpm,base_r3,cpm,hash_base,connected_pairs,volume_1,0.0453,0.0415,0.0497
hash,cpm,base_r3,cpm,hash_base,connected_pairs,volume_2,0.0379,0.0341,0.0423
hash,cpm,base_r3,cpm,hash_base,connected_pairs,volume_3,0.0379,0.0341,0.0423
hash,cpm,base_r3,cpm,hash_base,connected_pairs,volume_5,0.0379,0.0341,0.0423
hash,cpm,base_r3,cpm,hash_base,connected_pairs,volume_full,0.0379,0.0341,0.0423
hash,cpm,base_r3,cpm,hash_base,connected_triples,fanout,-1.7225,-1.741,-1.702
hash,cpm,base_r3,cpm,hash_base,connected_triples,single_shard_share,0.7235,0.703,0.7425
hash,cpm,base_r3,cpm,hash_base,connected_triples,overlap_1,0.1607,0.1501,0.1716
hash,cpm,base_r3,cpm,hash_base,connected_triples,overlap_2,0.0023,0.0013,0.0036
hash,cpm,base_r3,cpm,hash_base,connected_triples,overlap_3,0.0,0.0,0.0
hash,cpm,base_r3,cpm,hash_base,connected_triples,overlap_5,0.0,0.0,0.0
hash,cpm,base_r3,cpm,hash_base,connected_triples,overlap_full,0.0,0.0,0.0
hash,cpm,base_r3,cpm,hash_base,connected_triples,volume_1,0.1039,0.0978,0.11
hash,cpm,base_r3,cpm,hash_base,connected_triples,volume_2,0.1653,0.157,0.1733
hash,cpm,base_r3,cpm,hash_base,connected_triples,volume_3,0.144,0.136,0.1518
hash,cpm,base_r3,cpm,hash_base,connected_triples,volume_5,0.144,0.136,0.1518
hash,cpm,base_r3,cpm,hash_base,connected_triples,volume_full,0.144,0.136,0.1518
hash,cpm,base_r3,cpm,hash_base,frequent_pairs,fanout,-0.62,-0.6415,-0.5985
hash,cpm,base_r3,cpm,hash_base,frequent_pairs,single_shard_share,0.62,0.5985,0.6415
hash,cpm,base_r3,cpm,hash_base,frequent_pairs,overlap_1,0.0004,0.0,0.001
hash,cpm,base_r3,cpm,hash_base,frequent_pairs,overlap_2,0.0,0.0,0.0
hash,cpm,base_r3,cpm,hash_base,frequent_pairs,overlap_3,0.0,0.0,0.0
hash,cpm,base_r3,cpm,hash_base,frequent_pairs,overlap_5,0.0,0.0,0.0
hash,cpm,base_r3,cpm,hash_base,frequent_pairs,overlap_full,0.0,0.0,0.0
hash,cpm,base_r3,cpm,hash_base,frequent_pairs,volume_1,0.1975,0.1893,0.2064
hash,cpm,base_r3,cpm,hash_base,frequent_pairs,volume_2,0.2602,0.2504,0.2712
hash,cpm,base_r3,cpm,hash_base,frequent_pairs,volume_3,0.2602,0.2504,0.2712
hash,cpm,base_r3,cpm,hash_base,frequent_pairs,volume_5,0.2602,0.2504,0.2712
hash,cpm,base_r3,cpm,hash_base,frequent_pairs,volume_full,0.2602,0.2504,0.2712
hash,cpm,base_r3,cpm,hash_base,frequent_triples,fanout,-1.1355,-1.166,-1.1015
hash,cpm,base_r3,cpm,hash_base,frequent_triples,single_shard_share,0.3385,0.317,0.358
hash,cpm,base_r3,cpm,hash_base,frequent_triples,overlap_1,0.0264,0.0221,0.0308
hash,cpm,base_r3,cpm,hash_base,frequent_triples,overlap_2,0.0,0.0,0.0
hash,cpm,base_r3,cpm,hash_base,frequent_triples,overlap_3,0.0,0.0,0.0
hash,cpm,base_r3,cpm,hash_base,frequent_triples,overlap_5,0.0,0.0,0.0
hash,cpm,base_r3,cpm,hash_base,frequent_triples,overlap_full,0.0,0.0,0.0
hash,cpm,base_r3,cpm,hash_base,frequent_triples,volume_1,0.1871,0.1784,0.1956
hash,cpm,base_r3,cpm,hash_base,frequent_triples,volume_2,0.3165,0.3073,0.3264
hash,cpm,base_r3,cpm,hash_base,frequent_triples,volume_3,0.3287,0.3186,0.3399
hash,cpm,base_r3,cpm,hash_base,frequent_triples,volume_5,0.3287,0.3186,0.3399
hash,cpm,base_r3,cpm,hash_base,frequent_triples,volume_full,0.3287,0.3186,0.3399
hash,cpm,aff,cpm,hash_aff,train,fanout,-0.3819,-0.3952,-0.3679
hash,cpm,aff,cpm,hash_aff,train,single_shard_share,0.0292,0.0258,0.0326
hash,cpm,aff,cpm,hash_aff,train,overlap_1,0.105,0.0999,0.1097
hash,cpm,aff,cpm,hash_aff,train,overlap_2,0.0242,0.0221,0.0263
hash,cpm,aff,cpm,hash_aff,train,overlap_3,0.0032,0.0024,0.0039
hash,cpm,aff,cpm,hash_aff,train,overlap_5,0.0,0.0,0.0001
hash,cpm,aff,cpm,hash_aff,train,overlap_full,0.0,0.0,0.0
hash,cpm,aff,cpm,hash_aff,train,volume_1,0.0187,0.0178,0.0197
hash,cpm,aff,cpm,hash_aff,train,volume_2,0.0406,0.0393,0.0422
hash,cpm,aff,cpm,hash_aff,train,volume_3,0.0612,0.0594,0.063
hash,cpm,aff,cpm,hash_aff,train,volume_5,0.0701,0.068,0.0722
hash,cpm,aff,cpm,hash_aff,train,volume_full,0.0698,0.0677,0.0718
hash,cpm,aff,cpm,hash_aff,holdout,fanout,-0.2869,-0.302,-0.2724
hash,cpm,aff,cpm,hash_aff,holdout,single_shard_share,0.02,0.0166,0.0236
hash,cpm,aff,cpm,hash_aff,holdout,overlap_1,0.0835,0.0781,0.0887
hash,cpm,aff,cpm,hash_aff,holdout,overlap_2,0.0174,0.0152,0.0198
hash,cpm,aff,cpm,hash_aff,holdout,overlap_3,0.0019,0.0012,0.0026
hash,cpm,aff,cpm,hash_aff,holdout,overlap_5,0.0002,0.0,0.0005
hash,cpm,aff,cpm,hash_aff,holdout,overlap_full,0.0,0.0,0.0
hash,cpm,aff,cpm,hash_aff,holdout,volume_1,0.021,0.0197,0.0223
hash,cpm,aff,cpm,hash_aff,holdout,volume_2,0.0419,0.04,0.0438
hash,cpm,aff,cpm,hash_aff,holdout,volume_3,0.062,0.0598,0.0644
hash,cpm,aff,cpm,hash_aff,holdout,volume_5,0.0737,0.071,0.0761
hash,cpm,aff,cpm,hash_aff,holdout,volume_full,0.0739,0.0712,0.0764
hash,cpm,aff,cpm,hash_aff,ood,fanout,-0.3568,-0.3686,-0.345
hash,cpm,aff,cpm,hash_aff,ood,single_shard_share,0.0017,0.0009,0.0025
hash,cpm,aff,cpm,hash_aff,ood,overlap_1,0.1256,0.1207,0.1307
hash,cpm,aff,cpm,hash_aff,ood,overlap_2,0.0541,0.0509,0.0567
hash,cpm,aff,cpm,hash_aff,ood,overlap_3,0.0133,0.012,0.0145
hash,cpm,aff,cpm,hash_aff,ood,overlap_5,0.0005,0.0003,0.0008
hash,cpm,aff,cpm,hash_aff,ood,overlap_full,0.0,0.0,0.0
hash,cpm,aff,cpm,hash_aff,ood,volume_1,0.0138,0.0132,0.0145
hash,cpm,aff,cpm,hash_aff,ood,volume_2,0.0287,0.0278,0.0296
hash,cpm,aff,cpm,hash_aff,ood,volume_3,0.0475,0.0464,0.0488
hash,cpm,aff,cpm,hash_aff,ood,volume_5,0.0705,0.069,0.0723
hash,cpm,aff,cpm,hash_aff,ood,volume_full,0.0722,0.0706,0.074
hash,cpm,aff,cpm,hash_aff,connected_pairs,fanout,-0.988,-0.9925,-0.983
hash,cpm,aff,cpm,hash_aff,connected_pairs,single_shard_share,0.988,0.983,0.9925
hash,cpm,aff,cpm,hash_aff,connected_pairs,overlap_1,0.1476,0.1376,0.157
hash,cpm,aff,cpm,hash_aff,connected_pairs,overlap_2,0.0,0.0,0.0
hash,cpm,aff,cpm,hash_aff,connected_pairs,overlap_3,0.0,0.0,0.0
hash,cpm,aff,cpm,hash_aff,connected_pairs,overlap_5,0.0,0.0,0.0
hash,cpm,aff,cpm,hash_aff,connected_pairs,overlap_full,0.0,0.0,0.0
hash,cpm,aff,cpm,hash_aff,connected_pairs,volume_1,0.0057,0.0044,0.007
hash,cpm,aff,cpm,hash_aff,connected_pairs,volume_2,-0.0063,-0.0077,-0.0049
hash,cpm,aff,cpm,hash_aff,connected_pairs,volume_3,-0.0063,-0.0077,-0.0049
hash,cpm,aff,cpm,hash_aff,connected_pairs,volume_5,-0.0063,-0.0077,-0.0049
hash,cpm,aff,cpm,hash_aff,connected_pairs,volume_full,-0.0063,-0.0077,-0.0049
hash,cpm,aff,cpm,hash_aff,connected_triples,fanout,-1.33,-1.359,-1.3005
hash,cpm,aff,cpm,hash_aff,connected_triples,single_shard_share,0.4315,0.409,0.454
hash,cpm,aff,cpm,hash_aff,connected_triples,overlap_1,0.1492,0.1389,0.1599
hash,cpm,aff,cpm,hash_aff,connected_triples,overlap_2,0.0023,0.0013,0.0036
hash,cpm,aff,cpm,hash_aff,connected_triples,overlap_3,0.0,0.0,0.0
hash,cpm,aff,cpm,hash_aff,connected_triples,overlap_5,0.0,0.0,0.0
hash,cpm,aff,cpm,hash_aff,connected_triples,overlap_full,0.0,0.0,0.0
hash,cpm,aff,cpm,hash_aff,connected_triples,volume_1,0.0195,0.0175,0.0214
hash,cpm,aff,cpm,hash_aff,connected_triples,volume_2,0.0454,0.042,0.0487
hash,cpm,aff,cpm,hash_aff,connected_triples,volume_3,0.0267,0.0231,0.0302
hash,cpm,aff,cpm,hash_aff,connected_triples,volume_5,0.0267,0.0231,0.0302
hash,cpm,aff,cpm,hash_aff,connected_triples,volume_full,0.0267,0.0231,0.0302
hash,cpm,aff,cpm,hash_aff,frequent_pairs,fanout,-0.269,-0.2895,-0.2495
hash,cpm,aff,cpm,hash_aff,frequent_pairs,single_shard_share,0.269,0.2495,0.2895
hash,cpm,aff,cpm,hash_aff,frequent_pairs,overlap_1,0.0004,0.0,0.001
hash,cpm,aff,cpm,hash_aff,frequent_pairs,overlap_2,0.0,0.0,0.0
hash,cpm,aff,cpm,hash_aff,frequent_pairs,overlap_3,0.0,0.0,0.0
hash,cpm,aff,cpm,hash_aff,frequent_pairs,overlap_5,0.0,0.0,0.0
hash,cpm,aff,cpm,hash_aff,frequent_pairs,overlap_full,0.0,0.0,0.0
hash,cpm,aff,cpm,hash_aff,frequent_pairs,volume_1,0.034,0.0309,0.0372
hash,cpm,aff,cpm,hash_aff,frequent_pairs,volume_2,0.064,0.0599,0.0682
hash,cpm,aff,cpm,hash_aff,frequent_pairs,volume_3,0.064,0.0599,0.0682
hash,cpm,aff,cpm,hash_aff,frequent_pairs,volume_5,0.064,0.0599,0.0682
hash,cpm,aff,cpm,hash_aff,frequent_pairs,volume_full,0.064,0.0599,0.0682
hash,cpm,aff,cpm,hash_aff,frequent_triples,fanout,-0.5085,-0.5375,-0.478
hash,cpm,aff,cpm,hash_aff,frequent_triples,single_shard_share,0.118,0.1045,0.133
hash,cpm,aff,cpm,hash_aff,frequent_triples,overlap_1,0.0135,0.0104,0.0167
hash,cpm,aff,cpm,hash_aff,frequent_triples,overlap_2,0.0,0.0,0.0
hash,cpm,aff,cpm,hash_aff,frequent_triples,overlap_3,0.0,0.0,0.0
hash,cpm,aff,cpm,hash_aff,frequent_triples,overlap_5,0.0,0.0,0.0
hash,cpm,aff,cpm,hash_aff,frequent_triples,overlap_full,0.0,0.0,0.0
hash,cpm,aff,cpm,hash_aff,frequent_triples,volume_1,0.0364,0.0332,0.0395
hash,cpm,aff,cpm,hash_aff,frequent_triples,volume_2,0.0673,0.0631,0.0713
hash,cpm,aff,cpm,hash_aff,frequent_triples,volume_3,0.0808,0.0762,0.085
hash,cpm,aff,cpm,hash_aff,frequent_triples,volume_5,0.0808,0.0762,0.085
hash,cpm,aff,cpm,hash_aff,frequent_triples,volume_full,0.0808,0.0762,0.085
hash,cpm,aff_r2,cpm,hash_aff,train,fanout,-0.5848,-0.6012,-0.5676
hash,cpm,aff_r2,cpm,hash_aff,train,single_shard_share,0.0521,0.0476,0.0566
hash,cpm,aff_r2,cpm,hash_aff,train,overlap_1,0.1495,0.1438,0.1548
hash,cpm,aff_r2,cpm,hash_aff,train,overlap_2,0.031,0.0288,0.0334
hash,cpm,aff_r2,cpm,hash_aff,train,overlap_3,0.0038,0.0031,0.0046
hash,cpm,aff_r2,cpm,hash_aff,train,overlap_5,0.0,0.0,0.0001
hash,cpm,aff_r2,cpm,hash_aff,train,overlap_full,0.0,0.0,0.0
hash,cpm,aff_r2,cpm,hash_aff,train,volume_1,0.0729,0.0708,0.0753
hash,cpm,aff_r2,cpm,hash_aff,train,volume_2,0.1529,0.1495,0.1562
hash,cpm,aff_r2,cpm,hash_aff,train,volume_3,0.2095,0.2051,0.2135
hash,cpm,aff_r2,cpm,hash_aff,train,volume_5,0.2302,0.2252,0.2347
hash,cpm,aff_r2,cpm,hash_aff,train,volume_full,0.23,0.2251,0.2344
hash,cpm,aff_r2,cpm,hash_aff,holdout,fanout,-0.4584,-0.4771,-0.4392
hash,cpm,aff_r2,cpm,hash_aff,holdout,single_shard_share,0.0373,0.0326,0.0419
hash,cpm,aff_r2,cpm,hash_aff,holdout,overlap_1,0.1277,0.1217,0.134
hash,cpm,aff_r2,cpm,hash_aff,holdout,overlap_2,0.025,0.0223,0.0278
hash,cpm,aff_r2,cpm,hash_aff,holdout,overlap_3,0.0028,0.0021,0.0036
hash,cpm,aff_r2,cpm,hash_aff,holdout,overlap_5,0.0002,0.0,0.0005
hash,cpm,aff_r2,cpm,hash_aff,holdout,overlap_full,0.0,0.0,0.0
hash,cpm,aff_r2,cpm,hash_aff,holdout,volume_1,0.0828,0.0794,0.086
hash,cpm,aff_r2,cpm,hash_aff,holdout,volume_2,0.1607,0.1557,0.1652
hash,cpm,aff_r2,cpm,hash_aff,holdout,volume_3,0.2161,0.2102,0.2215
hash,cpm,aff_r2,cpm,hash_aff,holdout,volume_5,0.243,0.2367,0.2489
hash,cpm,aff_r2,cpm,hash_aff,holdout,volume_full,0.2442,0.2377,0.2501
hash,cpm,aff_r2,cpm,hash_aff,ood,fanout,-0.5387,-0.5524,-0.5252
hash,cpm,aff_r2,cpm,hash_aff,ood,single_shard_share,0.0045,0.0031,0.0058
hash,cpm,aff_r2,cpm,hash_aff,ood,overlap_1,0.1804,0.1747,0.1858
hash,cpm,aff_r2,cpm,hash_aff,ood,overlap_2,0.0812,0.0772,0.0847
hash,cpm,aff_r2,cpm,hash_aff,ood,overlap_3,0.0203,0.0187,0.022
hash,cpm,aff_r2,cpm,hash_aff,ood,overlap_5,0.0008,0.0005,0.0011
hash,cpm,aff_r2,cpm,hash_aff,ood,overlap_full,0.0,0.0,0.0
hash,cpm,aff_r2,cpm,hash_aff,ood,volume_1,0.0542,0.0526,0.0561
hash,cpm,aff_r2,cpm,hash_aff,ood,volume_2,0.1209,0.1183,0.1236
hash,cpm,aff_r2,cpm,hash_aff,ood,volume_3,0.2006,0.197,0.2043
hash,cpm,aff_r2,cpm,hash_aff,ood,volume_5,0.2915,0.2868,0.296
hash,cpm,aff_r2,cpm,hash_aff,ood,volume_full,0.3008,0.2961,0.3055
hash,cpm,aff_r2,cpm,hash_aff,connected_pairs,fanout,-0.9995,-1.0,-0.9985
hash,cpm,aff_r2,cpm,hash_aff,connected_pairs,single_shard_share,0.9995,0.9985,1.0
hash,cpm,aff_r2,cpm,hash_aff,connected_pairs,overlap_1,0.1485,0.1384,0.1578
hash,cpm,aff_r2,cpm,hash_aff,connected_pairs,overlap_2,0.0,0.0,0.0
hash,cpm,aff_r2,cpm,hash_aff,connected_pairs,overlap_3,0.0,0.0,0.0
hash,cpm,aff_r2,cpm,hash_aff,connected_pairs,overlap_5,0.0,0.0,0.0
hash,cpm,aff_r2,cpm,hash_aff,connected_pairs,overlap_full,0.0,0.0,0.0
hash,cpm,aff_r2,cpm,hash_aff,connected_pairs,volume_1,0.0283,0.0251,0.0318
hash,cpm,aff_r2,cpm,hash_aff,connected_pairs,volume_2,0.0158,0.0125,0.0194
hash,cpm,aff_r2,cpm,hash_aff,connected_pairs,volume_3,0.0158,0.0125,0.0194
hash,cpm,aff_r2,cpm,hash_aff,connected_pairs,volume_5,0.0158,0.0125,0.0194
hash,cpm,aff_r2,cpm,hash_aff,connected_pairs,volume_full,0.0158,0.0125,0.0194
hash,cpm,aff_r2,cpm,hash_aff,connected_triples,fanout,-1.61,-1.633,-1.589
hash,cpm,aff_r2,cpm,hash_aff,connected_triples,single_shard_share,0.6145,0.5935,0.6365
hash,cpm,aff_r2,cpm,hash_aff,connected_triples,overlap_1,0.1592,0.1488,0.1698
hash,cpm,aff_r2,cpm,hash_aff,connected_triples,overlap_2,0.0023,0.0013,0.0036
hash,cpm,aff_r2,cpm,hash_aff,connected_triples,overlap_3,0.0,0.0,0.0
hash,cpm,aff_r2,cpm,hash_aff,connected_triples,overlap_5,0.0,0.0,0.0
hash,cpm,aff_r2,cpm,hash_aff,connected_triples,overlap_full,0.0,0.0,0.0
hash,cpm,aff_r2,cpm,hash_aff,connected_triples,volume_1,0.0703,0.0649,0.0753
hash,cpm,aff_r2,cpm,hash_aff,connected_triples,volume_2,0.1329,0.1251,0.1402
hash,cpm,aff_r2,cpm,hash_aff,connected_triples,volume_3,0.1082,0.1006,0.1153
hash,cpm,aff_r2,cpm,hash_aff,connected_triples,volume_5,0.1082,0.1006,0.1153
hash,cpm,aff_r2,cpm,hash_aff,connected_triples,volume_full,0.1082,0.1006,0.1153
hash,cpm,aff_r2,cpm,hash_aff,frequent_pairs,fanout,-0.4995,-0.522,-0.4775
hash,cpm,aff_r2,cpm,hash_aff,frequent_pairs,single_shard_share,0.4995,0.4775,0.522
hash,cpm,aff_r2,cpm,hash_aff,frequent_pairs,overlap_1,0.0004,0.0,0.001
hash,cpm,aff_r2,cpm,hash_aff,frequent_pairs,overlap_2,0.0,0.0,0.0
hash,cpm,aff_r2,cpm,hash_aff,frequent_pairs,overlap_3,0.0,0.0,0.0
hash,cpm,aff_r2,cpm,hash_aff,frequent_pairs,overlap_5,0.0,0.0,0.0
hash,cpm,aff_r2,cpm,hash_aff,frequent_pairs,overlap_full,0.0,0.0,0.0
hash,cpm,aff_r2,cpm,hash_aff,frequent_pairs,volume_1,0.1523,0.1447,0.1599
hash,cpm,aff_r2,cpm,hash_aff,frequent_pairs,volume_2,0.2147,0.2057,0.2243
hash,cpm,aff_r2,cpm,hash_aff,frequent_pairs,volume_3,0.2147,0.2057,0.2243
hash,cpm,aff_r2,cpm,hash_aff,frequent_pairs,volume_5,0.2147,0.2057,0.2243
hash,cpm,aff_r2,cpm,hash_aff,frequent_pairs,volume_full,0.2147,0.2057,0.2243
hash,cpm,aff_r2,cpm,hash_aff,frequent_triples,fanout,-0.9055,-0.9385,-0.8705
hash,cpm,aff_r2,cpm,hash_aff,frequent_triples,single_shard_share,0.255,0.2365,0.276
hash,cpm,aff_r2,cpm,hash_aff,frequent_triples,overlap_1,0.0228,0.0189,0.0268
hash,cpm,aff_r2,cpm,hash_aff,frequent_triples,overlap_2,0.0,0.0,0.0
hash,cpm,aff_r2,cpm,hash_aff,frequent_triples,overlap_3,0.0,0.0,0.0
hash,cpm,aff_r2,cpm,hash_aff,frequent_triples,overlap_5,0.0,0.0,0.0
hash,cpm,aff_r2,cpm,hash_aff,frequent_triples,overlap_full,0.0,0.0,0.0
hash,cpm,aff_r2,cpm,hash_aff,frequent_triples,volume_1,0.1438,0.1358,0.1509
hash,cpm,aff_r2,cpm,hash_aff,frequent_triples,volume_2,0.2535,0.2443,0.2624
hash,cpm,aff_r2,cpm,hash_aff,frequent_triples,volume_3,0.273,0.2636,0.283
hash,cpm,aff_r2,cpm,hash_aff,frequent_triples,volume_5,0.273,0.2636,0.283
hash,cpm,aff_r2,cpm,hash_aff,frequent_triples,volume_full,0.273,0.2636,0.283
hash,cpm,aff_r3,cpm,hash_aff,train,fanout,-0.6939,-0.7118,-0.6757
hash,cpm,aff_r3,cpm,hash_aff,train,single_shard_share,0.0657,0.0608,0.0709
hash,cpm,aff_r3,cpm,hash_aff,train,overlap_1,0.1698,0.1642,0.1754
hash,cpm,aff_r3,cpm,hash_aff,train,overlap_2,0.0342,0.0319,0.0366
hash,cpm,aff_r3,cpm,hash_aff,train,overlap_3,0.0042,0.0034,0.005
hash,cpm,aff_r3,cpm,hash_aff,train,overlap_5,0.0,0.0,0.0001
hash,cpm,aff_r3,cpm,hash_aff,train,overlap_full,0.0,0.0,0.0
hash,cpm,aff_r3,cpm,hash_aff,train,volume_1,0.1042,0.1014,0.1071
hash,cpm,aff_r3,cpm,hash_aff,train,volume_2,0.2175,0.2132,0.2213
hash,cpm,aff_r3,cpm,hash_aff,train,volume_3,0.2892,0.2837,0.2939
hash,cpm,aff_r3,cpm,hash_aff,train,volume_5,0.3125,0.3064,0.3184
hash,cpm,aff_r3,cpm,hash_aff,train,volume_full,0.3123,0.3063,0.3184
hash,cpm,aff_r3,cpm,hash_aff,holdout,fanout,-0.5524,-0.5721,-0.5315
hash,cpm,aff_r3,cpm,hash_aff,holdout,single_shard_share,0.0484,0.0432,0.0537
hash,cpm,aff_r3,cpm,hash_aff,holdout,overlap_1,0.1477,0.1413,0.1542
hash,cpm,aff_r3,cpm,hash_aff,holdout,overlap_2,0.0291,0.0264,0.032
hash,cpm,aff_r3,cpm,hash_aff,holdout,overlap_3,0.0031,0.0022,0.0039
hash,cpm,aff_r3,cpm,hash_aff,holdout,overlap_5,0.0002,0.0,0.0006
hash,cpm,aff_r3,cpm,hash_aff,holdout,overlap_full,0.0,0.0,0.0
hash,cpm,aff_r3,cpm,hash_aff,holdout,volume_1,0.1173,0.1133,0.1213
hash,cpm,aff_r3,cpm,hash_aff,holdout,volume_2,0.2282,0.2226,0.2335
hash,cpm,aff_r3,cpm,hash_aff,holdout,volume_3,0.3035,0.2966,0.3102
hash,cpm,aff_r3,cpm,hash_aff,holdout,volume_5,0.3378,0.3297,0.3456
hash,cpm,aff_r3,cpm,hash_aff,holdout,volume_full,0.3392,0.3313,0.3471
hash,cpm,aff_r3,cpm,hash_aff,ood,fanout,-0.612,-0.6271,-0.5975
hash,cpm,aff_r3,cpm,hash_aff,ood,single_shard_share,0.0052,0.0039,0.0066
hash,cpm,aff_r3,cpm,hash_aff,ood,overlap_1,0.2027,0.1971,0.2084
hash,cpm,aff_r3,cpm,hash_aff,ood,overlap_2,0.0925,0.0884,0.0961
hash,cpm,aff_r3,cpm,hash_aff,ood,overlap_3,0.0232,0.0214,0.025
hash,cpm,aff_r3,cpm,hash_aff,ood,overlap_5,0.001,0.0006,0.0013
hash,cpm,aff_r3,cpm,hash_aff,ood,overlap_full,0.0,0.0,0.0
hash,cpm,aff_r3,cpm,hash_aff,ood,volume_1,0.0749,0.0728,0.0771
hash,cpm,aff_r3,cpm,hash_aff,ood,volume_2,0.1714,0.1678,0.1747
hash,cpm,aff_r3,cpm,hash_aff,ood,volume_3,0.2858,0.2813,0.2903
hash,cpm,aff_r3,cpm,hash_aff,ood,volume_5,0.413,0.4075,0.4189
hash,cpm,aff_r3,cpm,hash_aff,ood,volume_full,0.4262,0.4204,0.4324
hash,cpm,aff_r3,cpm,hash_aff,connected_pairs,fanout,-1.0,-1.0,-1.0
hash,cpm,aff_r3,cpm,hash_aff,connected_pairs,single_shard_share,1.0,1.0,1.0
hash,cpm,aff_r3,cpm,hash_aff,connected_pairs,overlap_1,0.1485,0.1384,0.1578
hash,cpm,aff_r3,cpm,hash_aff,connected_pairs,overlap_2,0.0,0.0,0.0
hash,cpm,aff_r3,cpm,hash_aff,connected_pairs,overlap_3,0.0,0.0,0.0
hash,cpm,aff_r3,cpm,hash_aff,connected_pairs,overlap_5,0.0,0.0,0.0
hash,cpm,aff_r3,cpm,hash_aff,connected_pairs,overlap_full,0.0,0.0,0.0
hash,cpm,aff_r3,cpm,hash_aff,connected_pairs,volume_1,0.045,0.041,0.0497
hash,cpm,aff_r3,cpm,hash_aff,connected_pairs,volume_2,0.0325,0.0284,0.0373
hash,cpm,aff_r3,cpm,hash_aff,connected_pairs,volume_3,0.0325,0.0284,0.0373
hash,cpm,aff_r3,cpm,hash_aff,connected_pairs,volume_5,0.0325,0.0284,0.0373
hash,cpm,aff_r3,cpm,hash_aff,connected_pairs,volume_full,0.0325,0.0284,0.0373
hash,cpm,aff_r3,cpm,hash_aff,connected_triples,fanout,-1.722,-1.741,-1.7015
hash,cpm,aff_r3,cpm,hash_aff,connected_triples,single_shard_share,0.7235,0.703,0.7425
hash,cpm,aff_r3,cpm,hash_aff,connected_triples,overlap_1,0.1594,0.149,0.1702
hash,cpm,aff_r3,cpm,hash_aff,connected_triples,overlap_2,0.0023,0.0013,0.0036
hash,cpm,aff_r3,cpm,hash_aff,connected_triples,overlap_3,0.0,0.0,0.0
hash,cpm,aff_r3,cpm,hash_aff,connected_triples,overlap_5,0.0,0.0,0.0
hash,cpm,aff_r3,cpm,hash_aff,connected_triples,overlap_full,0.0,0.0,0.0
hash,cpm,aff_r3,cpm,hash_aff,connected_triples,volume_1,0.1087,0.1022,0.1155
hash,cpm,aff_r3,cpm,hash_aff,connected_triples,volume_2,0.1699,0.1611,0.1783
hash,cpm,aff_r3,cpm,hash_aff,connected_triples,volume_3,0.1446,0.136,0.1528
hash,cpm,aff_r3,cpm,hash_aff,connected_triples,volume_5,0.1446,0.136,0.1528
hash,cpm,aff_r3,cpm,hash_aff,connected_triples,volume_full,0.1446,0.136,0.1528
hash,cpm,aff_r3,cpm,hash_aff,frequent_pairs,fanout,-0.6205,-0.642,-0.5985
hash,cpm,aff_r3,cpm,hash_aff,frequent_pairs,single_shard_share,0.6205,0.5985,0.642
hash,cpm,aff_r3,cpm,hash_aff,frequent_pairs,overlap_1,0.0004,0.0,0.001
hash,cpm,aff_r3,cpm,hash_aff,frequent_pairs,overlap_2,0.0,0.0,0.0
hash,cpm,aff_r3,cpm,hash_aff,frequent_pairs,overlap_3,0.0,0.0,0.0
hash,cpm,aff_r3,cpm,hash_aff,frequent_pairs,overlap_5,0.0,0.0,0.0
hash,cpm,aff_r3,cpm,hash_aff,frequent_pairs,overlap_full,0.0,0.0,0.0
hash,cpm,aff_r3,cpm,hash_aff,frequent_pairs,volume_1,0.2087,0.1998,0.2178
hash,cpm,aff_r3,cpm,hash_aff,frequent_pairs,volume_2,0.2754,0.2649,0.2871
hash,cpm,aff_r3,cpm,hash_aff,frequent_pairs,volume_3,0.2754,0.2649,0.2871
hash,cpm,aff_r3,cpm,hash_aff,frequent_pairs,volume_5,0.2754,0.2649,0.2871
hash,cpm,aff_r3,cpm,hash_aff,frequent_pairs,volume_full,0.2754,0.2649,0.2871
hash,cpm,aff_r3,cpm,hash_aff,frequent_triples,fanout,-1.135,-1.166,-1.101
hash,cpm,aff_r3,cpm,hash_aff,frequent_triples,single_shard_share,0.3385,0.317,0.358
hash,cpm,aff_r3,cpm,hash_aff,frequent_triples,overlap_1,0.0264,0.0222,0.0309
hash,cpm,aff_r3,cpm,hash_aff,frequent_triples,overlap_2,0.0,0.0,0.0
hash,cpm,aff_r3,cpm,hash_aff,frequent_triples,overlap_3,0.0,0.0,0.0
hash,cpm,aff_r3,cpm,hash_aff,frequent_triples,overlap_5,0.0,0.0,0.0
hash,cpm,aff_r3,cpm,hash_aff,frequent_triples,overlap_full,0.0,0.0,0.0
hash,cpm,aff_r3,cpm,hash_aff,frequent_triples,volume_1,0.1968,0.1879,0.2056
hash,cpm,aff_r3,cpm,hash_aff,frequent_triples,volume_2,0.336,0.3265,0.3464
hash,cpm,aff_r3,cpm,hash_aff,frequent_triples,volume_3,0.3481,0.3374,0.3596
hash,cpm,aff_r3,cpm,hash_aff,frequent_triples,volume_5,0.3481,0.3374,0.3596
hash,cpm,aff_r3,cpm,hash_aff,frequent_triples,volume_full,0.3481,0.3374,0.3596
hash,cpm,bal,cpm,hash_bal,train,fanout,-0.3518,-0.3641,-0.3383
hash,cpm,bal,cpm,hash_bal,train,single_shard_share,0.0293,0.0258,0.0327
hash,cpm,bal,cpm,hash_bal,train,overlap_1,0.0803,0.0753,0.0851
hash,cpm,bal,cpm,hash_bal,train,overlap_2,0.015,0.0132,0.0166
hash,cpm,bal,cpm,hash_bal,train,overlap_3,0.0016,0.0012,0.0021
hash,cpm,bal,cpm,hash_bal,train,overlap_5,0.0,-0.0,0.0
hash,cpm,bal,cpm,hash_bal,train,overlap_full,0.0,0.0,0.0
hash,cpm,bal,cpm,hash_bal,train,volume_1,-0.0254,-0.0263,-0.0247
hash,cpm,bal,cpm,hash_bal,train,volume_2,-0.0598,-0.061,-0.0586
hash,cpm,bal,cpm,hash_bal,train,volume_3,-0.1033,-0.1049,-0.1015
hash,cpm,bal,cpm,hash_bal,train,volume_5,-0.1534,-0.1557,-0.1508
hash,cpm,bal,cpm,hash_bal,train,volume_full,-0.1623,-0.1651,-0.1594
hash,cpm,bal,cpm,hash_bal,holdout,fanout,-0.2591,-0.2738,-0.2444
hash,cpm,bal,cpm,hash_bal,holdout,single_shard_share,0.0202,0.0164,0.0241
hash,cpm,bal,cpm,hash_bal,holdout,overlap_1,0.0612,0.0557,0.0666
hash,cpm,bal,cpm,hash_bal,holdout,overlap_2,0.0099,0.0078,0.012
hash,cpm,bal,cpm,hash_bal,holdout,overlap_3,0.0012,0.0006,0.0019
hash,cpm,bal,cpm,hash_bal,holdout,overlap_5,0.0,-0.0001,0.0001
hash,cpm,bal,cpm,hash_bal,holdout,overlap_full,0.0,0.0,0.0
hash,cpm,bal,cpm,hash_bal,holdout,volume_1,-0.0253,-0.0263,-0.0243
hash,cpm,bal,cpm,hash_bal,holdout,volume_2,-0.0575,-0.0591,-0.0561
hash,cpm,bal,cpm,hash_bal,holdout,volume_3,-0.0966,-0.0988,-0.0943
hash,cpm,bal,cpm,hash_bal,holdout,volume_5,-0.1386,-0.1415,-0.1355
hash,cpm,bal,cpm,hash_bal,holdout,volume_full,-0.146,-0.1492,-0.1427
hash,cpm,bal,cpm,hash_bal,ood,fanout,-0.3555,-0.3687,-0.3427
hash,cpm,bal,cpm,hash_bal,ood,single_shard_share,0.0018,0.001,0.0027
hash,cpm,bal,cpm,hash_bal,ood,overlap_1,0.0957,0.0904,0.1011
hash,cpm,bal,cpm,hash_bal,ood,overlap_2,0.0339,0.0305,0.0368
hash,cpm,bal,cpm,hash_bal,ood,overlap_3,0.0072,0.0058,0.0085
hash,cpm,bal,cpm,hash_bal,ood,overlap_5,0.0002,0.0,0.0004
hash,cpm,bal,cpm,hash_bal,ood,overlap_full,0.0,0.0,0.0
hash,cpm,bal,cpm,hash_bal,ood,volume_1,-0.026,-0.0268,-0.0252
hash,cpm,bal,cpm,hash_bal,ood,volume_2,-0.0527,-0.0538,-0.0516
hash,cpm,bal,cpm,hash_bal,ood,volume_3,-0.0888,-0.0904,-0.0874
hash,cpm,bal,cpm,hash_bal,ood,volume_5,-0.1776,-0.1799,-0.1753
hash,cpm,bal,cpm,hash_bal,ood,volume_full,-0.2037,-0.2066,-0.2008
hash,cpm,bal,cpm,hash_bal,connected_pairs,fanout,-0.982,-0.9875,-0.976
hash,cpm,bal,cpm,hash_bal,connected_pairs,single_shard_share,0.982,0.976,0.9875
hash,cpm,bal,cpm,hash_bal,connected_pairs,overlap_1,0.1278,0.1189,0.1362
hash,cpm,bal,cpm,hash_bal,connected_pairs,overlap_2,0.0,0.0,0.0
hash,cpm,bal,cpm,hash_bal,connected_pairs,overlap_3,0.0,0.0,0.0
hash,cpm,bal,cpm,hash_bal,connected_pairs,overlap_5,0.0,0.0,0.0
hash,cpm,bal,cpm,hash_bal,connected_pairs,overlap_full,0.0,0.0,0.0
hash,cpm,bal,cpm,hash_bal,connected_pairs,volume_1,-0.0262,-0.028,-0.0244
hash,cpm,bal,cpm,hash_bal,connected_pairs,volume_2,-0.199,-0.2015,-0.1963
hash,cpm,bal,cpm,hash_bal,connected_pairs,volume_3,-0.199,-0.2015,-0.1963
hash,cpm,bal,cpm,hash_bal,connected_pairs,volume_5,-0.199,-0.2015,-0.1963
hash,cpm,bal,cpm,hash_bal,connected_pairs,volume_full,-0.199,-0.2015,-0.1963
hash,cpm,bal,cpm,hash_bal,connected_triples,fanout,-1.3015,-1.332,-1.272
hash,cpm,bal,cpm,hash_bal,connected_triples,single_shard_share,0.4275,0.4045,0.4495
hash,cpm,bal,cpm,hash_bal,connected_triples,overlap_1,0.1251,0.1159,0.1342
hash,cpm,bal,cpm,hash_bal,connected_triples,overlap_2,0.0019,0.001,0.003
hash,cpm,bal,cpm,hash_bal,connected_triples,overlap_3,0.0,0.0,0.0
hash,cpm,bal,cpm,hash_bal,connected_triples,overlap_5,0.0,0.0,0.0
hash,cpm,bal,cpm,hash_bal,connected_triples,overlap_full,0.0,0.0,0.0
hash,cpm,bal,cpm,hash_bal,connected_triples,volume_1,-0.0255,-0.0273,-0.0237
hash,cpm,bal,cpm,hash_bal,connected_triples,volume_2,-0.1167,-0.1213,-0.1125
hash,cpm,bal,cpm,hash_bal,connected_triples,volume_3,-0.2842,-0.2896,-0.2792
hash,cpm,bal,cpm,hash_bal,connected_triples,volume_5,-0.2842,-0.2896,-0.2792
hash,cpm,bal,cpm,hash_bal,connected_triples,volume_full,-0.2842,-0.2896,-0.2792
hash,cpm,bal,cpm,hash_bal,frequent_pairs,fanout,-0.2475,-0.268,-0.227
hash,cpm,bal,cpm,hash_bal,frequent_pairs,single_shard_share,0.2475,0.227,0.268
hash,cpm,bal,cpm,hash_bal,frequent_pairs,overlap_1,0.0003,0.0,0.0009
hash,cpm,bal,cpm,hash_bal,frequent_pairs,overlap_2,0.0,0.0,0.0
hash,cpm,bal,cpm,hash_bal,frequent_pairs,overlap_3,0.0,0.0,0.0
hash,cpm,bal,cpm,hash_bal,frequent_pairs,overlap_5,0.0,0.0,0.0
hash,cpm,bal,cpm,hash_bal,frequent_pairs,overlap_full,0.0,0.0,0.0
hash,cpm,bal,cpm,hash_bal,frequent_pairs,volume_1,-0.0311,-0.0329,-0.0292
hash,cpm,bal,cpm,hash_bal,frequent_pairs,volume_2,-0.1143,-0.1183,-0.1106
hash,cpm,bal,cpm,hash_bal,frequent_pairs,volume_3,-0.1143,-0.1183,-0.1106
hash,cpm,bal,cpm,hash_bal,frequent_pairs,volume_5,-0.1143,-0.1183,-0.1106
hash,cpm,bal,cpm,hash_bal,frequent_pairs,volume_full,-0.1143,-0.1183,-0.1106
hash,cpm,bal,cpm,hash_bal,frequent_triples,fanout,-0.473,-0.5025,-0.444
hash,cpm,bal,cpm,hash_bal,frequent_triples,single_shard_share,0.101,0.0885,0.115
hash,cpm,bal,cpm,hash_bal,frequent_triples,overlap_1,0.0094,0.0066,0.0125
hash,cpm,bal,cpm,hash_bal,frequent_triples,overlap_2,0.0,0.0,0.0
hash,cpm,bal,cpm,hash_bal,frequent_triples,overlap_3,0.0,0.0,0.0
hash,cpm,bal,cpm,hash_bal,frequent_triples,overlap_5,0.0,0.0,0.0
hash,cpm,bal,cpm,hash_bal,frequent_triples,overlap_full,0.0,0.0,0.0
hash,cpm,bal,cpm,hash_bal,frequent_triples,volume_1,-0.0295,-0.0313,-0.0277
hash,cpm,bal,cpm,hash_bal,frequent_triples,volume_2,-0.0824,-0.0857,-0.0791
hash,cpm,bal,cpm,hash_bal,frequent_triples,volume_3,-0.1919,-0.1971,-0.1869
hash,cpm,bal,cpm,hash_bal,frequent_triples,volume_5,-0.1919,-0.1971,-0.1869
hash,cpm,bal,cpm,hash_bal,frequent_triples,volume_full,-0.1919,-0.1971,-0.1869
strategy,cpm,aff,cpm,base,train,fanout,-0.1,-0.1062,-0.0935
strategy,cpm,aff,cpm,base,train,single_shard_share,0.0133,0.011,0.0156
strategy,cpm,aff,cpm,base,train,overlap_1,0.042,0.0389,0.0451
strategy,cpm,aff,cpm,base,train,overlap_2,0.0094,0.0081,0.0107
strategy,cpm,aff,cpm,base,train,overlap_3,0.0012,0.0008,0.0017
strategy,cpm,aff,cpm,base,train,overlap_5,0.0,0.0,0.0
strategy,cpm,aff,cpm,base,train,overlap_full,0.0,0.0,0.0
strategy,cpm,aff,cpm,base,train,volume_1,0.0158,0.0151,0.0166
strategy,cpm,aff,cpm,base,train,volume_2,0.0328,0.0318,0.0338
strategy,cpm,aff,cpm,base,train,volume_3,0.0499,0.0484,0.0512
strategy,cpm,aff,cpm,base,train,volume_5,0.0607,0.0591,0.0622
strategy,cpm,aff,cpm,base,train,volume_full,0.0617,0.0601,0.0633
strategy,cpm,aff,cpm,base,holdout,fanout,-0.1216,-0.1311,-0.1129
strategy,cpm,aff,cpm,base,holdout,single_shard_share,0.0138,0.0108,0.0167
strategy,cpm,aff,cpm,base,holdout,overlap_1,0.0462,0.0425,0.0498
strategy,cpm,aff,cpm,base,holdout,overlap_2,0.0105,0.0087,0.0124
strategy,cpm,aff,cpm,base,holdout,overlap_3,0.0012,0.0007,0.0018
strategy,cpm,aff,cpm,base,holdout,overlap_5,0.0,0.0,0.0001
strategy,cpm,aff,cpm,base,holdout,overlap_full,0.0,0.0,0.0
strategy,cpm,aff,cpm,base,holdout,volume_1,0.0182,0.0172,0.0193
strategy,cpm,aff,cpm,base,holdout,volume_2,0.0346,0.0332,0.036
strategy,cpm,aff,cpm,base,holdout,volume_3,0.0505,0.0487,0.0521
strategy,cpm,aff,cpm,base,holdout,volume_5,0.0622,0.0602,0.0642
strategy,cpm,aff,cpm,base,holdout,volume_full,0.0631,0.0611,0.0651
strategy,cpm,aff,cpm,base,ood,fanout,-0.0978,-0.1041,-0.0918
strategy,cpm,aff,cpm,base,ood,single_shard_share,0.0007,0.0002,0.0013
strategy,cpm,aff,cpm,base,ood,overlap_1,0.0422,0.0394,0.0448
strategy,cpm,aff,cpm,base,ood,overlap_2,0.0238,0.0218,0.0255
strategy,cpm,aff,cpm,base,ood,overlap_3,0.0066,0.0058,0.0075
strategy,cpm,aff,cpm,base,ood,overlap_5,0.0004,0.0002,0.0006
strategy,cpm,aff,cpm,base,ood,overlap_full,0.0,0.0,0.0
strategy,cpm,aff,cpm,base,ood,volume_1,0.013,0.0125,0.0134
strategy,cpm,aff,cpm,base,ood,volume_2,0.0254,0.0247,0.0262
strategy,cpm,aff,cpm,base,ood,volume_3,0.0383,0.0375,0.0393
strategy,cpm,aff,cpm,base,ood,volume_5,0.0554,0.0542,0.0566
strategy,cpm,aff,cpm,base,ood,volume_full,0.0582,0.0569,0.0595
strategy,cpm,aff,cpm,base,connected_pairs,fanout,0.0,0.0,0.0
strategy,cpm,aff,cpm,base,connected_pairs,single_shard_share,0.0,0.0,0.0
strategy,cpm,aff,cpm,base,connected_pairs,overlap_1,0.0,0.0,0.0
strategy,cpm,aff,cpm,base,connected_pairs,overlap_2,0.0,0.0,0.0
strategy,cpm,aff,cpm,base,connected_pairs,overlap_3,0.0,0.0,0.0
strategy,cpm,aff,cpm,base,connected_pairs,overlap_5,0.0,0.0,0.0
strategy,cpm,aff,cpm,base,connected_pairs,overlap_full,0.0,0.0,0.0
strategy,cpm,aff,cpm,base,connected_pairs,volume_1,0.0047,0.0041,0.0054
strategy,cpm,aff,cpm,base,connected_pairs,volume_2,0.0049,0.0043,0.0057
strategy,cpm,aff,cpm,base,connected_pairs,volume_3,0.0049,0.0043,0.0057
strategy,cpm,aff,cpm,base,connected_pairs,volume_5,0.0049,0.0043,0.0057
strategy,cpm,aff,cpm,base,connected_pairs,volume_full,0.0049,0.0043,0.0057
strategy,cpm,aff,cpm,base,connected_triples,fanout,0.0,0.0,0.0
strategy,cpm,aff,cpm,base,connected_triples,single_shard_share,0.0,0.0,0.0
strategy,cpm,aff,cpm,base,connected_triples,overlap_1,0.0,0.0,0.0
strategy,cpm,aff,cpm,base,connected_triples,overlap_2,0.0,0.0,0.0
strategy,cpm,aff,cpm,base,connected_triples,overlap_3,0.0,0.0,0.0
strategy,cpm,aff,cpm,base,connected_triples,overlap_5,0.0,0.0,0.0
strategy,cpm,aff,cpm,base,connected_triples,overlap_full,0.0,0.0,0.0
strategy,cpm,aff,cpm,base,connected_triples,volume_1,0.0086,0.0076,0.0096
strategy,cpm,aff,cpm,base,connected_triples,volume_2,0.0218,0.0203,0.0233
strategy,cpm,aff,cpm,base,connected_triples,volume_3,0.024,0.0222,0.0258
strategy,cpm,aff,cpm,base,connected_triples,volume_5,0.024,0.0222,0.0258
strategy,cpm,aff,cpm,base,connected_triples,volume_full,0.024,0.0222,0.0258
strategy,cpm,aff,cpm,base,frequent_pairs,fanout,0.0,0.0,0.0
strategy,cpm,aff,cpm,base,frequent_pairs,single_shard_share,0.0,0.0,0.0
strategy,cpm,aff,cpm,base,frequent_pairs,overlap_1,0.0,0.0,0.0
strategy,cpm,aff,cpm,base,frequent_pairs,overlap_2,0.0,0.0,0.0
strategy,cpm,aff,cpm,base,frequent_pairs,overlap_3,0.0,0.0,0.0
strategy,cpm,aff,cpm,base,frequent_pairs,overlap_5,0.0,0.0,0.0
strategy,cpm,aff,cpm,base,frequent_pairs,overlap_full,0.0,0.0,0.0
strategy,cpm,aff,cpm,base,frequent_pairs,volume_1,0.0155,0.014,0.017
strategy,cpm,aff,cpm,base,frequent_pairs,volume_2,0.0363,0.0342,0.0384
strategy,cpm,aff,cpm,base,frequent_pairs,volume_3,0.0363,0.0342,0.0384
strategy,cpm,aff,cpm,base,frequent_pairs,volume_5,0.0363,0.0342,0.0384
strategy,cpm,aff,cpm,base,frequent_pairs,volume_full,0.0363,0.0342,0.0384
strategy,cpm,aff,cpm,base,frequent_triples,fanout,0.0,0.0,0.0
strategy,cpm,aff,cpm,base,frequent_triples,single_shard_share,0.0,0.0,0.0
strategy,cpm,aff,cpm,base,frequent_triples,overlap_1,0.0004,0.0001,0.0007
strategy,cpm,aff,cpm,base,frequent_triples,overlap_2,0.0,0.0,0.0
strategy,cpm,aff,cpm,base,frequent_triples,overlap_3,0.0,0.0,0.0
strategy,cpm,aff,cpm,base,frequent_triples,overlap_5,0.0,0.0,0.0
strategy,cpm,aff,cpm,base,frequent_triples,overlap_full,0.0,0.0,0.0
strategy,cpm,aff,cpm,base,frequent_triples,volume_1,0.0159,0.0146,0.0174
strategy,cpm,aff,cpm,base,frequent_triples,volume_2,0.0337,0.0317,0.0357
strategy,cpm,aff,cpm,base,frequent_triples,volume_3,0.0504,0.048,0.0527
strategy,cpm,aff,cpm,base,frequent_triples,volume_5,0.0504,0.048,0.0527
strategy,cpm,aff,cpm,base,frequent_triples,volume_full,0.0504,0.048,0.0527
strategy,cpm,aff_r2,cpm,base_r2,train,fanout,-0.1079,-0.1144,-0.1013
strategy,cpm,aff_r2,cpm,base_r2,train,single_shard_share,0.0176,0.0149,0.0202
strategy,cpm,aff_r2,cpm,base_r2,train,overlap_1,0.0422,0.0392,0.0453
strategy,cpm,aff_r2,cpm,base_r2,train,overlap_2,0.0083,0.0072,0.0095
strategy,cpm,aff_r2,cpm,base_r2,train,overlap_3,0.0008,0.0005,0.0012
strategy,cpm,aff_r2,cpm,base_r2,train,overlap_5,0.0,0.0,0.0
strategy,cpm,aff_r2,cpm,base_r2,train,overlap_full,0.0,0.0,0.0
strategy,cpm,aff_r2,cpm,base_r2,train,volume_1,0.0252,0.024,0.0264
strategy,cpm,aff_r2,cpm,base_r2,train,volume_2,0.0488,0.0472,0.0503
strategy,cpm,aff_r2,cpm,base_r2,train,volume_3,0.0691,0.067,0.071
strategy,cpm,aff_r2,cpm,base_r2,train,volume_5,0.0789,0.0766,0.0811
strategy,cpm,aff_r2,cpm,base_r2,train,volume_full,0.0796,0.0773,0.0819
strategy,cpm,aff_r2,cpm,base_r2,holdout,fanout,-0.1292,-0.1389,-0.1198
strategy,cpm,aff_r2,cpm,base_r2,holdout,single_shard_share,0.0164,0.0131,0.0197
strategy,cpm,aff_r2,cpm,base_r2,holdout,overlap_1,0.0485,0.0444,0.0523
strategy,cpm,aff_r2,cpm,base_r2,holdout,overlap_2,0.0104,0.0086,0.0122
strategy,cpm,aff_r2,cpm,base_r2,holdout,overlap_3,0.0012,0.0007,0.0017
strategy,cpm,aff_r2,cpm,base_r2,holdout,overlap_5,0.0,0.0,0.0001
strategy,cpm,aff_r2,cpm,base_r2,holdout,overlap_full,0.0,0.0,0.0
strategy,cpm,aff_r2,cpm,base_r2,holdout,volume_1,0.0293,0.0277,0.0309
strategy,cpm,aff_r2,cpm,base_r2,holdout,volume_2,0.0522,0.05,0.0544
strategy,cpm,aff_r2,cpm,base_r2,holdout,volume_3,0.0705,0.068,0.0733
strategy,cpm,aff_r2,cpm,base_r2,holdout,volume_5,0.0823,0.0793,0.0852
strategy,cpm,aff_r2,cpm,base_r2,holdout,volume_full,0.0827,0.0799,0.0855
strategy,cpm,aff_r2,cpm,base_r2,ood,fanout,-0.1152,-0.1219,-0.1088
strategy,cpm,aff_r2,cpm,base_r2,ood,single_shard_share,0.0019,0.0011,0.0028
strategy,cpm,aff_r2,cpm,base_r2,ood,overlap_1,0.0458,0.0429,0.0487
strategy,cpm,aff_r2,cpm,base_r2,ood,overlap_2,0.0246,0.0227,0.0264
strategy,cpm,aff_r2,cpm,base_r2,ood,overlap_3,0.0068,0.0059,0.0077
strategy,cpm,aff_r2,cpm,base_r2,ood,overlap_5,0.0004,0.0003,0.0006
strategy,cpm,aff_r2,cpm,base_r2,ood,overlap_full,0.0,0.0,0.0
strategy,cpm,aff_r2,cpm,base_r2,ood,volume_1,0.0219,0.0209,0.0228
strategy,cpm,aff_r2,cpm,base_r2,ood,volume_2,0.0452,0.0439,0.0465
strategy,cpm,aff_r2,cpm,base_r2,ood,volume_3,0.0662,0.0645,0.0678
strategy,cpm,aff_r2,cpm,base_r2,ood,volume_5,0.0874,0.0855,0.0892
strategy,cpm,aff_r2,cpm,base_r2,ood,volume_full,0.0892,0.0873,0.0913
strategy,cpm,aff_r2,cpm,base_r2,connected_pairs,fanout,0.0,0.0,0.0
strategy,cpm,aff_r2,cpm,base_r2,connected_pairs,single_shard_share,0.0,0.0,0.0
strategy,cpm,aff_r2,cpm,base_r2,connected_pairs,overlap_1,0.0,0.0,0.0
strategy,cpm,aff_r2,cpm,base_r2,connected_pairs,overlap_2,0.0,0.0,0.0
strategy,cpm,aff_r2,cpm,base_r2,connected_pairs,overlap_3,0.0,0.0,0.0
strategy,cpm,aff_r2,cpm,base_r2,connected_pairs,overlap_5,0.0,0.0,0.0
strategy,cpm,aff_r2,cpm,base_r2,connected_pairs,overlap_full,0.0,0.0,0.0
strategy,cpm,aff_r2,cpm,base_r2,connected_pairs,volume_1,0.0054,0.0048,0.0061
strategy,cpm,aff_r2,cpm,base_r2,connected_pairs,volume_2,0.0055,0.0048,0.0061
strategy,cpm,aff_r2,cpm,base_r2,connected_pairs,volume_3,0.0055,0.0048,0.0061
strategy,cpm,aff_r2,cpm,base_r2,connected_pairs,volume_5,0.0055,0.0048,0.0061
strategy,cpm,aff_r2,cpm,base_r2,connected_pairs,volume_full,0.0055,0.0048,0.0061
strategy,cpm,aff_r2,cpm,base_r2,connected_triples,fanout,0.0,0.0,0.0
strategy,cpm,aff_r2,cpm,base_r2,connected_triples,single_shard_share,0.0,0.0,0.0
strategy,cpm,aff_r2,cpm,base_r2,connected_triples,overlap_1,0.0,0.0,0.0
strategy,cpm,aff_r2,cpm,base_r2,connected_triples,overlap_2,0.0,0.0,0.0
strategy,cpm,aff_r2,cpm,base_r2,connected_triples,overlap_3,0.0,0.0,0.0
strategy,cpm,aff_r2,cpm,base_r2,connected_triples,overlap_5,0.0,0.0,0.0
strategy,cpm,aff_r2,cpm,base_r2,connected_triples,overlap_full,0.0,0.0,0.0
strategy,cpm,aff_r2,cpm,base_r2,connected_triples,volume_1,0.0097,0.0088,0.0107
strategy,cpm,aff_r2,cpm,base_r2,connected_triples,volume_2,0.018,0.0167,0.0193
strategy,cpm,aff_r2,cpm,base_r2,connected_triples,volume_3,0.018,0.0167,0.0194
strategy,cpm,aff_r2,cpm,base_r2,connected_triples,volume_5,0.018,0.0167,0.0194
strategy,cpm,aff_r2,cpm,base_r2,connected_triples,volume_full,0.018,0.0167,0.0194
strategy,cpm,aff_r2,cpm,base_r2,frequent_pairs,fanout,0.0,0.0,0.0
strategy,cpm,aff_r2,cpm,base_r2,frequent_pairs,single_shard_share,0.0,0.0,0.0
strategy,cpm,aff_r2,cpm,base_r2,frequent_pairs,overlap_1,0.0,0.0,0.0
strategy,cpm,aff_r2,cpm,base_r2,frequent_pairs,overlap_2,0.0,0.0,0.0
strategy,cpm,aff_r2,cpm,base_r2,frequent_pairs,overlap_3,0.0,0.0,0.0
strategy,cpm,aff_r2,cpm,base_r2,frequent_pairs,overlap_5,0.0,0.0,0.0
strategy,cpm,aff_r2,cpm,base_r2,frequent_pairs,overlap_full,0.0,0.0,0.0
strategy,cpm,aff_r2,cpm,base_r2,frequent_pairs,volume_1,0.0176,0.0164,0.019
strategy,cpm,aff_r2,cpm,base_r2,frequent_pairs,volume_2,0.0288,0.0272,0.0306
strategy,cpm,aff_r2,cpm,base_r2,frequent_pairs,volume_3,0.0288,0.0272,0.0306
strategy,cpm,aff_r2,cpm,base_r2,frequent_pairs,volume_5,0.0288,0.0272,0.0306
strategy,cpm,aff_r2,cpm,base_r2,frequent_pairs,volume_full,0.0288,0.0272,0.0306
strategy,cpm,aff_r2,cpm,base_r2,frequent_triples,fanout,0.0,0.0,0.0
strategy,cpm,aff_r2,cpm,base_r2,frequent_triples,single_shard_share,0.0,0.0,0.0
strategy,cpm,aff_r2,cpm,base_r2,frequent_triples,overlap_1,0.0004,0.0001,0.0007
strategy,cpm,aff_r2,cpm,base_r2,frequent_triples,overlap_2,0.0,0.0,0.0
strategy,cpm,aff_r2,cpm,base_r2,frequent_triples,overlap_3,0.0,0.0,0.0
strategy,cpm,aff_r2,cpm,base_r2,frequent_triples,overlap_5,0.0,0.0,0.0
strategy,cpm,aff_r2,cpm,base_r2,frequent_triples,overlap_full,0.0,0.0,0.0
strategy,cpm,aff_r2,cpm,base_r2,frequent_triples,volume_1,0.0166,0.0154,0.0178
strategy,cpm,aff_r2,cpm,base_r2,frequent_triples,volume_2,0.0317,0.0302,0.0334
strategy,cpm,aff_r2,cpm,base_r2,frequent_triples,volume_3,0.0391,0.0373,0.041
strategy,cpm,aff_r2,cpm,base_r2,frequent_triples,volume_5,0.0391,0.0373,0.041
strategy,cpm,aff_r2,cpm,base_r2,frequent_triples,volume_full,0.0391,0.0373,0.041
strategy,cpm,aff_r3,cpm,base_r3,train,fanout,-0.1096,-0.1162,-0.1027
strategy,cpm,aff_r3,cpm,base_r3,train,single_shard_share,0.0191,0.0162,0.0218
strategy,cpm,aff_r3,cpm,base_r3,train,overlap_1,0.0416,0.0387,0.0446
strategy,cpm,aff_r3,cpm,base_r3,train,overlap_2,0.0078,0.0067,0.0091
strategy,cpm,aff_r3,cpm,base_r3,train,overlap_3,0.0009,0.0005,0.0012
strategy,cpm,aff_r3,cpm,base_r3,train,overlap_5,0.0,0.0,0.0
strategy,cpm,aff_r3,cpm,base_r3,train,overlap_full,0.0,0.0,0.0
strategy,cpm,aff_r3,cpm,base_r3,train,volume_1,0.0291,0.0277,0.0305
strategy,cpm,aff_r3,cpm,base_r3,train,volume_2,0.0582,0.0562,0.06
strategy,cpm,aff_r3,cpm,base_r3,train,volume_3,0.0805,0.078,0.0829
strategy,cpm,aff_r3,cpm,base_r3,train,volume_5,0.0899,0.0872,0.0926
strategy,cpm,aff_r3,cpm,base_r3,train,volume_full,0.0906,0.0879,0.0932
strategy,cpm,aff_r3,cpm,base_r3,holdout,fanout,-0.1324,-0.1422,-0.1228
strategy,cpm,aff_r3,cpm,base_r3,holdout,single_shard_share,0.0182,0.0149,0.0218
strategy,cpm,aff_r3,cpm,base_r3,holdout,overlap_1,0.0492,0.0452,0.0531
strategy,cpm,aff_r3,cpm,base_r3,holdout,overlap_2,0.0106,0.0088,0.0124
strategy,cpm,aff_r3,cpm,base_r3,holdout,overlap_3,0.0012,0.0007,0.0017
strategy,cpm,aff_r3,cpm,base_r3,holdout,overlap_5,0.0,0.0,0.0001
strategy,cpm,aff_r3,cpm,base_r3,holdout,overlap_full,0.0,0.0,0.0
strategy,cpm,aff_r3,cpm,base_r3,holdout,volume_1,0.0344,0.0325,0.0362
strategy,cpm,aff_r3,cpm,base_r3,holdout,volume_2,0.0618,0.0592,0.0642
strategy,cpm,aff_r3,cpm,base_r3,holdout,volume_3,0.083,0.0799,0.0863
strategy,cpm,aff_r3,cpm,base_r3,holdout,volume_5,0.0947,0.0912,0.0982
strategy,cpm,aff_r3,cpm,base_r3,holdout,volume_full,0.0948,0.0913,0.0984
strategy,cpm,aff_r3,cpm,base_r3,ood,fanout,-0.1201,-0.1266,-0.1135
strategy,cpm,aff_r3,cpm,base_r3,ood,single_shard_share,0.0019,0.0011,0.0028
strategy,cpm,aff_r3,cpm,base_r3,ood,overlap_1,0.0473,0.0442,0.0503
strategy,cpm,aff_r3,cpm,base_r3,ood,overlap_2,0.0257,0.0238,0.0275
strategy,cpm,aff_r3,cpm,base_r3,ood,overlap_3,0.0069,0.006,0.0078
strategy,cpm,aff_r3,cpm,base_r3,ood,overlap_5,0.0003,0.0002,0.0004
strategy,cpm,aff_r3,cpm,base_r3,ood,overlap_full,0.0,0.0,0.0
strategy,cpm,aff_r3,cpm,base_r3,ood,volume_1,0.025,0.0239,0.0261
strategy,cpm,aff_r3,cpm,base_r3,ood,volume_2,0.0541,0.0525,0.0558
strategy,cpm,aff_r3,cpm,base_r3,ood,volume_3,0.0788,0.0768,0.0808
strategy,cpm,aff_r3,cpm,base_r3,ood,volume_5,0.1023,0.0999,0.1048
strategy,cpm,aff_r3,cpm,base_r3,ood,volume_full,0.1039,0.1016,0.1064
strategy,cpm,aff_r3,cpm,base_r3,connected_pairs,fanout,0.0,0.0,0.0
strategy,cpm,aff_r3,cpm,base_r3,connected_pairs,single_shard_share,0.0,0.0,0.0
strategy,cpm,aff_r3,cpm,base_r3,connected_pairs,overlap_1,0.0,0.0,0.0
strategy,cpm,aff_r3,cpm,base_r3,connected_pairs,overlap_2,0.0,0.0,0.0
strategy,cpm,aff_r3,cpm,base_r3,connected_pairs,overlap_3,0.0,0.0,0.0
strategy,cpm,aff_r3,cpm,base_r3,connected_pairs,overlap_5,0.0,0.0,0.0
strategy,cpm,aff_r3,cpm,base_r3,connected_pairs,overlap_full,0.0,0.0,0.0
strategy,cpm,aff_r3,cpm,base_r3,connected_pairs,volume_1,0.0054,0.0049,0.0061
strategy,cpm,aff_r3,cpm,base_r3,connected_pairs,volume_2,0.0054,0.0049,0.0061
strategy,cpm,aff_r3,cpm,base_r3,connected_pairs,volume_3,0.0054,0.0049,0.0061
strategy,cpm,aff_r3,cpm,base_r3,connected_pairs,volume_5,0.0054,0.0049,0.0061
strategy,cpm,aff_r3,cpm,base_r3,connected_pairs,volume_full,0.0054,0.0049,0.0061
strategy,cpm,aff_r3,cpm,base_r3,connected_triples,fanout,0.0,0.0,0.0
strategy,cpm,aff_r3,cpm,base_r3,connected_triples,single_shard_share,0.0,0.0,0.0
strategy,cpm,aff_r3,cpm,base_r3,connected_triples,overlap_1,0.0,0.0,0.0
strategy,cpm,aff_r3,cpm,base_r3,connected_triples,overlap_2,0.0,0.0,0.0
strategy,cpm,aff_r3,cpm,base_r3,connected_triples,overlap_3,0.0,0.0,0.0
strategy,cpm,aff_r3,cpm,base_r3,connected_triples,overlap_5,0.0,0.0,0.0
strategy,cpm,aff_r3,cpm,base_r3,connected_triples,overlap_full,0.0,0.0,0.0
strategy,cpm,aff_r3,cpm,base_r3,connected_triples,volume_1,0.0103,0.0093,0.0113
strategy,cpm,aff_r3,cpm,base_r3,connected_triples,volume_2,0.0156,0.0144,0.0167
strategy,cpm,aff_r3,cpm,base_r3,connected_triples,volume_3,0.0156,0.0144,0.0167
strategy,cpm,aff_r3,cpm,base_r3,connected_triples,volume_5,0.0156,0.0144,0.0167
strategy,cpm,aff_r3,cpm,base_r3,connected_triples,volume_full,0.0156,0.0144,0.0167
strategy,cpm,aff_r3,cpm,base_r3,frequent_pairs,fanout,0.0,0.0,0.0
strategy,cpm,aff_r3,cpm,base_r3,frequent_pairs,single_shard_share,0.0,0.0,0.0
strategy,cpm,aff_r3,cpm,base_r3,frequent_pairs,overlap_1,0.0,0.0,0.0
strategy,cpm,aff_r3,cpm,base_r3,frequent_pairs,overlap_2,0.0,0.0,0.0
strategy,cpm,aff_r3,cpm,base_r3,frequent_pairs,overlap_3,0.0,0.0,0.0
strategy,cpm,aff_r3,cpm,base_r3,frequent_pairs,overlap_5,0.0,0.0,0.0
strategy,cpm,aff_r3,cpm,base_r3,frequent_pairs,overlap_full,0.0,0.0,0.0
strategy,cpm,aff_r3,cpm,base_r3,frequent_pairs,volume_1,0.0169,0.0158,0.0181
strategy,cpm,aff_r3,cpm,base_r3,frequent_pairs,volume_2,0.0258,0.0244,0.0274
strategy,cpm,aff_r3,cpm,base_r3,frequent_pairs,volume_3,0.0258,0.0244,0.0274
strategy,cpm,aff_r3,cpm,base_r3,frequent_pairs,volume_5,0.0258,0.0244,0.0274
strategy,cpm,aff_r3,cpm,base_r3,frequent_pairs,volume_full,0.0258,0.0244,0.0274
strategy,cpm,aff_r3,cpm,base_r3,frequent_triples,fanout,0.0,0.0,0.0
strategy,cpm,aff_r3,cpm,base_r3,frequent_triples,single_shard_share,0.0,0.0,0.0
strategy,cpm,aff_r3,cpm,base_r3,frequent_triples,overlap_1,0.0001,0.0,0.0004
strategy,cpm,aff_r3,cpm,base_r3,frequent_triples,overlap_2,0.0,0.0,0.0
strategy,cpm,aff_r3,cpm,base_r3,frequent_triples,overlap_3,0.0,0.0,0.0
strategy,cpm,aff_r3,cpm,base_r3,frequent_triples,overlap_5,0.0,0.0,0.0
strategy,cpm,aff_r3,cpm,base_r3,frequent_triples,overlap_full,0.0,0.0,0.0
strategy,cpm,aff_r3,cpm,base_r3,frequent_triples,volume_1,0.0154,0.0145,0.0165
strategy,cpm,aff_r3,cpm,base_r3,frequent_triples,volume_2,0.0305,0.029,0.0321
strategy,cpm,aff_r3,cpm,base_r3,frequent_triples,volume_3,0.0355,0.0338,0.0375
strategy,cpm,aff_r3,cpm,base_r3,frequent_triples,volume_5,0.0355,0.0338,0.0375
strategy,cpm,aff_r3,cpm,base_r3,frequent_triples,volume_full,0.0355,0.0338,0.0375
strategy,cpm,base_r2,cpm,base,train,fanout,-0.195,-0.203,-0.1867
strategy,cpm,base_r2,cpm,base,train,single_shard_share,0.0186,0.0161,0.0215
strategy,cpm,base_r2,cpm,base,train,overlap_1,0.0443,0.0412,0.0475
strategy,cpm,base_r2,cpm,base,train,overlap_2,0.008,0.0068,0.0092
strategy,cpm,base_r2,cpm,base,train,overlap_3,0.0011,0.0007,0.0015
strategy,cpm,base_r2,cpm,base,train,overlap_5,0.0,0.0,0.0
strategy,cpm,base_r2,cpm,base,train,overlap_full,0.0,0.0,0.0
strategy,cpm,base_r2,cpm,base,train,volume_1,0.0449,0.0432,0.0467
strategy,cpm,base_r2,cpm,base,train,volume_2,0.0963,0.0936,0.0988
strategy,cpm,base_r2,cpm,base,train,volume_3,0.1291,0.1257,0.1322
strategy,cpm,base_r2,cpm,base,train,volume_5,0.1418,0.1384,0.1451
strategy,cpm,base_r2,cpm,base,train,volume_full,0.1422,0.1388,0.1455
strategy,cpm,base_r2,cpm,base,holdout,fanout,-0.164,-0.1744,-0.1529
strategy,cpm,base_r2,cpm,base,holdout,single_shard_share,0.0146,0.0117,0.0176
strategy,cpm,base_r2,cpm,base,holdout,overlap_1,0.042,0.0383,0.0456
strategy,cpm,base_r2,cpm,base,holdout,overlap_2,0.0076,0.0063,0.009
strategy,cpm,base_r2,cpm,base,holdout,overlap_3,0.001,0.0006,0.0014
strategy,cpm,base_r2,cpm,base,holdout,overlap_5,0.0,0.0,0.0001
strategy,cpm,base_r2,cpm,base,holdout,overlap_full,0.0,0.0,0.0
strategy,cpm,base_r2,cpm,base,holdout,volume_1,0.0507,0.0481,0.0534
strategy,cpm,base_r2,cpm,base,holdout,volume_2,0.1012,0.0973,0.1046
strategy,cpm,base_r2,cpm,base,holdout,volume_3,0.134,0.1296,0.1379
strategy,cpm,base_r2,cpm,base,holdout,volume_5,0.1493,0.1448,0.1537
strategy,cpm,base_r2,cpm,base,holdout,volume_full,0.1507,0.146,0.155
strategy,cpm,base_r2,cpm,base,ood,fanout,-0.1645,-0.1717,-0.1568
strategy,cpm,base_r2,cpm,base,ood,single_shard_share,0.0016,0.0009,0.0024
strategy,cpm,base_r2,cpm,base,ood,overlap_1,0.0512,0.0477,0.0547
strategy,cpm,base_r2,cpm,base,ood,overlap_2,0.0263,0.0242,0.0284
strategy,cpm,base_r2,cpm,base,ood,overlap_3,0.0069,0.0059,0.0079
strategy,cpm,base_r2,cpm,base,ood,overlap_5,0.0003,0.0001,0.0005
strategy,cpm,base_r2,cpm,base,ood,overlap_full,0.0,0.0,0.0
strategy,cpm,base_r2,cpm,base,ood,volume_1,0.0315,0.0301,0.0329
strategy,cpm,base_r2,cpm,base,ood,volume_2,0.0725,0.0704,0.0747
strategy,cpm,base_r2,cpm,base,ood,volume_3,0.1253,0.1224,0.1281
strategy,cpm,base_r2,cpm,base,ood,volume_5,0.189,0.1854,0.1925
strategy,cpm,base_r2,cpm,base,ood,volume_full,0.1975,0.1937,0.2012
strategy,cpm,base_r2,cpm,base,connected_pairs,fanout,-0.0115,-0.0165,-0.007
strategy,cpm,base_r2,cpm,base,connected_pairs,single_shard_share,0.0115,0.007,0.0165
strategy,cpm,base_r2,cpm,base,connected_pairs,overlap_1,0.0008,0.0002,0.0018
strategy,cpm,base_r2,cpm,base,connected_pairs,overlap_2,0.0,0.0,0.0
strategy,cpm,base_r2,cpm,base,connected_pairs,overlap_3,0.0,0.0,0.0
strategy,cpm,base_r2,cpm,base,connected_pairs,overlap_5,0.0,0.0,0.0
strategy,cpm,base_r2,cpm,base,connected_pairs,overlap_full,0.0,0.0,0.0
strategy,cpm,base_r2,cpm,base,connected_pairs,volume_1,0.0219,0.0195,0.0247
strategy,cpm,base_r2,cpm,base,connected_pairs,volume_2,0.0216,0.0192,0.0244
strategy,cpm,base_r2,cpm,base,connected_pairs,volume_3,0.0216,0.0192,0.0244
strategy,cpm,base_r2,cpm,base,connected_pairs,volume_5,0.0216,0.0192,0.0244
strategy,cpm,base_r2,cpm,base,connected_pairs,volume_full,0.0216,0.0192,0.0244
strategy,cpm,base_r2,cpm,base,connected_triples,fanout,-0.28,-0.301,-0.2595
strategy,cpm,base_r2,cpm,base,connected_triples,single_shard_share,0.183,0.166,0.2
strategy,cpm,base_r2,cpm,base,connected_triples,overlap_1,0.01,0.0071,0.0129
strategy,cpm,base_r2,cpm,base,connected_triples,overlap_2,0.0,0.0,0.0
strategy,cpm,base_r2,cpm,base,connected_triples,overlap_3,0.0,0.0,0.0
strategy,cpm,base_r2,cpm,base,connected_triples,overlap_5,0.0,0.0,0.0
strategy,cpm,base_r2,cpm,base,connected_triples,overlap_full,0.0,0.0,0.0
strategy,cpm,base_r2,cpm,base,connected_triples,volume_1,0.0497,0.0454,0.0535
strategy,cpm,base_r2,cpm,base,connected_triples,volume_2,0.0913,0.0859,0.0971
strategy,cpm,base_r2,cpm,base,connected_triples,volume_3,0.0874,0.0822,0.0929
strategy,cpm,base_r2,cpm,base,connected_triples,volume_5,0.0874,0.0822,0.0929
strategy,cpm,base_r2,cpm,base,connected_triples,volume_full,0.0874,0.0822,0.0929
strategy,cpm,base_r2,cpm,base,frequent_pairs,fanout,-0.2305,-0.2495,-0.212
strategy,cpm,base_r2,cpm,base,frequent_pairs,single_shard_share,0.2305,0.212,0.2495
strategy,cpm,base_r2,cpm,base,frequent_pairs,overlap_1,0.0,0.0,0.0
strategy,cpm,base_r2,cpm,base,frequent_pairs,overlap_2,0.0,0.0,0.0
strategy,cpm,base_r2,cpm,base,frequent_pairs,overlap_3,0.0,0.0,0.0
strategy,cpm,base_r2,cpm,base,frequent_pairs,overlap_5,0.0,0.0,0.0
strategy,cpm,base_r2,cpm,base,frequent_pairs,overlap_full,0.0,0.0,0.0
strategy,cpm,base_r2,cpm,base,frequent_pairs,volume_1,0.1162,0.1102,0.1228
strategy,cpm,base_r2,cpm,base,frequent_pairs,volume_2,0.1583,0.1518,0.1655
strategy,cpm,base_r2,cpm,base,frequent_pairs,volume_3,0.1583,0.1518,0.1655
strategy,cpm,base_r2,cpm,base,frequent_pairs,volume_5,0.1583,0.1518,0.1655
strategy,cpm,base_r2,cpm,base,frequent_pairs,volume_full,0.1583,0.1518,0.1655
strategy,cpm,base_r2,cpm,base,frequent_triples,fanout,-0.397,-0.4225,-0.373
strategy,cpm,base_r2,cpm,base,frequent_triples,single_shard_share,0.137,0.122,0.152
strategy,cpm,base_r2,cpm,base,frequent_triples,overlap_1,0.0092,0.0067,0.012
strategy,cpm,base_r2,cpm,base,frequent_triples,overlap_2,0.0,0.0,0.0
strategy,cpm,base_r2,cpm,base,frequent_triples,overlap_3,0.0,0.0,0.0
strategy,cpm,base_r2,cpm,base,frequent_triples,overlap_5,0.0,0.0,0.0
strategy,cpm,base_r2,cpm,base,frequent_triples,overlap_full,0.0,0.0,0.0
strategy,cpm,base_r2,cpm,base,frequent_triples,volume_1,0.1067,0.1007,0.1122
strategy,cpm,base_r2,cpm,base,frequent_triples,volume_2,0.1881,0.181,0.1952
strategy,cpm,base_r2,cpm,base,frequent_triples,volume_3,0.2035,0.1962,0.2113
strategy,cpm,base_r2,cpm,base,frequent_triples,volume_5,0.2035,0.1962,0.2113
strategy,cpm,base_r2,cpm,base,frequent_triples,volume_full,0.2035,0.1962,0.2113
strategy,cpm,base_r3,cpm,base,train,fanout,-0.3024,-0.3128,-0.2918
strategy,cpm,base_r3,cpm,base,train,single_shard_share,0.0308,0.0274,0.0344
strategy,cpm,base_r3,cpm,base,train,overlap_1,0.0652,0.0615,0.0687
strategy,cpm,base_r3,cpm,base,train,overlap_2,0.0116,0.0102,0.013
strategy,cpm,base_r3,cpm,base,train,overlap_3,0.0014,0.001,0.0019
strategy,cpm,base_r3,cpm,base,train,overlap_5,0.0,0.0,0.0
strategy,cpm,base_r3,cpm,base,train,overlap_full,0.0,0.0,0.0
strategy,cpm,base_r3,cpm,base,train,volume_1,0.0723,0.0698,0.0748
strategy,cpm,base_r3,cpm,base,train,volume_2,0.1514,0.1479,0.1548
strategy,cpm,base_r3,cpm,base,train,volume_3,0.1973,0.193,0.2015
strategy,cpm,base_r3,cpm,base,train,volume_5,0.2131,0.2085,0.2177
strategy,cpm,base_r3,cpm,base,train,volume_full,0.2136,0.2092,0.2182
strategy,cpm,base_r3,cpm,base,holdout,fanout,-0.2547,-0.2682,-0.2418
strategy,cpm,base_r3,cpm,base,holdout,single_shard_share,0.024,0.0204,0.0277
strategy,cpm,base_r3,cpm,base,holdout,overlap_1,0.0611,0.0565,0.0659
strategy,cpm,base_r3,cpm,base,holdout,overlap_2,0.0116,0.0099,0.0135
strategy,cpm,base_r3,cpm,base,holdout,overlap_3,0.0012,0.0008,0.0017
strategy,cpm,base_r3,cpm,base,holdout,overlap_5,0.0001,0.0,0.0001
strategy,cpm,base_r3,cpm,base,holdout,overlap_full,0.0,0.0,0.0
strategy,cpm,base_r3,cpm,base,holdout,volume_1,0.0801,0.0764,0.0836
strategy,cpm,base_r3,cpm,base,holdout,volume_2,0.1591,0.1542,0.1638
strategy,cpm,base_r3,cpm,base,holdout,volume_3,0.2089,0.2031,0.2145
strategy,cpm,base_r3,cpm,base,holdout,volume_5,0.2317,0.2251,0.2381
strategy,cpm,base_r3,cpm,base,holdout,volume_full,0.2335,0.227,0.24
strategy,cpm,base_r3,cpm,base,ood,fanout,-0.2329,-0.2418,-0.2238
strategy,cpm,base_r3,cpm,base,ood,single_shard_share,0.0023,0.0014,0.0033
strategy,cpm,base_r3,cpm,base,ood,overlap_1,0.0719,0.0678,0.076
strategy,cpm,base_r3,cpm,base,ood,overlap_2,0.0365,0.0341,0.039
strategy,cpm,base_r3,cpm,base,ood,overlap_3,0.0097,0.0086,0.0109
strategy,cpm,base_r3,cpm,base,ood,overlap_5,0.0005,0.0003,0.0008
strategy,cpm,base_r3,cpm,base,ood,overlap_full,0.0,0.0,0.0
strategy,cpm,base_r3,cpm,base,ood,volume_1,0.049,0.0472,0.051
strategy,cpm,base_r3,cpm,base,ood,volume_2,0.114,0.1111,0.117
strategy,cpm,base_r3,cpm,base,ood,volume_3,0.1978,0.1938,0.2016
strategy,cpm,base_r3,cpm,base,ood,volume_5,0.2956,0.2911,0.3003
strategy,cpm,base_r3,cpm,base,ood,volume_full,0.3082,0.3033,0.313
strategy,cpm,base_r3,cpm,base,connected_pairs,fanout,-0.012,-0.017,-0.0075
strategy,cpm,base_r3,cpm,base,connected_pairs,single_shard_share,0.012,0.0075,0.017
strategy,cpm,base_r3,cpm,base,connected_pairs,overlap_1,0.0008,0.0002,0.0018
strategy,cpm,base_r3,cpm,base,connected_pairs,overlap_2,0.0,0.0,0.0
strategy,cpm,base_r3,cpm,base,connected_pairs,overlap_3,0.0,0.0,0.0
strategy,cpm,base_r3,cpm,base,connected_pairs,overlap_5,0.0,0.0,0.0
strategy,cpm,base_r3,cpm,base,connected_pairs,overlap_full,0.0,0.0,0.0
strategy,cpm,base_r3,cpm,base,connected_pairs,volume_1,0.0386,0.0351,0.0427
strategy,cpm,base_r3,cpm,base,connected_pairs,volume_2,0.0383,0.0348,0.0423
strategy,cpm,base_r3,cpm,base,connected_pairs,volume_3,0.0383,0.0348,0.0423
strategy,cpm,base_r3,cpm,base,connected_pairs,volume_5,0.0383,0.0348,0.0423
strategy,cpm,base_r3,cpm,base,connected_pairs,volume_full,0.0383,0.0348,0.0423
strategy,cpm,base_r3,cpm,base,connected_triples,fanout,-0.392,-0.4165,-0.3675
strategy,cpm,base_r3,cpm,base,connected_triples,single_shard_share,0.292,0.2705,0.3115
strategy,cpm,base_r3,cpm,base,connected_triples,overlap_1,0.0102,0.0073,0.0132
strategy,cpm,base_r3,cpm,base,connected_triples,overlap_2,0.0,0.0,0.0
strategy,cpm,base_r3,cpm,base,connected_triples,overlap_3,0.0,0.0,0.0
strategy,cpm,base_r3,cpm,base,connected_triples,overlap_5,0.0,0.0,0.0
strategy,cpm,base_r3,cpm,base,connected_triples,overlap_full,0.0,0.0,0.0
strategy,cpm,base_r3,cpm,base,connected_triples,volume_1,0.0875,0.0819,0.0932
strategy,cpm,base_r3,cpm,base,connected_triples,volume_2,0.1308,0.1239,0.1376
strategy,cpm,base_r3,cpm,base,connected_triples,volume_3,0.1263,0.1197,0.1329
strategy,cpm,base_r3,cpm,base,connected_triples,volume_5,0.1263,0.1197,0.1329
strategy,cpm,base_r3,cpm,base,connected_triples,volume_full,0.1263,0.1197,0.1329
strategy,cpm,base_r3,cpm,base,frequent_pairs,fanout,-0.3515,-0.372,-0.331
strategy,cpm,base_r3,cpm,base,frequent_pairs,single_shard_share,0.3515,0.331,0.372
strategy,cpm,base_r3,cpm,base,frequent_pairs,overlap_1,0.0,0.0,0.0001
strategy,cpm,base_r3,cpm,base,frequent_pairs,overlap_2,0.0,0.0,0.0
strategy,cpm,base_r3,cpm,base,frequent_pairs,overlap_3,0.0,0.0,0.0
strategy,cpm,base_r3,cpm,base,frequent_pairs,overlap_5,0.0,0.0,0.0
strategy,cpm,base_r3,cpm,base,frequent_pairs,overlap_full,0.0,0.0,0.0
strategy,cpm,base_r3,cpm,base,frequent_pairs,volume_1,0.1732,0.1657,0.1811
strategy,cpm,base_r3,cpm,base,frequent_pairs,volume_2,0.2219,0.2133,0.2314
strategy,cpm,base_r3,cpm,base,frequent_pairs,volume_3,0.2219,0.2133,0.2314
strategy,cpm,base_r3,cpm,base,frequent_pairs,volume_5,0.2219,0.2133,0.2314
strategy,cpm,base_r3,cpm,base,frequent_pairs,volume_full,0.2219,0.2133,0.2314
strategy,cpm,base_r3,cpm,base,frequent_triples,fanout,-0.6265,-0.656,-0.5995
strategy,cpm,base_r3,cpm,base,frequent_triples,single_shard_share,0.2205,0.2005,0.2385
strategy,cpm,base_r3,cpm,base,frequent_triples,overlap_1,0.0131,0.0104,0.0161
strategy,cpm,base_r3,cpm,base,frequent_triples,overlap_2,0.0,0.0,0.0
strategy,cpm,base_r3,cpm,base,frequent_triples,overlap_3,0.0,0.0,0.0
strategy,cpm,base_r3,cpm,base,frequent_triples,overlap_5,0.0,0.0,0.0
strategy,cpm,base_r3,cpm,base,frequent_triples,overlap_full,0.0,0.0,0.0
strategy,cpm,base_r3,cpm,base,frequent_triples,volume_1,0.1609,0.1533,0.1682
strategy,cpm,base_r3,cpm,base,frequent_triples,volume_2,0.2719,0.2635,0.281
strategy,cpm,base_r3,cpm,base,frequent_triples,volume_3,0.2822,0.273,0.2921
strategy,cpm,base_r3,cpm,base,frequent_triples,volume_5,0.2822,0.273,0.2921
strategy,cpm,base_r3,cpm,base,frequent_triples,volume_full,0.2822,0.273,0.2921
strategy,cpm,aff_r2,cpm,aff,train,fanout,-0.2029,-0.2115,-0.1938
strategy,cpm,aff_r2,cpm,aff,train,single_shard_share,0.0229,0.02,0.026
strategy,cpm,aff_r2,cpm,aff,train,overlap_1,0.0445,0.0415,0.0474
strategy,cpm,aff_r2,cpm,aff,train,overlap_2,0.0069,0.0059,0.0079
strategy,cpm,aff_r2,cpm,aff,train,overlap_3,0.0007,0.0004,0.001
strategy,cpm,aff_r2,cpm,aff,train,overlap_5,0.0,0.0,0.0
strategy,cpm,aff_r2,cpm,aff,train,overlap_full,0.0,0.0,0.0
strategy,cpm,aff_r2,cpm,aff,train,volume_1,0.0542,0.0524,0.0562
strategy,cpm,aff_r2,cpm,aff,train,volume_2,0.1123,0.1095,0.1149
strategy,cpm,aff_r2,cpm,aff,train,volume_3,0.1483,0.1448,0.1516
strategy,cpm,aff_r2,cpm,aff,train,volume_5,0.16,0.1563,0.1636
strategy,cpm,aff_r2,cpm,aff,train,volume_full,0.1602,0.1564,0.1637
strategy,cpm,aff_r2,cpm,aff,holdout,fanout,-0.1715,-0.182,-0.1608
strategy,cpm,aff_r2,cpm,aff,holdout,single_shard_share,0.0172,0.0139,0.0205
strategy,cpm,aff_r2,cpm,aff,holdout,overlap_1,0.0443,0.0406,0.048
strategy,cpm,aff_r2,cpm,aff,holdout,overlap_2,0.0075,0.0063,0.0088
strategy,cpm,aff_r2,cpm,aff,holdout,overlap_3,0.0009,0.0006,0.0013
strategy,cpm,aff_r2,cpm,aff,holdout,overlap_5,0.0,0.0,0.0001
strategy,cpm,aff_r2,cpm,aff,holdout,overlap_full,0.0,0.0,0.0
strategy,cpm,aff_r2,cpm,aff,holdout,volume_1,0.0618,0.0589,0.0647
strategy,cpm,aff_r2,cpm,aff,holdout,volume_2,0.1188,0.1146,0.1225
strategy,cpm,aff_r2,cpm,aff,holdout,volume_3,0.1541,0.1495,0.1582
strategy,cpm,aff_r2,cpm,aff,holdout,volume_5,0.1693,0.1646,0.1739
strategy,cpm,aff_r2,cpm,aff,holdout,volume_full,0.1703,0.1654,0.1749
strategy,cpm,aff_r2,cpm,aff,ood,fanout,-0.1819,-0.1897,-0.1742
strategy,cpm,aff_r2,cpm,aff,ood,single_shard_share,0.0028,0.0018,0.0039
strategy,cpm,aff_r2,cpm,aff,ood,overlap_1,0.0548,0.0513,0.0583
strategy,cpm,aff_r2,cpm,aff,ood,overlap_2,0.0272,0.0251,0.0293
strategy,cpm,aff_r2,cpm,aff,ood,overlap_3,0.0071,0.0061,0.0081
strategy,cpm,aff_r2,cpm,aff,ood,overlap_5,0.0003,0.0001,0.0005
strategy,cpm,aff_r2,cpm,aff,ood,overlap_full,0.0,0.0,0.0
strategy,cpm,aff_r2,cpm,aff,ood,volume_1,0.0404,0.0389,0.042
strategy,cpm,aff_r2,cpm,aff,ood,volume_2,0.0922,0.0899,0.0946
strategy,cpm,aff_r2,cpm,aff,ood,volume_3,0.1531,0.15,0.1565
strategy,cpm,aff_r2,cpm,aff,ood,volume_5,0.221,0.2169,0.2249
strategy,cpm,aff_r2,cpm,aff,ood,volume_full,0.2286,0.2244,0.2327
strategy,cpm,aff_r2,cpm,aff,connected_pairs,fanout,-0.0115,-0.0165,-0.007
strategy,cpm,aff_r2,cpm,aff,connected_pairs,single_shard_share,0.0115,0.007,0.0165
strategy,cpm,aff_r2,cpm,aff,connected_pairs,overlap_1,0.0008,0.0002,0.0018
strategy,cpm,aff_r2,cpm,aff,connected_pairs,overlap_2,0.0,0.0,0.0
strategy,cpm,aff_r2,cpm,aff,connected_pairs,overlap_3,0.0,0.0,0.0
strategy,cpm,aff_r2,cpm,aff,connected_pairs,overlap_5,0.0,0.0,0.0
strategy,cpm,aff_r2,cpm,aff,connected_pairs,overlap_full,0.0,0.0,0.0
strategy,cpm,aff_r2,cpm,aff,connected_pairs,volume_1,0.0227,0.0201,0.0257
strategy,cpm,aff_r2,cpm,aff,connected_pairs,volume_2,0.0221,0.0196,0.0252
strategy,cpm,aff_r2,cpm,aff,connected_pairs,volume_3,0.0221,0.0196,0.0252
strategy,cpm,aff_r2,cpm,aff,connected_pairs,volume_5,0.0221,0.0196,0.0252
strategy,cpm,aff_r2,cpm,aff,connected_pairs,volume_full,0.0221,0.0196,0.0252
strategy,cpm,aff_r2,cpm,aff,connected_triples,fanout,-0.28,-0.301,-0.2595
strategy,cpm,aff_r2,cpm,aff,connected_triples,single_shard_share,0.183,0.166,0.2
strategy,cpm,aff_r2,cpm,aff,connected_triples,overlap_1,0.01,0.0071,0.0129
strategy,cpm,aff_r2,cpm,aff,connected_triples,overlap_2,0.0,0.0,0.0
strategy,cpm,aff_r2,cpm,aff,connected_triples,overlap_3,0.0,0.0,0.0
strategy,cpm,aff_r2,cpm,aff,connected_triples,overlap_5,0.0,0.0,0.0
strategy,cpm,aff_r2,cpm,aff,connected_triples,overlap_full,0.0,0.0,0.0
strategy,cpm,aff_r2,cpm,aff,connected_triples,volume_1,0.0508,0.0463,0.0551
strategy,cpm,aff_r2,cpm,aff,connected_triples,volume_2,0.0875,0.0817,0.0934
strategy,cpm,aff_r2,cpm,aff,connected_triples,volume_3,0.0815,0.0761,0.0871
strategy,cpm,aff_r2,cpm,aff,connected_triples,volume_5,0.0815,0.0761,0.0871
strategy,cpm,aff_r2,cpm,aff,connected_triples,volume_full,0.0815,0.0761,0.0871
strategy,cpm,aff_r2,cpm,aff,frequent_pairs,fanout,-0.2305,-0.2495,-0.212
strategy,cpm,aff_r2,cpm,aff,frequent_pairs,single_shard_share,0.2305,0.212,0.2495
strategy,cpm,aff_r2,cpm,aff,frequent_pairs,overlap_1,0.0,0.0,0.0
strategy,cpm,aff_r2,cpm,aff,frequent_pairs,overlap_2,0.0,0.0,0.0
strategy,cpm,aff_r2,cpm,aff,frequent_pairs,overlap_3,0.0,0.0,0.0
strategy,cpm,aff_r2,cpm,aff,frequent_pairs,overlap_5,0.0,0.0,0.0
strategy,cpm,aff_r2,cpm,aff,frequent_pairs,overlap_full,0.0,0.0,0.0
strategy,cpm,aff_r2,cpm,aff,frequent_pairs,volume_1,0.1183,0.1122,0.1251
strategy,cpm,aff_r2,cpm,aff,frequent_pairs,volume_2,0.1507,0.144,0.1585
strategy,cpm,aff_r2,cpm,aff,frequent_pairs,volume_3,0.1507,0.144,0.1585
strategy,cpm,aff_r2,cpm,aff,frequent_pairs,volume_5,0.1507,0.144,0.1585
strategy,cpm,aff_r2,cpm,aff,frequent_pairs,volume_full,0.1507,0.144,0.1585
strategy,cpm,aff_r2,cpm,aff,frequent_triples,fanout,-0.397,-0.4225,-0.373
strategy,cpm,aff_r2,cpm,aff,frequent_triples,single_shard_share,0.137,0.122,0.152
strategy,cpm,aff_r2,cpm,aff,frequent_triples,overlap_1,0.0092,0.0067,0.012
strategy,cpm,aff_r2,cpm,aff,frequent_triples,overlap_2,0.0,0.0,0.0
strategy,cpm,aff_r2,cpm,aff,frequent_triples,overlap_3,0.0,0.0,0.0
strategy,cpm,aff_r2,cpm,aff,frequent_triples,overlap_5,0.0,0.0,0.0
strategy,cpm,aff_r2,cpm,aff,frequent_triples,overlap_full,0.0,0.0,0.0
strategy,cpm,aff_r2,cpm,aff,frequent_triples,volume_1,0.1074,0.101,0.1133
strategy,cpm,aff_r2,cpm,aff,frequent_triples,volume_2,0.1862,0.1786,0.1935
strategy,cpm,aff_r2,cpm,aff,frequent_triples,volume_3,0.1922,0.1844,0.2008
strategy,cpm,aff_r2,cpm,aff,frequent_triples,volume_5,0.1922,0.1844,0.2008
strategy,cpm,aff_r2,cpm,aff,frequent_triples,volume_full,0.1922,0.1844,0.2008
strategy,cpm,aff_r3,cpm,aff,train,fanout,-0.312,-0.3231,-0.301
strategy,cpm,aff_r3,cpm,aff,train,single_shard_share,0.0366,0.033,0.0405
strategy,cpm,aff_r3,cpm,aff,train,overlap_1,0.0649,0.0613,0.0684
strategy,cpm,aff_r3,cpm,aff,train,overlap_2,0.0101,0.0088,0.0113
strategy,cpm,aff_r3,cpm,aff,train,overlap_3,0.001,0.0008,0.0014
strategy,cpm,aff_r3,cpm,aff,train,overlap_5,0.0,0.0,0.0
strategy,cpm,aff_r3,cpm,aff,train,overlap_full,0.0,0.0,0.0
strategy,cpm,aff_r3,cpm,aff,train,volume_1,0.0855,0.0831,0.088
strategy,cpm,aff_r3,cpm,aff,train,volume_2,0.1768,0.1731,0.1802
strategy,cpm,aff_r3,cpm,aff,train,volume_3,0.228,0.2235,0.232
strategy,cpm,aff_r3,cpm,aff,train,volume_5,0.2423,0.2375,0.2471
strategy,cpm,aff_r3,cpm,aff,train,volume_full,0.2425,0.2376,0.2473
strategy,cpm,aff_r3,cpm,aff,holdout,fanout,-0.2656,-0.2801,-0.2518
strategy,cpm,aff_r3,cpm,aff,holdout,single_shard_share,0.0284,0.0243,0.0328
strategy,cpm,aff_r3,cpm,aff,holdout,overlap_1,0.0642,0.0599,0.0686
strategy,cpm,aff_r3,cpm,aff,holdout,overlap_2,0.0117,0.01,0.0133
strategy,cpm,aff_r3,cpm,aff,holdout,overlap_3,0.0012,0.0007,0.0016
strategy,cpm,aff_r3,cpm,aff,holdout,overlap_5,0.0,-0.0,0.0001
strategy,cpm,aff_r3,cpm,aff,holdout,overlap_full,0.0,0.0,0.0
strategy,cpm,aff_r3,cpm,aff,holdout,volume_1,0.0962,0.0924,0.1001
strategy,cpm,aff_r3,cpm,aff,holdout,volume_2,0.1863,0.1812,0.1911
strategy,cpm,aff_r3,cpm,aff,holdout,volume_3,0.2414,0.2355,0.2472
strategy,cpm,aff_r3,cpm,aff,holdout,volume_5,0.2641,0.2574,0.2709
strategy,cpm,aff_r3,cpm,aff,holdout,volume_full,0.2652,0.2586,0.272
strategy,cpm,aff_r3,cpm,aff,ood,fanout,-0.2552,-0.2643,-0.2455
strategy,cpm,aff_r3,cpm,aff,ood,single_shard_share,0.0035,0.0024,0.0048
strategy,cpm,aff_r3,cpm,aff,ood,overlap_1,0.077,0.0732,0.0811
strategy,cpm,aff_r3,cpm,aff,ood,overlap_2,0.0384,0.0359,0.0408
strategy,cpm,aff_r3,cpm,aff,ood,overlap_3,0.01,0.0089,0.0111
strategy,cpm,aff_r3,cpm,aff,ood,overlap_5,0.0004,0.0002,0.0006
strategy,cpm,aff_r3,cpm,aff,ood,overlap_full,0.0,0.0,0.0
strategy,cpm,aff_r3,cpm,aff,ood,volume_1,0.0611,0.0592,0.0631
strategy,cpm,aff_r3,cpm,aff,ood,volume_2,0.1427,0.1395,0.1458
strategy,cpm,aff_r3,cpm,aff,ood,volume_3,0.2383,0.234,0.2425
strategy,cpm,aff_r3,cpm,aff,ood,volume_5,0.3425,0.3377,0.3475
strategy,cpm,aff_r3,cpm,aff,ood,volume_full,0.354,0.3488,0.3592
strategy,cpm,aff_r3,cpm,aff,connected_pairs,fanout,-0.012,-0.017,-0.0075
strategy,cpm,aff_r3,cpm,aff,connected_pairs,single_shard_share,0.012,0.0075,0.017
strategy,cpm,aff_r3,cpm,aff,connected_pairs,overlap_1,0.0008,0.0002,0.0018
strategy,cpm,aff_r3,cpm,aff,connected_pairs,overlap_2,0.0,0.0,0.0
strategy,cpm,aff_r3,cpm,aff,connected_pairs,overlap_3,0.0,0.0,0.0
strategy,cpm,aff_r3,cpm,aff,connected_pairs,overlap_5,0.0,0.0,0.0
strategy,cpm,aff_r3,cpm,aff,connected_pairs,overlap_full,0.0,0.0,0.0
strategy,cpm,aff_r3,cpm,aff,connected_pairs,volume_1,0.0393,0.0356,0.0435
strategy,cpm,aff_r3,cpm,aff,connected_pairs,volume_2,0.0388,0.0352,0.0429
strategy,cpm,aff_r3,cpm,aff,connected_pairs,volume_3,0.0388,0.0352,0.0429
strategy,cpm,aff_r3,cpm,aff,connected_pairs,volume_5,0.0388,0.0352,0.0429
strategy,cpm,aff_r3,cpm,aff,connected_pairs,volume_full,0.0388,0.0352,0.0429
strategy,cpm,aff_r3,cpm,aff,connected_triples,fanout,-0.392,-0.4165,-0.3675
strategy,cpm,aff_r3,cpm,aff,connected_triples,single_shard_share,0.292,0.2705,0.3115
strategy,cpm,aff_r3,cpm,aff,connected_triples,overlap_1,0.0102,0.0073,0.0132
strategy,cpm,aff_r3,cpm,aff,connected_triples,overlap_2,0.0,0.0,0.0
strategy,cpm,aff_r3,cpm,aff,connected_triples,overlap_3,0.0,0.0,0.0
strategy,cpm,aff_r3,cpm,aff,connected_triples,overlap_5,0.0,0.0,0.0
strategy,cpm,aff_r3,cpm,aff,connected_triples,overlap_full,0.0,0.0,0.0
strategy,cpm,aff_r3,cpm,aff,connected_triples,volume_1,0.0893,0.0833,0.0951
strategy,cpm,aff_r3,cpm,aff,connected_triples,volume_2,0.1246,0.1176,0.1314
strategy,cpm,aff_r3,cpm,aff,connected_triples,volume_3,0.1179,0.1112,0.1244
strategy,cpm,aff_r3,cpm,aff,connected_triples,volume_5,0.1179,0.1112,0.1244
strategy,cpm,aff_r3,cpm,aff,connected_triples,volume_full,0.1179,0.1112,0.1244
strategy,cpm,aff_r3,cpm,aff,frequent_pairs,fanout,-0.3515,-0.372,-0.331
strategy,cpm,aff_r3,cpm,aff,frequent_pairs,single_shard_share,0.3515,0.331,0.372
strategy,cpm,aff_r3,cpm,aff,frequent_pairs,overlap_1,0.0,0.0,0.0001
strategy,cpm,aff_r3,cpm,aff,frequent_pairs,overlap_2,0.0,0.0,0.0
strategy,cpm,aff_r3,cpm,aff,frequent_pairs,overlap_3,0.0,0.0,0.0
strategy,cpm,aff_r3,cpm,aff,frequent_pairs,overlap_5,0.0,0.0,0.0
strategy,cpm,aff_r3,cpm,aff,frequent_pairs,overlap_full,0.0,0.0,0.0
strategy,cpm,aff_r3,cpm,aff,frequent_pairs,volume_1,0.1746,0.1666,0.1826
strategy,cpm,aff_r3,cpm,aff,frequent_pairs,volume_2,0.2114,0.2025,0.2214
strategy,cpm,aff_r3,cpm,aff,frequent_pairs,volume_3,0.2114,0.2025,0.2214
strategy,cpm,aff_r3,cpm,aff,frequent_pairs,volume_5,0.2114,0.2025,0.2214
strategy,cpm,aff_r3,cpm,aff,frequent_pairs,volume_full,0.2114,0.2025,0.2214
strategy,cpm,aff_r3,cpm,aff,frequent_triples,fanout,-0.6265,-0.656,-0.5995
strategy,cpm,aff_r3,cpm,aff,frequent_triples,single_shard_share,0.2205,0.2005,0.2385
strategy,cpm,aff_r3,cpm,aff,frequent_triples,overlap_1,0.013,0.0102,0.0159
strategy,cpm,aff_r3,cpm,aff,frequent_triples,overlap_2,0.0,0.0,0.0
strategy,cpm,aff_r3,cpm,aff,frequent_triples,overlap_3,0.0,0.0,0.0
strategy,cpm,aff_r3,cpm,aff,frequent_triples,overlap_5,0.0,0.0,0.0
strategy,cpm,aff_r3,cpm,aff,frequent_triples,overlap_full,0.0,0.0,0.0
strategy,cpm,aff_r3,cpm,aff,frequent_triples,volume_1,0.1604,0.1527,0.1678
strategy,cpm,aff_r3,cpm,aff,frequent_triples,volume_2,0.2686,0.2602,0.278
strategy,cpm,aff_r3,cpm,aff,frequent_triples,volume_3,0.2674,0.2576,0.278
strategy,cpm,aff_r3,cpm,aff,frequent_triples,volume_5,0.2674,0.2576,0.278
strategy,cpm,aff_r3,cpm,aff,frequent_triples,volume_full,0.2674,0.2576,0.278
strategy,cpm,bal,cpm,aff,train,fanout,-0.0016,-0.0065,0.0039
strategy,cpm,bal,cpm,aff,train,single_shard_share,0.0014,0.0002,0.0027
strategy,cpm,bal,cpm,aff,train,overlap_1,0.0314,0.0293,0.0336
strategy,cpm,bal,cpm,aff,train,overlap_2,0.0047,0.004,0.0055
strategy,cpm,bal,cpm,aff,train,overlap_3,0.0008,0.0006,0.0011
strategy,cpm,bal,cpm,aff,train,overlap_5,0.0,0.0,0.0
strategy,cpm,bal,cpm,aff,train,overlap_full,0.0,0.0,0.0
strategy,cpm,bal,cpm,aff,train,volume_1,0.1183,0.1174,0.1193
strategy,cpm,bal,cpm,aff,train,volume_2,0.2157,0.2142,0.2171
strategy,cpm,bal,cpm,aff,train,volume_3,0.2672,0.2649,0.2692
strategy,cpm,bal,cpm,aff,train,volume_5,0.2908,0.288,0.2934
strategy,cpm,bal,cpm,aff,train,volume_full,0.2927,0.2898,0.2955
strategy,cpm,bal,cpm,aff,holdout,fanout,-0.0041,-0.011,0.0036
strategy,cpm,bal,cpm,aff,holdout,single_shard_share,0.002,0.0002,0.0038
strategy,cpm,bal,cpm,aff,holdout,overlap_1,0.0327,0.03,0.0353
strategy,cpm,bal,cpm,aff,holdout,overlap_2,0.0064,0.0053,0.0076
strategy,cpm,bal,cpm,aff,holdout,overlap_3,0.0011,0.0007,0.0015
strategy,cpm,bal,cpm,aff,holdout,overlap_5,0.0001,0.0,0.0003
strategy,cpm,bal,cpm,aff,holdout,overlap_full,0.0,0.0,0.0
strategy,cpm,bal,cpm,aff,holdout,volume_1,0.1163,0.1149,0.1176
strategy,cpm,bal,cpm,aff,holdout,volume_2,0.2154,0.2133,0.2174
strategy,cpm,bal,cpm,aff,holdout,volume_3,0.2693,0.2666,0.272
strategy,cpm,bal,cpm,aff,holdout,volume_5,0.2949,0.2914,0.2984
strategy,cpm,bal,cpm,aff,holdout,volume_full,0.2979,0.2943,0.3017
strategy,cpm,bal,cpm,aff,ood,fanout,-0.0662,-0.0713,-0.0608
strategy,cpm,bal,cpm,aff,ood,single_shard_share,0.0002,0.0,0.0005
strategy,cpm,bal,cpm,aff,ood,overlap_1,0.0645,0.062,0.067
strategy,cpm,bal,cpm,aff,ood,overlap_2,0.0377,0.0357,0.0395
strategy,cpm,bal,cpm,aff,ood,overlap_3,0.0116,0.0106,0.0126
strategy,cpm,bal,cpm,aff,ood,overlap_5,0.0005,0.0003,0.0007
strategy,cpm,bal,cpm,aff,ood,overlap_full,0.0,0.0,0.0
strategy,cpm,bal,cpm,aff,ood,volume_1,0.1239,0.1233,0.1245
strategy,cpm,bal,cpm,aff,ood,volume_2,0.2448,0.2439,0.2457
strategy,cpm,bal,cpm,aff,ood,volume_3,0.3508,0.3494,0.3521
strategy,cpm,bal,cpm,aff,ood,volume_5,0.4536,0.4511,0.4561
strategy,cpm,bal,cpm,aff,ood,volume_full,0.4668,0.4639,0.4698
strategy,cpm,bal,cpm,aff,connected_pairs,fanout,0.0035,0.001,0.006
strategy,cpm,bal,cpm,aff,connected_pairs,single_shard_share,-0.0035,-0.006,-0.001
strategy,cpm,bal,cpm,aff,connected_pairs,overlap_1,0.0001,0.0,0.0002
strategy,cpm,bal,cpm,aff,connected_pairs,overlap_2,0.0,0.0,0.0
strategy,cpm,bal,cpm,aff,connected_pairs,overlap_3,0.0,0.0,0.0
strategy,cpm,bal,cpm,aff,connected_pairs,overlap_5,0.0,0.0,0.0
strategy,cpm,bal,cpm,aff,connected_pairs,overlap_full,0.0,0.0,0.0
strategy,cpm,bal,cpm,aff,connected_pairs,volume_1,0.1312,0.1299,0.1324
strategy,cpm,bal,cpm,aff,connected_pairs,volume_2,0.133,0.1318,0.1341
strategy,cpm,bal,cpm,aff,connected_pairs,volume_3,0.133,0.1318,0.1341
strategy,cpm,bal,cpm,aff,connected_pairs,volume_5,0.133,0.1318,0.1341
strategy,cpm,bal,cpm,aff,connected_pairs,volume_full,0.133,0.1318,0.1341
strategy,cpm,bal,cpm,aff,connected_triples,fanout,0.0085,0.0005,0.0175
strategy,cpm,bal,cpm,aff,connected_triples,single_shard_share,-0.004,-0.01,0.001
strategy,cpm,bal,cpm,aff,connected_triples,overlap_1,0.0002,-0.0009,0.0012
strategy,cpm,bal,cpm,aff,connected_triples,overlap_2,0.0,0.0,0.0
strategy,cpm,bal,cpm,aff,connected_triples,overlap_3,0.0,0.0,0.0
strategy,cpm,bal,cpm,aff,connected_triples,overlap_5,0.0,0.0,0.0
strategy,cpm,bal,cpm,aff,connected_triples,overlap_full,0.0,0.0,0.0
strategy,cpm,bal,cpm,aff,connected_triples,volume_1,0.1187,0.1168,0.1205
strategy,cpm,bal,cpm,aff,connected_triples,volume_2,0.1647,0.161,0.1683
strategy,cpm,bal,cpm,aff,connected_triples,volume_3,0.1737,0.1691,0.1777
strategy,cpm,bal,cpm,aff,connected_triples,volume_5,0.1737,0.1691,0.1777
strategy,cpm,bal,cpm,aff,connected_triples,volume_full,0.1737,0.1691,0.1777
strategy,cpm,bal,cpm,aff,frequent_pairs,fanout,0.014,0.0055,0.0225
strategy,cpm,bal,cpm,aff,frequent_pairs,single_shard_share,-0.014,-0.0225,-0.0055
strategy,cpm,bal,cpm,aff,frequent_pairs,overlap_1,0.0,0.0,0.0
strategy,cpm,bal,cpm,aff,frequent_pairs,overlap_2,0.0,0.0,0.0
strategy,cpm,bal,cpm,aff,frequent_pairs,overlap_3,0.0,0.0,0.0
strategy,cpm,bal,cpm,aff,frequent_pairs,overlap_5,0.0,0.0,0.0
strategy,cpm,bal,cpm,aff,frequent_pairs,overlap_full,0.0,0.0,0.0
strategy,cpm,bal,cpm,aff,frequent_pairs,volume_1,0.0976,0.0947,0.1009
strategy,cpm,bal,cpm,aff,frequent_pairs,volume_2,0.1453,0.141,0.1497
strategy,cpm,bal,cpm,aff,frequent_pairs,volume_3,0.1453,0.141,0.1497
strategy,cpm,bal,cpm,aff,frequent_pairs,volume_5,0.1453,0.141,0.1497
strategy,cpm,bal,cpm,aff,frequent_pairs,volume_full,0.1453,0.141,0.1497
strategy,cpm,bal,cpm,aff,frequent_triples,fanout,0.0065,-0.007,0.021
strategy,cpm,bal,cpm,aff,frequent_triples,single_shard_share,-0.0165,-0.024,-0.0105
strategy,cpm,bal,cpm,aff,frequent_triples,overlap_1,0.0016,-0.0,0.0031
strategy,cpm,bal,cpm,aff,frequent_triples,overlap_2,0.0,0.0,0.0
strategy,cpm,bal,cpm,aff,frequent_triples,overlap_3,0.0,0.0,0.0
strategy,cpm,bal,cpm,aff,frequent_triples,overlap_5,0.0,0.0,0.0
strategy,cpm,bal,cpm,aff,frequent_triples,overlap_full,0.0,0.0,0.0
strategy,cpm,bal,cpm,aff,frequent_triples,volume_1,0.097,0.094,0.1002
strategy,cpm,bal,cpm,aff,frequent_triples,volume_2,0.1765,0.172,0.181
strategy,cpm,bal,cpm,aff,frequent_triples,volume_3,0.2121,0.2068,0.2174
strategy,cpm,bal,cpm,aff,frequent_triples,volume_5,0.2121,0.2068,0.2174
strategy,cpm,bal,cpm,aff,frequent_triples,volume_full,0.2121,0.2068,0.2174
hash,infomap,base,infomap,hash_base,train,fanout,-0.3524,-0.3646,-0.3386
hash,infomap,base,infomap,hash_base,train,single_shard_share,0.0216,0.0188,0.0247
hash,infomap,base,infomap,hash_base,train,overlap_1,0.0831,0.0785,0.0877
hash,infomap,base,infomap,hash_base,train,overlap_2,0.0177,0.0159,0.0195
hash,infomap,base,infomap,hash_base,train,overlap_3,0.002,0.0015,0.0026
hash,infomap,base,infomap,hash_base,train,overlap_5,0.0,0.0,0.0001
hash,infomap,base,infomap,hash_base,train,overlap_full,0.0,0.0,0.0
hash,infomap,base,infomap,hash_base,train,volume_1,0.0209,0.0199,0.022
hash,infomap,base,infomap,hash_base,train,volume_2,0.0417,0.0402,0.0431
hash,infomap,base,infomap,hash_base,train,volume_3,0.0555,0.0538,0.0573
hash,infomap,base,infomap,hash_base,train,volume_5,0.0581,0.0562,0.0602
hash,infomap,base,infomap,hash_base,train,volume_full,0.057,0.0552,0.0591
hash,infomap,base,infomap,hash_base,holdout,fanout,-0.2263,-0.2397,-0.2129
hash,infomap,base,infomap,hash_base,holdout,single_shard_share,0.0107,0.0082,0.0133
hash,infomap,base,infomap,hash_base,holdout,overlap_1,0.0548,0.0499,0.0594
hash,infomap,base,infomap,hash_base,holdout,overlap_2,0.01,0.0082,0.0119
hash,infomap,base,infomap,hash_base,holdout,overlap_3,0.0009,0.0004,0.0016
hash,infomap,base,infomap,hash_base,holdout,overlap_5,0.0001,-0.0001,0.0004
hash,infomap,base,infomap,hash_base,holdout,overlap_full,0.0,0.0,0.0
hash,infomap,base,infomap,hash_base,holdout,volume_1,0.0209,0.0196,0.0223
hash,infomap,base,infomap,hash_base,holdout,volume_2,0.0413,0.0395,0.0432
hash,infomap,base,infomap,hash_base,holdout,volume_3,0.0565,0.0542,0.0586
hash,infomap,base,infomap,hash_base,holdout,volume_5,0.0616,0.0592,0.0639
hash,infomap,base,infomap,hash_base,holdout,volume_full,0.0613,0.0588,0.0637
hash,infomap,base,infomap,hash_base,ood,fanout,-0.284,-0.2949,-0.2734
hash,infomap,base,infomap,hash_base,ood,single_shard_share,0.0013,0.0006,0.0021
hash,infomap,base,infomap,hash_base,ood,overlap_1,0.0926,0.0879,0.0976
hash,infomap,base,infomap,hash_base,ood,overlap_2,0.0346,0.0319,0.0371
hash,infomap,base,infomap,hash_base,ood,overlap_3,0.0084,0.0073,0.0095
hash,infomap,base,infomap,hash_base,ood,overlap_5,0.0003,0.0001,0.0004
hash,infomap,base,infomap,hash_base,ood,overlap_full,0.0,0.0,0.0
hash,infomap,base,infomap,hash_base,ood,volume_1,0.0141,0.0134,0.015
hash,infomap,base,infomap,hash_base,ood,volume_2,0.0297,0.0286,0.0308
hash,infomap,base,infomap,hash_base,ood,volume_3,0.049,0.0476,0.0504
hash,infomap,base,infomap,hash_base,ood,volume_5,0.0725,0.0708,0.0744
hash,infomap,base,infomap,hash_base,ood,volume_full,0.0751,0.0731,0.0769
hash,infomap,base,infomap,hash_base,connected_pairs,fanout,-0.9895,-0.9935,-0.985
hash,infomap,base,infomap,hash_base,connected_pairs,single_shard_share,0.9895,0.985,0.9935
hash,infomap,base,infomap,hash_base,connected_pairs,overlap_1,0.1479,0.1379,0.1574
hash,infomap,base,infomap,hash_base,connected_pairs,overlap_2,0.0,0.0,0.0
hash,infomap,base,infomap,hash_base,connected_pairs,overlap_3,0.0,0.0,0.0
hash,infomap,base,infomap,hash_base,connected_pairs,overlap_5,0.0,0.0,0.0
hash,infomap,base,infomap,hash_base,connected_pairs,overlap_full,0.0,0.0,0.0
hash,infomap,base,infomap,hash_base,connected_pairs,volume_1,0.0104,0.0089,0.0123
hash,infomap,base,infomap,hash_base,connected_pairs,volume_2,-0.0017,-0.0035,0.0002
hash,infomap,base,infomap,hash_base,connected_pairs,volume_3,-0.0017,-0.0035,0.0002
hash,infomap,base,infomap,hash_base,connected_pairs,volume_5,-0.0017,-0.0035,0.0002
hash,infomap,base,infomap,hash_base,connected_pairs,volume_full,-0.0017,-0.0035,0.0002
hash,infomap,base,infomap,hash_base,connected_triples,fanout,-1.42,-1.45,-1.391
hash,infomap,base,infomap,hash_base,connected_triples,single_shard_share,0.5045,0.4815,0.527
hash,infomap,base,infomap,hash_base,connected_triples,overlap_1,0.1529,0.1424,0.1637
hash,infomap,base,infomap,hash_base,connected_triples,overlap_2,0.0022,0.0012,0.0035
hash,infomap,base,infomap,hash_base,connected_triples,overlap_3,0.0,0.0,0.0
hash,infomap,base,infomap,hash_base,connected_triples,overlap_5,0.0,0.0,0.0
hash,infomap,base,infomap,hash_base,connected_triples,overlap_full,0.0,0.0,0.0
hash,infomap,base,infomap,hash_base,connected_triples,volume_1,0.0334,0.0309,0.0358
hash,infomap,base,infomap,hash_base,connected_triples,volume_2,0.0599,0.0563,0.0633
hash,infomap,base,infomap,hash_base,connected_triples,volume_3,0.0408,0.037,0.0443
hash,infomap,base,infomap,hash_base,connected_triples,volume_5,0.0408,0.037,0.0443
hash,infomap,base,infomap,hash_base,connected_triples,volume_full,0.0408,0.037,0.0443
hash,infomap,base,infomap,hash_base,frequent_pairs,fanout,-0.3395,-0.361,-0.319
hash,infomap,base,infomap,hash_base,frequent_pairs,single_shard_share,0.3395,0.319,0.361
hash,infomap,base,infomap,hash_base,frequent_pairs,overlap_1,0.0004,0.0,0.001
hash,infomap,base,infomap,hash_base,frequent_pairs,overlap_2,0.0,0.0,0.0
hash,infomap,base,infomap,hash_base,frequent_pairs,overlap_3,0.0,0.0,0.0
hash,infomap,base,infomap,hash_base,frequent_pairs,overlap_5,0.0,0.0,0.0
hash,infomap,base,infomap,hash_base,frequent_pairs,overlap_full,0.0,0.0,0.0
hash,infomap,base,infomap,hash_base,frequent_pairs,volume_1,0.054,0.051,0.0572
hash,infomap,base,infomap,hash_base,frequent_pairs,volume_2,0.0856,0.0811,0.09
hash,infomap,base,infomap,hash_base,frequent_pairs,volume_3,0.0856,0.0811,0.09
hash,infomap,base,infomap,hash_base,frequent_pairs,volume_5,0.0856,0.0811,0.09
hash,infomap,base,infomap,hash_base,frequent_pairs,volume_full,0.0856,0.0811,0.09
hash,infomap,base,infomap,hash_base,frequent_triples,fanout,-0.6655,-0.6985,-0.6335
hash,infomap,base,infomap,hash_base,frequent_triples,single_shard_share,0.165,0.1495,0.1805
hash,infomap,base,infomap,hash_base,frequent_triples,overlap_1,0.0165,0.013,0.0202
hash,infomap,base,infomap,hash_base,frequent_triples,overlap_2,0.0,0.0,0.0
hash,infomap,base,infomap,hash_base,frequent_triples,overlap_3,0.0,0.0,0.0
hash,infomap,base,infomap,hash_base,frequent_triples,overlap_5,0.0,0.0,0.0
hash,infomap,base,infomap,hash_base,frequent_triples,overlap_full,0.0,0.0,0.0
hash,infomap,base,infomap,hash_base,frequent_triples,volume_1,0.0572,0.0537,0.0604
hash,infomap,base,infomap,hash_base,frequent_triples,volume_2,0.0975,0.0933,0.1018
hash,infomap,base,infomap,hash_base,frequent_triples,volume_3,0.1069,0.1024,0.1116
hash,infomap,base,infomap,hash_base,frequent_triples,volume_5,0.1069,0.1024,0.1116
hash,infomap,base,infomap,hash_base,frequent_triples,volume_full,0.1069,0.1024,0.1116
hash,infomap,base_r2,infomap,hash_base,train,fanout,-0.583,-0.5984,-0.5664
hash,infomap,base_r2,infomap,hash_base,train,single_shard_share,0.0468,0.0429,0.0511
hash,infomap,base_r2,infomap,hash_base,train,overlap_1,0.1265,0.1214,0.1318
hash,infomap,base_r2,infomap,hash_base,train,overlap_2,0.0266,0.0244,0.0287
hash,infomap,base_r2,infomap,hash_base,train,overlap_3,0.0033,0.0026,0.004
hash,infomap,base_r2,infomap,hash_base,train,overlap_5,0.0,0.0,0.0001
hash,infomap,base_r2,infomap,hash_base,train,overlap_full,0.0,0.0,0.0
hash,infomap,base_r2,infomap,hash_base,train,volume_1,0.0939,0.0908,0.0968
hash,infomap,base_r2,infomap,hash_base,train,volume_2,0.1936,0.1887,0.198
hash,infomap,base_r2,infomap,hash_base,train,volume_3,0.254,0.2483,0.2591
hash,infomap,base_r2,infomap,hash_base,train,volume_5,0.2735,0.2675,0.279
hash,infomap,base_r2,infomap,hash_base,train,volume_full,0.2735,0.2676,0.2792
hash,infomap,base_r2,infomap,hash_base,holdout,fanout,-0.4293,-0.4471,-0.4096
hash,infomap,base_r2,infomap,hash_base,holdout,single_shard_share,0.0312,0.0271,0.0359
hash,infomap,base_r2,infomap,hash_base,holdout,overlap_1,0.1011,0.095,0.107
hash,infomap,base_r2,infomap,hash_base,holdout,overlap_2,0.0189,0.0166,0.0214
hash,infomap,base_r2,infomap,hash_base,holdout,overlap_3,0.0021,0.0015,0.0029
hash,infomap,base_r2,infomap,hash_base,holdout,overlap_5,0.0001,-0.0001,0.0004
hash,infomap,base_r2,infomap,hash_base,holdout,overlap_full,0.0,0.0,0.0
hash,infomap,base_r2,infomap,hash_base,holdout,volume_1,0.1016,0.0971,0.1059
hash,infomap,base_r2,infomap,hash_base,holdout,volume_2,0.2024,0.1963,0.2084
hash,infomap,base_r2,infomap,hash_base,holdout,volume_3,0.2701,0.263,0.2773
hash,infomap,base_r2,infomap,hash_base,holdout,volume_5,0.2979,0.2902,0.3061
hash,infomap,base_r2,infomap,hash_base,holdout,volume_full,0.2999,0.2922,0.3078
hash,infomap,base_r2,infomap,hash_base,ood,fanout,-0.4906,-0.505,-0.4766
hash,infomap,base_r2,infomap,hash_base,ood,single_shard_share,0.0035,0.0024,0.0048
hash,infomap,base_r2,infomap,hash_base,ood,overlap_1,0.1562,0.1505,0.1622
hash,infomap,base_r2,infomap,hash_base,ood,overlap_2,0.0655,0.0619,0.069
hash,infomap,base_r2,infomap,hash_base,ood,overlap_3,0.0164,0.0149,0.0179
hash,infomap,base_r2,infomap,hash_base,ood,overlap_5,0.0006,0.0003,0.0008
hash,infomap,base_r2,infomap,hash_base,ood,overlap_full,0.0,0.0,0.0
hash,infomap,base_r2,infomap,hash_base,ood,volume_1,0.0635,0.061,0.0659
hash,infomap,base_r2,infomap,hash_base,ood,volume_2,0.1333,0.1297,0.137
hash,infomap,base_r2,infomap,hash_base,ood,volume_3,0.2261,0.2213,0.2308
hash,infomap,base_r2,infomap,hash_base,ood,volume_5,0.3491,0.3431,0.3554
hash,infomap,base_r2,infomap,hash_base,ood,volume_full,0.3656,0.3593,0.372
hash,infomap,base_r2,infomap,hash_base,connected_pairs,fanout,-0.999,-1.0,-0.9975
hash,infomap,base_r2,infomap,hash_base,connected_pairs,single_shard_share,0.999,0.9975,1.0
hash,infomap,base_r2,infomap,hash_base,connected_pairs,overlap_1,0.1484,0.1383,0.1578
hash,infomap,base_r2,infomap,hash_base,connected_pairs,overlap_2,0.0,0.0,0.0
hash,infomap,base_r2,infomap,hash_base,connected_pairs,overlap_3,0.0,0.0,0.0
hash,infomap,base_r2,infomap,hash_base,connected_pairs,overlap_5,0.0,0.0,0.0
hash,infomap,base_r2,infomap,hash_base,connected_pairs,overlap_full,0.0,0.0,0.0
hash,infomap,base_r2,infomap,hash_base,connected_pairs,volume_1,0.0431,0.0389,0.0483
hash,infomap,base_r2,infomap,hash_base,connected_pairs,volume_2,0.0305,0.026,0.0357
hash,infomap,base_r2,infomap,hash_base,connected_pairs,volume_3,0.0305,0.026,0.0357
hash,infomap,base_r2,infomap,hash_base,connected_pairs,volume_5,0.0305,0.026,0.0357
hash,infomap,base_r2,infomap,hash_base,connected_pairs,volume_full,0.0305,0.026,0.0357
hash,infomap,base_r2,infomap,hash_base,connected_triples,fanout,-1.6735,-1.694,-1.65
hash,infomap,base_r2,infomap,hash_base,connected_triples,single_shard_share,0.678,0.6555,0.698
hash,infomap,base_r2,infomap,hash_base,connected_triples,overlap_1,0.1604,0.1498,0.1712
hash,infomap,base_r2,infomap,hash_base,connected_triples,overlap_2,0.0022,0.0012,0.0035
hash,infomap,base_r2,infomap,hash_base,connected_triples,overlap_3,0.0,0.0,0.0
hash,infomap,base_r2,infomap,hash_base,connected_triples,overlap_5,0.0,0.0,0.0
hash,infomap,base_r2,infomap,hash_base,connected_triples,overlap_full,0.0,0.0,0.0
hash,infomap,base_r2,infomap,hash_base,connected_triples,volume_1,0.1139,0.1067,0.1207
hash,infomap,base_r2,infomap,hash_base,connected_triples,volume_2,0.1983,0.1891,0.207
hash,infomap,base_r2,infomap,hash_base,connected_triples,volume_3,0.1739,0.1649,0.1826
hash,infomap,base_r2,infomap,hash_base,connected_triples,volume_5,0.1739,0.1649,0.1826
hash,infomap,base_r2,infomap,hash_base,connected_triples,volume_full,0.1739,0.1649,0.1826
hash,infomap,base_r2,infomap,hash_base,frequent_pairs,fanout,-0.6415,-0.662,-0.6205
hash,infomap,base_r2,infomap,hash_base,frequent_pairs,single_shard_share,0.6415,0.6205,0.662
hash,infomap,base_r2,infomap,hash_base,frequent_pairs,overlap_1,0.0004,0.0,0.001
hash,infomap,base_r2,infomap,hash_base,frequent_pairs,overlap_2,0.0,0.0,0.0
hash,infomap,base_r2,infomap,hash_base,frequent_pairs,overlap_3,0.0,0.0,0.0
hash,infomap,base_r2,infomap,hash_base,frequent_pairs,overlap_5,0.0,0.0,0.0
hash,infomap,base_r2,infomap,hash_base,frequent_pairs,overlap_full,0.0,0.0,0.0
hash,infomap,base_r2,infomap,hash_base,frequent_pairs,volume_1,0.2383,0.2295,0.2479
hash,infomap,base_r2,infomap,hash_base,frequent_pairs,volume_2,0.3113,0.3012,0.3217
hash,infomap,base_r2,infomap,hash_base,frequent_pairs,volume_3,0.3113,0.3012,0.3217
hash,infomap,base_r2,infomap,hash_base,frequent_pairs,volume_5,0.3113,0.3012,0.3217
hash,infomap,base_r2,infomap,hash_base,frequent_pairs,volume_full,0.3113,0.3012,0.3217
hash,infomap,base_r2,infomap,hash_base,frequent_triples,fanout,-1.232,-1.263,-1.202
hash,infomap,base_r2,infomap,hash_base,frequent_triples,single_shard_share,0.3925,0.372,0.413
hash,infomap,base_r2,infomap,hash_base,frequent_triples,overlap_1,0.0255,0.0211,0.0299
hash,infomap,base_r2,infomap,hash_base,frequent_triples,overlap_2,0.0,0.0,0.0
hash,infomap,base_r2,infomap,hash_base,frequent_triples,overlap_3,0.0,0.0,0.0
hash,infomap,base_r2,infomap,hash_base,frequent_triples,overlap_5,0.0,0.0,0.0
hash,infomap,base_r2,infomap,hash_base,frequent_triples,overlap_full,0.0,0.0,0.0
hash,infomap,base_r2,infomap,hash_base,frequent_triples,volume_1,0.2385,0.2296,0.2471
hash,infomap,base_r2,infomap,hash_base,frequent_triples,volume_2,0.3749,0.364,0.3859
hash,infomap,base_r2,infomap,hash_base,frequent_triples,volume_3,0.3846,0.3729,0.3968
hash,infomap,base_r2,infomap,hash_base,frequent_triples,volume_5,0.3846,0.3729,0.3968
hash,infomap,base_r2,infomap,hash_base,frequent_triples,volume_full,0.3846,0.3729,0.3968
hash,infomap,base_r3,infomap,hash_base,train,fanout,-0.6952,-0.7124,-0.676
hash,infomap,base_r3,infomap,hash_base,train,single_shard_share,0.0645,0.0598,0.0696
hash,infomap,base_r3,infomap,hash_base,train,overlap_1,0.1451,0.1398,0.1504
hash,infomap,base_r3,infomap,hash_base,train,overlap_2,0.0294,0.0272,0.0317
hash,infomap,base_r3,infomap,hash_base,train,overlap_3,0.0036,0.0029,0.0043
hash,infomap,base_r3,infomap,hash_base,train,overlap_5,0.0,0.0,0.0001
hash,infomap,base_r3,infomap,hash_base,train,overlap_full,0.0,0.0,0.0
hash,infomap,base_r3,infomap,hash_base,train,volume_1,0.1361,0.132,0.14
hash,infomap,base_r3,infomap,hash_base,train,volume_2,0.2591,0.2536,0.2645
hash,infomap,base_r3,infomap,hash_base,train,volume_3,0.3197,0.3132,0.326
hash,infomap,base_r3,infomap,hash_base,train,volume_5,0.3384,0.3312,0.345
hash,infomap,base_r3,infomap,hash_base,train,volume_full,0.338,0.3307,0.3446
hash,infomap,base_r3,infomap,hash_base,holdout,fanout,-0.5263,-0.5458,-0.5051
hash,infomap,base_r3,infomap,hash_base,holdout,single_shard_share,0.0451,0.04,0.0502
hash,infomap,base_r3,infomap,hash_base,holdout,overlap_1,0.1193,0.1131,0.1253
hash,infomap,base_r3,infomap,hash_base,holdout,overlap_2,0.0225,0.02,0.0251
hash,infomap,base_r3,infomap,hash_base,holdout,overlap_3,0.0025,0.0019,0.0034
hash,infomap,base_r3,infomap,hash_base,holdout,overlap_5,0.0001,-0.0,0.0005
hash,infomap,base_r3,infomap,hash_base,holdout,overlap_full,0.0,0.0,0.0
hash,infomap,base_r3,infomap,hash_base,holdout,volume_1,0.1429,0.1374,0.1481
hash,infomap,base_r3,infomap,hash_base,holdout,volume_2,0.2711,0.2637,0.2779
hash,infomap,base_r3,infomap,hash_base,holdout,volume_3,0.344,0.3356,0.352
hash,infomap,base_r3,infomap,hash_base,holdout,volume_5,0.3723,0.3629,0.3816
hash,infomap,base_r3,infomap,hash_base,holdout,volume_full,0.3733,0.3641,0.3825
hash,infomap,base_r3,infomap,hash_base,ood,fanout,-0.601,-0.6168,-0.5863
hash,infomap,base_r3,infomap,hash_base,ood,single_shard_share,0.0046,0.0033,0.006
hash,infomap,base_r3,infomap,hash_base,ood,overlap_1,0.1848,0.1785,0.1906
hash,infomap,base_r3,infomap,hash_base,ood,overlap_2,0.0798,0.0761,0.0833
hash,infomap,base_r3,infomap,hash_base,ood,overlap_3,0.0202,0.0185,0.022
hash,infomap,base_r3,infomap,hash_base,ood,overlap_5,0.0008,0.0005,0.0011
hash,infomap,base_r3,infomap,hash_base,ood,overlap_full,0.0,0.0,0.0
hash,infomap,base_r3,infomap,hash_base,ood,volume_1,0.1019,0.0987,0.1051
hash,infomap,base_r3,infomap,hash_base,ood,volume_2,0.2011,0.1963,0.2058
hash,infomap,base_r3,infomap,hash_base,ood,volume_3,0.3302,0.3242,0.3358
hash,infomap,base_r3,infomap,hash_base,ood,volume_5,0.4822,0.4749,0.4891
hash,infomap,base_r3,infomap,hash_base,ood,volume_full,0.4999,0.4922,0.5073
hash,infomap,base_r3,infomap,hash_base,connected_pairs,fanout,-0.999,-1.0,-0.9975
hash,infomap,base_r3,infomap,hash_base,connected_pairs,single_shard_share,0.999,0.9975,1.0
hash,infomap,base_r3,infomap,hash_base,connected_pairs,overlap_1,0.1484,0.1383,0.1578
hash,infomap,base_r3,infomap,hash_base,connected_pairs,overlap_2,0.0,0.0,0.0
hash,infomap,base_r3,infomap,hash_base,connected_pairs,overlap_3,0.0,0.0,0.0
hash,infomap,base_r3,infomap,hash_base,connected_pairs,overlap_5,0.0,0.0,0.0
hash,infomap,base_r3,infomap,hash_base,connected_pairs,overlap_full,0.0,0.0,0.0
hash,infomap,base_r3,infomap,hash_base,connected_pairs,volume_1,0.0667,0.0613,0.0739
hash,infomap,base_r3,infomap,hash_base,connected_pairs,volume_2,0.0541,0.0487,0.0615
hash,infomap,base_r3,infomap,hash_base,connected_pairs,volume_3,0.0541,0.0487,0.0615
hash,infomap,base_r3,infomap,hash_base,connected_pairs,volume_5,0.0541,0.0487,0.0615
hash,infomap,base_r3,infomap,hash_base,connected_pairs,volume_full,0.0541,0.0487,0.0615
hash,infomap,base_r3,infomap,hash_base,connected_triples,fanout,-1.77,-1.7885,-1.751
hash,infomap,base_r3,infomap,hash_base,connected_triples,single_shard_share,0.7715,0.7525,0.7895
hash,infomap,base_r3,infomap,hash_base,connected_triples,overlap_1,0.1604,0.1498,0.1712
hash,infomap,base_r3,infomap,hash_base,connected_triples,overlap_2,0.0022,0.0012,0.0035
hash,infomap,base_r3,infomap,hash_base,connected_triples,overlap_3,0.0,0.0,0.0
hash,infomap,base_r3,infomap,hash_base,connected_triples,overlap_5,0.0,0.0,0.0
hash,infomap,base_r3,infomap,hash_base,connected_triples,overlap_full,0.0,0.0,0.0
hash,infomap,base_r3,infomap,hash_base,connected_triples,volume_1,0.1699,0.1616,0.1784
hash,infomap,base_r3,infomap,hash_base,connected_triples,volume_2,0.2155,0.2061,0.2246
hash,infomap,base_r3,infomap,hash_base,connected_triples,volume_3,0.1905,0.181,0.1995
hash,infomap,base_r3,infomap,hash_base,connected_triples,volume_5,0.1905,0.181,0.1995
hash,infomap,base_r3,infomap,hash_base,connected_triples,volume_full,0.1905,0.181,0.1995
hash,infomap,base_r3,infomap,hash_base,frequent_pairs,fanout,-0.77,-0.789,-0.751
hash,infomap,base_r3,infomap,hash_base,frequent_pairs,single_shard_share,0.77,0.751,0.789
hash,infomap,base_r3,infomap,hash_base,frequent_pairs,overlap_1,0.0004,0.0,0.001
hash,infomap,base_r3,infomap,hash_base,frequent_pairs,overlap_2,0.0,0.0,0.0
hash,infomap,base_r3,infomap,hash_base,frequent_pairs,overlap_3,0.0,0.0,0.0
hash,infomap,base_r3,infomap,hash_base,frequent_pairs,overlap_5,0.0,0.0,0.0
hash,infomap,base_r3,infomap,hash_base,frequent_pairs,overlap_full,0.0,0.0,0.0
hash,infomap,base_r3,infomap,hash_base,frequent_pairs,volume_1,0.3147,0.3046,0.325
hash,infomap,base_r3,infomap,hash_base,frequent_pairs,volume_2,0.3498,0.3382,0.3617
hash,infomap,base_r3,infomap,hash_base,frequent_pairs,volume_3,0.3498,0.3382,0.3617
hash,infomap,base_r3,infomap,hash_base,frequent_pairs,volume_5,0.3498,0.3382,0.3617
hash,infomap,base_r3,infomap,hash_base,frequent_pairs,volume_full,0.3498,0.3382,0.3617
hash,infomap,base_r3,infomap,hash_base,frequent_triples,fanout,-1.4565,-1.483,-1.43
hash,infomap,base_r3,infomap,hash_base,frequent_triples,single_shard_share,0.5225,0.5005,0.543
hash,infomap,base_r3,infomap,hash_base,frequent_triples,overlap_1,0.0305,0.026,0.0351
hash,infomap,base_r3,infomap,hash_base,frequent_triples,overlap_2,0.0,0.0,0.0
hash,infomap,base_r3,infomap,hash_base,frequent_triples,overlap_3,0.0,0.0,0.0
hash,infomap,base_r3,infomap,hash_base,frequent_triples,overlap_5,0.0,0.0,0.0
hash,infomap,base_r3,infomap,hash_base,frequent_triples,overlap_full,0.0,0.0,0.0
hash,infomap,base_r3,infomap,hash_base,frequent_triples,volume_1,0.3105,0.301,0.3199
hash,infomap,base_r3,infomap,hash_base,frequent_triples,volume_2,0.4312,0.4197,0.4442
hash,infomap,base_r3,infomap,hash_base,frequent_triples,volume_3,0.4175,0.4051,0.4315
hash,infomap,base_r3,infomap,hash_base,frequent_triples,volume_5,0.4175,0.4051,0.4315
hash,infomap,base_r3,infomap,hash_base,frequent_triples,volume_full,0.4175,0.4051,0.4315
hash,infomap,aff,infomap,hash_aff,train,fanout,-0.4574,-0.4715,-0.4413
hash,infomap,aff,infomap,hash_aff,train,single_shard_share,0.0374,0.0338,0.041
hash,infomap,aff,infomap,hash_aff,train,overlap_1,0.127,0.1216,0.132
hash,infomap,aff,infomap,hash_aff,train,overlap_2,0.026,0.024,0.0282
hash,infomap,aff,infomap,hash_aff,train,overlap_3,0.0031,0.0025,0.0039
hash,infomap,aff,infomap,hash_aff,train,overlap_5,0.0,0.0,0.0001
hash,infomap,aff,infomap,hash_aff,train,overlap_full,0.0,0.0,0.0
hash,infomap,aff,infomap,hash_aff,train,volume_1,0.0408,0.0391,0.0424
hash,infomap,aff,infomap,hash_aff,train,volume_2,0.0798,0.0774,0.0819
hash,infomap,aff,infomap,hash_aff,train,volume_3,0.1102,0.1073,0.1129
hash,infomap,aff,infomap,hash_aff,train,volume_5,0.1225,0.1193,0.1255
hash,infomap,aff,infomap,hash_aff,train,volume_full,0.1221,0.119,0.1252
hash,infomap,aff,infomap,hash_aff,holdout,fanout,-0.3589,-0.3763,-0.3422
hash,infomap,aff,infomap,hash_aff,holdout,single_shard_share,0.0281,0.0239,0.032
hash,infomap,aff,infomap,hash_aff,holdout,overlap_1,0.1067,0.1008,0.1127
hash,infomap,aff,infomap,hash_aff,holdout,overlap_2,0.0208,0.0184,0.0233
hash,infomap,aff,infomap,hash_aff,holdout,overlap_3,0.0022,0.0015,0.0029
hash,infomap,aff,infomap,hash_aff,holdout,overlap_5,0.0002,0.0,0.0005
hash,infomap,aff,infomap,hash_aff,holdout,overlap_full,0.0,0.0,0.0
hash,infomap,aff,infomap,hash_aff,holdout,volume_1,0.0433,0.0412,0.0455
hash,infomap,aff,infomap,hash_aff,holdout,volume_2,0.0812,0.0783,0.0841
hash,infomap,aff,infomap,hash_aff,holdout,volume_3,0.1129,0.1092,0.1162
hash,infomap,aff,infomap,hash_aff,holdout,volume_5,0.1286,0.1247,0.1323
hash,infomap,aff,infomap,hash_aff,holdout,volume_full,0.1288,0.1247,0.1327
hash,infomap,aff,infomap,hash_aff,ood,fanout,-0.3996,-0.4135,-0.3866
hash,infomap,aff,infomap,hash_aff,ood,single_shard_share,0.0031,0.002,0.0042
hash,infomap,aff,infomap,hash_aff,ood,overlap_1,0.1428,0.1375,0.148
hash,infomap,aff,infomap,hash_aff,ood,overlap_2,0.0604,0.0571,0.0633
hash,infomap,aff,infomap,hash_aff,ood,overlap_3,0.0152,0.0138,0.0167
hash,infomap,aff,infomap,hash_aff,ood,overlap_5,0.0006,0.0004,0.0009
hash,infomap,aff,infomap,hash_aff,ood,overlap_full,0.0,0.0,0.0
hash,infomap,aff,infomap,hash_aff,ood,volume_1,0.0315,0.0302,0.0328
hash,infomap,aff,infomap,hash_aff,ood,volume_2,0.0597,0.0579,0.0618
hash,infomap,aff,infomap,hash_aff,ood,volume_3,0.0891,0.0868,0.0916
hash,infomap,aff,infomap,hash_aff,ood,volume_5,0.1225,0.1195,0.1255
hash,infomap,aff,infomap,hash_aff,ood,volume_full,0.1257,0.1226,0.1288
hash,infomap,aff,infomap,hash_aff,connected_pairs,fanout,-0.989,-0.993,-0.9845
hash,infomap,aff,infomap,hash_aff,connected_pairs,single_shard_share,0.989,0.9845,0.993
hash,infomap,aff,infomap,hash_aff,connected_pairs,overlap_1,0.1461,0.1361,0.1553
hash,infomap,aff,infomap,hash_aff,connected_pairs,overlap_2,0.0,0.0,0.0
hash,infomap,aff,infomap,hash_aff,connected_pairs,overlap_3,0.0,0.0,0.0
hash,infomap,aff,infomap,hash_aff,connected_pairs,overlap_5,0.0,0.0,0.0
hash,infomap,aff,infomap,hash_aff,connected_pairs,overlap_full,0.0,0.0,0.0
hash,infomap,aff,infomap,hash_aff,connected_pairs,volume_1,0.0084,0.006,0.011
hash,infomap,aff,infomap,hash_aff,connected_pairs,volume_2,-0.0145,-0.0172,-0.0118
hash,infomap,aff,infomap,hash_aff,connected_pairs,volume_3,-0.0145,-0.0172,-0.0118
hash,infomap,aff,infomap,hash_aff,connected_pairs,volume_5,-0.0145,-0.0172,-0.0118
hash,infomap,aff,infomap,hash_aff,connected_pairs,volume_full,-0.0145,-0.0172,-0.0118
hash,infomap,aff,infomap,hash_aff,connected_triples,fanout,-1.4185,-1.4495,-1.39
hash,infomap,aff,infomap,hash_aff,connected_triples,single_shard_share,0.5045,0.4815,0.527
hash,infomap,aff,infomap,hash_aff,connected_triples,overlap_1,0.1491,0.1388,0.1597
hash,infomap,aff,infomap,hash_aff,connected_triples,overlap_2,0.002,0.001,0.0031
hash,infomap,aff,infomap,hash_aff,connected_triples,overlap_3,0.0,0.0,0.0
hash,infomap,aff,infomap,hash_aff,connected_triples,overlap_5,0.0,0.0,0.0
hash,infomap,aff,infomap,hash_aff,connected_triples,overlap_full,0.0,0.0,0.0
hash,infomap,aff,infomap,hash_aff,connected_triples,volume_1,0.04,0.0363,0.0437
hash,infomap,aff,infomap,hash_aff,connected_triples,volume_2,0.0729,0.0678,0.0777
hash,infomap,aff,infomap,hash_aff,connected_triples,volume_3,0.0456,0.0402,0.0507
hash,infomap,aff,infomap,hash_aff,connected_triples,volume_5,0.0456,0.0402,0.0507
hash,infomap,aff,infomap,hash_aff,connected_triples,volume_full,0.0456,0.0402,0.0507
hash,infomap,aff,infomap,hash_aff,frequent_pairs,fanout,-0.3385,-0.361,-0.318
hash,infomap,aff,infomap,hash_aff,frequent_pairs,single_shard_share,0.3385,0.318,0.361
hash,infomap,aff,infomap,hash_aff,frequent_pairs,overlap_1,0.0004,0.0,0.001
hash,infomap,aff,infomap,hash_aff,frequent_pairs,overlap_2,0.0,0.0,0.0
hash,infomap,aff,infomap,hash_aff,frequent_pairs,overlap_3,0.0,0.0,0.0
hash,infomap,aff,infomap,hash_aff,frequent_pairs,overlap_5,0.0,0.0,0.0
hash,infomap,aff,infomap,hash_aff,frequent_pairs,overlap_full,0.0,0.0,0.0
hash,infomap,aff,infomap,hash_aff,frequent_pairs,volume_1,0.0697,0.0652,0.0743
hash,infomap,aff,infomap,hash_aff,frequent_pairs,volume_2,0.1162,0.1102,0.1222
hash,infomap,aff,infomap,hash_aff,frequent_pairs,volume_3,0.1162,0.1102,0.1222
hash,infomap,aff,infomap,hash_aff,frequent_pairs,volume_5,0.1162,0.1102,0.1222
hash,infomap,aff,infomap,hash_aff,frequent_pairs,volume_full,0.1162,0.1102,0.1222
hash,infomap,aff,infomap,hash_aff,frequent_triples,fanout,-0.663,-0.695,-0.6305
hash,infomap,aff,infomap,hash_aff,frequent_triples,single_shard_share,0.165,0.1495,0.1805
hash,infomap,aff,infomap,hash_aff,frequent_triples,overlap_1,0.0165,0.0131,0.0203
hash,infomap,aff,infomap,hash_aff,frequent_triples,overlap_2,0.0,0.0,0.0
hash,infomap,aff,infomap,hash_aff,frequent_triples,overlap_3,0.0,0.0,0.0
hash,infomap,aff,infomap,hash_aff,frequent_triples,overlap_5,0.0,0.0,0.0
hash,infomap,aff,infomap,hash_aff,frequent_triples,overlap_full,0.0,0.0,0.0
hash,infomap,aff,infomap,hash_aff,frequent_triples,volume_1,0.0738,0.0689,0.0784
hash,infomap,aff,infomap,hash_aff,frequent_triples,volume_2,0.1281,0.1222,0.1342
hash,infomap,aff,infomap,hash_aff,frequent_triples,volume_3,0.1467,0.1399,0.1534
hash,infomap,aff,infomap,hash_aff,frequent_triples,volume_5,0.1467,0.1399,0.1534
hash,infomap,aff,infomap,hash_aff,frequent_triples,volume_full,0.1467,0.1399,0.1534
hash,infomap,aff_r2,infomap,hash_aff,train,fanout,-0.698,-0.7151,-0.6801
hash,infomap,aff_r2,infomap,hash_aff,train,single_shard_share,0.0685,0.0635,0.0734
hash,infomap,aff_r2,infomap,hash_aff,train,overlap_1,0.1698,0.1642,0.1753
hash,infomap,aff_r2,infomap,hash_aff,train,overlap_2,0.0335,0.0313,0.0358
hash,infomap,aff_r2,infomap,hash_aff,train,overlap_3,0.0038,0.0031,0.0046
hash,infomap,aff_r2,infomap,hash_aff,train,overlap_5,0.0,0.0,0.0001
hash,infomap,aff_r2,infomap,hash_aff,train,overlap_full,0.0,0.0,0.0
hash,infomap,aff_r2,infomap,hash_aff,train,volume_1,0.1258,0.1224,0.1292
hash,infomap,aff_r2,infomap,hash_aff,train,volume_2,0.2554,0.2502,0.2603
hash,infomap,aff_r2,infomap,hash_aff,train,volume_3,0.3357,0.3296,0.3416
hash,infomap,aff_r2,infomap,hash_aff,train,volume_5,0.3612,0.3546,0.3673
hash,infomap,aff_r2,infomap,hash_aff,train,volume_full,0.3612,0.3548,0.3675
hash,infomap,aff_r2,infomap,hash_aff,holdout,fanout,-0.5731,-0.5931,-0.5506
hash,infomap,aff_r2,infomap,hash_aff,holdout,single_shard_share,0.0545,0.0487,0.0603
hash,infomap,aff_r2,infomap,hash_aff,holdout,overlap_1,0.153,0.1461,0.1598
hash,infomap,aff_r2,infomap,hash_aff,holdout,overlap_2,0.029,0.0262,0.0319
hash,infomap,aff_r2,infomap,hash_aff,holdout,overlap_3,0.0031,0.0023,0.0039
hash,infomap,aff_r2,infomap,hash_aff,holdout,overlap_5,0.0002,0.0,0.0005
hash,infomap,aff_r2,infomap,hash_aff,holdout,overlap_full,0.0,0.0,0.0
hash,infomap,aff_r2,infomap,hash_aff,holdout,volume_1,0.1375,0.1329,0.1422
hash,infomap,aff_r2,infomap,hash_aff,holdout,volume_2,0.2656,0.2591,0.2723
hash,infomap,aff_r2,infomap,hash_aff,holdout,volume_3,0.35,0.3424,0.358
hash,infomap,aff_r2,infomap,hash_aff,holdout,volume_5,0.3876,0.3793,0.3967
hash,infomap,aff_r2,infomap,hash_aff,holdout,volume_full,0.389,0.3803,0.3983
hash,infomap,aff_r2,infomap,hash_aff,ood,fanout,-0.6254,-0.6423,-0.6099
hash,infomap,aff_r2,infomap,hash_aff,ood,single_shard_share,0.0069,0.0054,0.0085
hash,infomap,aff_r2,infomap,hash_aff,ood,overlap_1,0.2085,0.2028,0.2142
hash,infomap,aff_r2,infomap,hash_aff,ood,overlap_2,0.0912,0.0874,0.0947
hash,infomap,aff_r2,infomap,hash_aff,ood,overlap_3,0.023,0.0213,0.0248
hash,infomap,aff_r2,infomap,hash_aff,ood,overlap_5,0.0009,0.0006,0.0012
hash,infomap,aff_r2,infomap,hash_aff,ood,overlap_full,0.0,0.0,0.0
hash,infomap,aff_r2,infomap,hash_aff,ood,volume_1,0.0921,0.089,0.0951
hash,infomap,aff_r2,infomap,hash_aff,ood,volume_2,0.1905,0.1864,0.195
hash,infomap,aff_r2,infomap,hash_aff,ood,volume_3,0.3039,0.2983,0.3093
hash,infomap,aff_r2,infomap,hash_aff,ood,volume_5,0.439,0.4324,0.4461
hash,infomap,aff_r2,infomap,hash_aff,ood,volume_full,0.4535,0.4462,0.4609
hash,infomap,aff_r2,infomap,hash_aff,connected_pairs,fanout,-0.9985,-1.0,-0.9965
hash,infomap,aff_r2,infomap,hash_aff,connected_pairs,single_shard_share,0.9985,0.9965,1.0
hash,infomap,aff_r2,infomap,hash_aff,connected_pairs,overlap_1,0.1466,0.1366,0.1557
hash,infomap,aff_r2,infomap,hash_aff,connected_pairs,overlap_2,0.0,0.0,0.0
hash,infomap,aff_r2,infomap,hash_aff,connected_pairs,overlap_3,0.0,0.0,0.0
hash,infomap,aff_r2,infomap,hash_aff,connected_pairs,overlap_5,0.0,0.0,0.0
hash,infomap,aff_r2,infomap,hash_aff,connected_pairs,overlap_full,0.0,0.0,0.0
hash,infomap,aff_r2,infomap,hash_aff,connected_pairs,volume_1,0.0401,0.0353,0.046
hash,infomap,aff_r2,infomap,hash_aff,connected_pairs,volume_2,0.0166,0.0118,0.0225
hash,infomap,aff_r2,infomap,hash_aff,connected_pairs,volume_3,0.0166,0.0118,0.0225
hash,infomap,aff_r2,infomap,hash_aff,connected_pairs,volume_5,0.0166,0.0118,0.0225
hash,infomap,aff_r2,infomap,hash_aff,connected_pairs,volume_full,0.0166,0.0118,0.0225
hash,infomap,aff_r2,infomap,hash_aff,connected_triples,fanout,-1.672,-1.6925,-1.6485
hash,infomap,aff_r2,infomap,hash_aff,connected_triples,single_shard_share,0.678,0.6555,0.698
hash,infomap,aff_r2,infomap,hash_aff,connected_triples,overlap_1,0.1566,0.1458,0.1671
hash,infomap,aff_r2,infomap,hash_aff,connected_triples,overlap_2,0.002,0.001,0.0031
hash,infomap,aff_r2,infomap,hash_aff,connected_triples,overlap_3,0.0,0.0,0.0
hash,infomap,aff_r2,infomap,hash_aff,connected_triples,overlap_5,0.0,0.0,0.0
hash,infomap,aff_r2,infomap,hash_aff,connected_triples,overlap_full,0.0,0.0,0.0
hash,infomap,aff_r2,infomap,hash_aff,connected_triples,volume_1,0.1183,0.1104,0.1256
hash,infomap,aff_r2,infomap,hash_aff,connected_triples,volume_2,0.2022,0.1923,0.2119
hash,infomap,aff_r2,infomap,hash_aff,connected_triples,volume_3,0.1675,0.1579,0.177
hash,infomap,aff_r2,infomap,hash_aff,connected_triples,volume_5,0.1675,0.1579,0.177
hash,infomap,aff_r2,infomap,hash_aff,connected_triples,volume_full,0.1675,0.1579,0.177
hash,infomap,aff_r2,infomap,hash_aff,frequent_pairs,fanout,-0.6405,-0.661,-0.6195
hash,infomap,aff_r2,infomap,hash_aff,frequent_pairs,single_shard_share,0.6405,0.6195,0.661
hash,infomap,aff_r2,infomap,hash_aff,frequent_pairs,overlap_1,0.0004,0.0,0.001
hash,infomap,aff_r2,infomap,hash_aff,frequent_pairs,overlap_2,0.0,0.0,0.0
hash,infomap,aff_r2,infomap,hash_aff,frequent_pairs,overlap_3,0.0,0.0,0.0
hash,infomap,aff_r2,infomap,hash_aff,frequent_pairs,overlap_5,0.0,0.0,0.0
hash,infomap,aff_r2,infomap,hash_aff,frequent_pairs,overlap_full,0.0,0.0,0.0
hash,infomap,aff_r2,infomap,hash_aff,frequent_pairs,volume_1,0.2533,0.2437,0.2635
hash,infomap,aff_r2,infomap,hash_aff,frequent_pairs,volume_2,0.3285,0.3168,0.3399
hash,infomap,aff_r2,infomap,hash_aff,frequent_pairs,volume_3,0.3285,0.3168,0.3399
hash,infomap,aff_r2,infomap,hash_aff,frequent_pairs,volume_5,0.3285,0.3168,0.3399
hash,infomap,aff_r2,infomap,hash_aff,frequent_pairs,volume_full,0.3285,0.3168,0.3399
hash,infomap,aff_r2,infomap,hash_aff,frequent_triples,fanout,-1.2295,-1.2605,-1.199
hash,infomap,aff_r2,infomap,hash_aff,frequent_triples,single_shard_share,0.3925,0.372,0.413
hash,infomap,aff_r2,infomap,hash_aff,frequent_triples,overlap_1,0.0254,0.0212,0.0299
hash,infomap,aff_r2,infomap,hash_aff,frequent_triples,overlap_2,0.0,0.0,0.0
hash,infomap,aff_r2,infomap,hash_aff,frequent_triples,overlap_3,0.0,0.0,0.0
hash,infomap,aff_r2,infomap,hash_aff,frequent_triples,overlap_5,0.0,0.0,0.0
hash,infomap,aff_r2,infomap,hash_aff,frequent_triples,overlap_full,0.0,0.0,0.0
hash,infomap,aff_r2,infomap,hash_aff,frequent_triples,volume_1,0.2526,0.2428,0.2621
hash,infomap,aff_r2,infomap,hash_aff,frequent_triples,volume_2,0.3966,0.3848,0.4087
hash,infomap,aff_r2,infomap,hash_aff,frequent_triples,volume_3,0.4033,0.3905,0.4172
hash,infomap,aff_r2,infomap,hash_aff,frequent_triples,volume_5,0.4033,0.3905,0.4172
hash,infomap,aff_r2,infomap,hash_aff,frequent_triples,volume_full,0.4033,0.3905,0.4172
hash,infomap,aff_r3,infomap,hash_aff,train,fanout,-0.8147,-0.8344,-0.7947
hash,infomap,aff_r3,infomap,hash_aff,train,single_shard_share,0.0898,0.0845,0.0955
hash,infomap,aff_r3,infomap,hash_aff,train,overlap_1,0.1883,0.1826,0.1939
hash,infomap,aff_r3,infomap,hash_aff,train,overlap_2,0.0361,0.0338,0.0386
hash,infomap,aff_r3,infomap,hash_aff,train,overlap_3,0.0042,0.0034,0.0049
hash,infomap,aff_r3,infomap,hash_aff,train,overlap_5,0.0,0.0,0.0001
hash,infomap,aff_r3,infomap,hash_aff,train,overlap_full,0.0,0.0,0.0
hash,infomap,aff_r3,infomap,hash_aff,train,volume_1,0.1731,0.1689,0.1774
hash,infomap,aff_r3,infomap,hash_aff,train,volume_2,0.3315,0.325,0.3373
hash,infomap,aff_r3,infomap,hash_aff,train,volume_3,0.4151,0.4076,0.4217
hash,infomap,aff_r3,infomap,hash_aff,train,volume_5,0.4384,0.4306,0.4455
hash,infomap,aff_r3,infomap,hash_aff,train,volume_full,0.4374,0.4296,0.4444
hash,infomap,aff_r3,infomap,hash_aff,holdout,fanout,-0.6732,-0.6949,-0.6493
hash,infomap,aff_r3,infomap,hash_aff,holdout,single_shard_share,0.0722,0.0656,0.0782
hash,infomap,aff_r3,infomap,hash_aff,holdout,overlap_1,0.1728,0.166,0.1792
hash,infomap,aff_r3,infomap,hash_aff,holdout,overlap_2,0.0324,0.0295,0.0355
hash,infomap,aff_r3,infomap,hash_aff,holdout,overlap_3,0.0036,0.0027,0.0044
hash,infomap,aff_r3,infomap,hash_aff,holdout,overlap_5,0.0002,0.0,0.0005
hash,infomap,aff_r3,infomap,hash_aff,holdout,overlap_full,0.0,0.0,0.0
hash,infomap,aff_r3,infomap,hash_aff,holdout,volume_1,0.1857,0.1802,0.1912
hash,infomap,aff_r3,infomap,hash_aff,holdout,volume_2,0.3462,0.3381,0.3537
hash,infomap,aff_r3,infomap,hash_aff,holdout,volume_3,0.4381,0.4287,0.447
hash,infomap,aff_r3,infomap,hash_aff,holdout,volume_5,0.4762,0.4659,0.4873
hash,infomap,aff_r3,infomap,hash_aff,holdout,volume_full,0.4764,0.4662,0.4873
hash,infomap,aff_r3,infomap,hash_aff,ood,fanout,-0.7431,-0.7599,-0.7272
hash,infomap,aff_r3,infomap,hash_aff,ood,single_shard_share,0.0085,0.0068,0.0103
hash,infomap,aff_r3,infomap,hash_aff,ood,overlap_1,0.2388,0.2325,0.2447
hash,infomap,aff_r3,infomap,hash_aff,ood,overlap_2,0.1056,0.1016,0.1095
hash,infomap,aff_r3,infomap,hash_aff,ood,overlap_3,0.0268,0.0249,0.0289
hash,infomap,aff_r3,infomap,hash_aff,ood,overlap_5,0.001,0.0007,0.0013
hash,infomap,aff_r3,infomap,hash_aff,ood,overlap_full,0.0,0.0,0.0
hash,infomap,aff_r3,infomap,hash_aff,ood,volume_1,0.1373,0.1338,0.141
hash,infomap,aff_r3,infomap,hash_aff,ood,volume_2,0.2742,0.2688,0.2797
hash,infomap,aff_r3,infomap,hash_aff,ood,volume_3,0.4274,0.4206,0.4338
hash,infomap,aff_r3,infomap,hash_aff,ood,volume_5,0.5888,0.581,0.5971
hash,infomap,aff_r3,infomap,hash_aff,ood,volume_full,0.6031,0.5949,0.6118
hash,infomap,aff_r3,infomap,hash_aff,connected_pairs,fanout,-0.9985,-1.0,-0.9965
hash,infomap,aff_r3,infomap,hash_aff,connected_pairs,single_shard_share,0.9985,0.9965,1.0
hash,infomap,aff_r3,infomap,hash_aff,connected_pairs,overlap_1,0.1466,0.1366,0.1557
hash,infomap,aff_r3,infomap,hash_aff,connected_pairs,overlap_2,0.0,0.0,0.0
hash,infomap,aff_r3,infomap,hash_aff,connected_pairs,overlap_3,0.0,0.0,0.0
hash,infomap,aff_r3,infomap,hash_aff,connected_pairs,overlap_5,0.0,0.0,0.0
hash,infomap,aff_r3,infomap,hash_aff,connected_pairs,overlap_full,0.0,0.0,0.0
hash,infomap,aff_r3,infomap,hash_aff,connected_pairs,volume_1,0.0632,0.0572,0.0706
hash,infomap,aff_r3,infomap,hash_aff,connected_pairs,volume_2,0.0398,0.0338,0.0471
hash,infomap,aff_r3,infomap,hash_aff,connected_pairs,volume_3,0.0398,0.0338,0.0471
hash,infomap,aff_r3,infomap,hash_aff,connected_pairs,volume_5,0.0398,0.0338,0.0471
hash,infomap,aff_r3,infomap,hash_aff,connected_pairs,volume_full,0.0398,0.0338,0.0471
hash,infomap,aff_r3,infomap,hash_aff,connected_triples,fanout,-1.7685,-1.787,-1.749
hash,infomap,aff_r3,infomap,hash_aff,connected_triples,single_shard_share,0.7715,0.7525,0.7895
hash,infomap,aff_r3,infomap,hash_aff,connected_triples,overlap_1,0.1566,0.1458,0.1671
hash,infomap,aff_r3,infomap,hash_aff,connected_triples,overlap_2,0.002,0.001,0.0031
hash,infomap,aff_r3,infomap,hash_aff,connected_triples,overlap_3,0.0,0.0,0.0
hash,infomap,aff_r3,infomap,hash_aff,connected_triples,overlap_5,0.0,0.0,0.0
hash,infomap,aff_r3,infomap,hash_aff,connected_triples,overlap_full,0.0,0.0,0.0
hash,infomap,aff_r3,infomap,hash_aff,connected_triples,volume_1,0.1736,0.1643,0.1826
hash,infomap,aff_r3,infomap,hash_aff,connected_triples,volume_2,0.2132,0.2029,0.2229
hash,infomap,aff_r3,infomap,hash_aff,connected_triples,volume_3,0.1778,0.1676,0.1876
hash,infomap,aff_r3,infomap,hash_aff,connected_triples,volume_5,0.1778,0.1676,0.1876
hash,infomap,aff_r3,infomap,hash_aff,connected_triples,volume_full,0.1778,0.1676,0.1876
hash,infomap,aff_r3,infomap,hash_aff,frequent_pairs,fanout,-0.769,-0.788,-0.75
hash,infomap,aff_r3,infomap,hash_aff,frequent_pairs,single_shard_share,0.769,0.75,0.788
hash,infomap,aff_r3,infomap,hash_aff,frequent_pairs,overlap_1,0.0004,0.0,0.001
hash,infomap,aff_r3,infomap,hash_aff,frequent_pairs,overlap_2,0.0,0.0,0.0
hash,infomap,aff_r3,infomap,hash_aff,frequent_pairs,overlap_3,0.0,0.0,0.0
hash,infomap,aff_r3,infomap,hash_aff,frequent_pairs,overlap_5,0.0,0.0,0.0
hash,infomap,aff_r3,infomap,hash_aff,frequent_pairs,overlap_full,0.0,0.0,0.0
hash,infomap,aff_r3,infomap,hash_aff,frequent_pairs,volume_1,0.3259,0.3156,0.3367
hash,infomap,aff_r3,infomap,hash_aff,frequent_pairs,volume_2,0.357,0.3446,0.3696
hash,infomap,aff_r3,infomap,hash_aff,frequent_pairs,volume_3,0.357,0.3446,0.3696
hash,infomap,aff_r3,infomap,hash_aff,frequent_pairs,volume_5,0.357,0.3446,0.3696
hash,infomap,aff_r3,infomap,hash_aff,frequent_pairs,volume_full,0.357,0.3446,0.3696
hash,infomap,aff_r3,infomap,hash_aff,frequent_triples,fanout,-1.454,-1.4805,-1.427
hash,infomap,aff_r3,infomap,hash_aff,frequent_triples,single_shard_share,0.5225,0.5005,0.543
hash,infomap,aff_r3,infomap,hash_aff,frequent_triples,overlap_1,0.0301,0.0255,0.0347
hash,infomap,aff_r3,infomap,hash_aff,frequent_triples,overlap_2,0.0,0.0,0.0
hash,infomap,aff_r3,infomap,hash_aff,frequent_triples,overlap_3,0.0,0.0,0.0
hash,infomap,aff_r3,infomap,hash_aff,frequent_triples,overlap_5,0.0,0.0,0.0
hash,infomap,aff_r3,infomap,hash_aff,frequent_triples,overlap_full,0.0,0.0,0.0
hash,infomap,aff_r3,infomap,hash_aff,frequent_triples,volume_1,0.3208,0.3106,0.3306
hash,infomap,aff_r3,infomap,hash_aff,frequent_triples,volume_2,0.4444,0.4318,0.458
hash,infomap,aff_r3,infomap,hash_aff,frequent_triples,volume_3,0.4239,0.4099,0.4389
hash,infomap,aff_r3,infomap,hash_aff,frequent_triples,volume_5,0.4239,0.4099,0.4389
hash,infomap,aff_r3,infomap,hash_aff,frequent_triples,volume_full,0.4239,0.4099,0.4389
hash,infomap,bal,infomap,hash_bal,train,fanout,-0.4046,-0.4181,-0.3905
hash,infomap,bal,infomap,hash_bal,train,single_shard_share,0.0309,0.0273,0.0344
hash,infomap,bal,infomap,hash_bal,train,overlap_1,0.0942,0.0894,0.0987
hash,infomap,bal,infomap,hash_bal,train,overlap_2,0.0169,0.0151,0.0188
hash,infomap,bal,infomap,hash_bal,train,overlap_3,0.002,0.0014,0.0026
hash,infomap,bal,infomap,hash_bal,train,overlap_5,0.0,0.0,0.0001
hash,infomap,bal,infomap,hash_bal,train,overlap_full,0.0,0.0,0.0
hash,infomap,bal,infomap,hash_bal,train,volume_1,-0.0283,-0.0291,-0.0275
hash,infomap,bal,infomap,hash_bal,train,volume_2,-0.0654,-0.0666,-0.0642
hash,infomap,bal,infomap,hash_bal,train,volume_3,-0.1171,-0.1189,-0.1152
hash,infomap,bal,infomap,hash_bal,train,volume_5,-0.1731,-0.1756,-0.1704
hash,infomap,bal,infomap,hash_bal,train,volume_full,-0.1823,-0.185,-0.1792
hash,infomap,bal,infomap,hash_bal,holdout,fanout,-0.2964,-0.3114,-0.2813
hash,infomap,bal,infomap,hash_bal,holdout,single_shard_share,0.0233,0.0194,0.0271
hash,infomap,bal,infomap,hash_bal,holdout,overlap_1,0.0717,0.0664,0.0777
hash,infomap,bal,infomap,hash_bal,holdout,overlap_2,0.0123,0.0101,0.0145
hash,infomap,bal,infomap,hash_bal,holdout,overlap_3,0.0009,0.0002,0.0015
hash,infomap,bal,infomap,hash_bal,holdout,overlap_5,0.0,-0.0001,0.0001
hash,infomap,bal,infomap,hash_bal,holdout,overlap_full,0.0,0.0,0.0
hash,infomap,bal,infomap,hash_bal,holdout,volume_1,-0.0282,-0.0291,-0.0272
hash,infomap,bal,infomap,hash_bal,holdout,volume_2,-0.0637,-0.0653,-0.0623
hash,infomap,bal,infomap,hash_bal,holdout,volume_3,-0.1098,-0.1121,-0.1077
hash,infomap,bal,infomap,hash_bal,holdout,volume_5,-0.1563,-0.1593,-0.1533
hash,infomap,bal,infomap,hash_bal,holdout,volume_full,-0.1645,-0.168,-0.1612
hash,infomap,bal,infomap,hash_bal,ood,fanout,-0.3865,-0.4006,-0.373
hash,infomap,bal,infomap,hash_bal,ood,single_shard_share,0.0028,0.0017,0.0039
hash,infomap,bal,infomap,hash_bal,ood,overlap_1,0.106,0.1005,0.1112
hash,infomap,bal,infomap,hash_bal,ood,overlap_2,0.0376,0.0343,0.0405
hash,infomap,bal,infomap,hash_bal,ood,overlap_3,0.0083,0.0069,0.0096
hash,infomap,bal,infomap,hash_bal,ood,overlap_5,0.0003,0.0001,0.0004
hash,infomap,bal,infomap,hash_bal,ood,overlap_full,0.0,0.0,0.0
hash,infomap,bal,infomap,hash_bal,ood,volume_1,-0.0283,-0.029,-0.0276
hash,infomap,bal,infomap,hash_bal,ood,volume_2,-0.0576,-0.0585,-0.0565
hash,infomap,bal,infomap,hash_bal,ood,volume_3,-0.0936,-0.095,-0.0921
hash,infomap,bal,infomap,hash_bal,ood,volume_5,-0.1848,-0.1872,-0.1825
hash,infomap,bal,infomap,hash_bal,ood,volume_full,-0.2125,-0.2155,-0.2097
hash,infomap,bal,infomap,hash_bal,connected_pairs,fanout,-0.981,-0.9865,-0.975
hash,infomap,bal,infomap,hash_bal,connected_pairs,single_shard_share,0.981,0.975,0.9865
hash,infomap,bal,infomap,hash_bal,connected_pairs,overlap_1,0.1268,0.1178,0.1352
hash,infomap,bal,infomap,hash_bal,connected_pairs,overlap_2,0.0,0.0,0.0
hash,infomap,bal,infomap,hash_bal,connected_pairs,overlap_3,0.0,0.0,0.0
hash,infomap,bal,infomap,hash_bal,connected_pairs,overlap_5,0.0,0.0,0.0
hash,infomap,bal,infomap,hash_bal,connected_pairs,overlap_full,0.0,0.0,0.0
hash,infomap,bal,infomap,hash_bal,connected_pairs,volume_1,-0.0295,-0.0313,-0.0278
hash,infomap,bal,infomap,hash_bal,connected_pairs,volume_2,-0.2022,-0.2047,-0.1997
hash,infomap,bal,infomap,hash_bal,connected_pairs,volume_3,-0.2022,-0.2047,-0.1997
hash,infomap,bal,infomap,hash_bal,connected_pairs,volume_5,-0.2022,-0.2047,-0.1997
hash,infomap,bal,infomap,hash_bal,connected_pairs,volume_full,-0.2022,-0.2047,-0.1997
hash,infomap,bal,infomap,hash_bal,connected_triples,fanout,-1.346,-1.377,-1.3155
hash,infomap,bal,infomap,hash_bal,connected_triples,single_shard_share,0.4695,0.4465,0.491
hash,infomap,bal,infomap,hash_bal,connected_triples,overlap_1,0.1289,0.1197,0.1387
hash,infomap,bal,infomap,hash_bal,connected_triples,overlap_2,0.0018,0.001,0.0028
hash,infomap,bal,infomap,hash_bal,connected_triples,overlap_3,0.0,0.0,0.0
hash,infomap,bal,infomap,hash_bal,connected_triples,overlap_5,0.0,0.0,0.0
hash,infomap,bal,infomap,hash_bal,connected_triples,overlap_full,0.0,0.0,0.0
hash,infomap,bal,infomap,hash_bal,connected_triples,volume_1,-0.0278,-0.0294,-0.0262
hash,infomap,bal,infomap,hash_bal,connected_triples,volume_2,-0.128,-0.132,-0.124
hash,infomap,bal,infomap,hash_bal,connected_triples,volume_3,-0.304,-0.3092,-0.2992
hash,infomap,bal,infomap,hash_bal,connected_triples,volume_5,-0.304,-0.3092,-0.2992
hash,infomap,bal,infomap,hash_bal,connected_triples,volume_full,-0.304,-0.3092,-0.2992
hash,infomap,bal,infomap,hash_bal,frequent_pairs,fanout,-0.2625,-0.2825,-0.243
hash,infomap,bal,infomap,hash_bal,frequent_pairs,single_shard_share,0.2625,0.243,0.2825
hash,infomap,bal,infomap,hash_bal,frequent_pairs,overlap_1,0.0003,-0.0001,0.0009
hash,infomap,bal,infomap,hash_bal,frequent_pairs,overlap_2,0.0,0.0,0.0
hash,infomap,bal,infomap,hash_bal,frequent_pairs,overlap_3,0.0,0.0,0.0
hash,infomap,bal,infomap,hash_bal,frequent_pairs,overlap_5,0.0,0.0,0.0
hash,infomap,bal,infomap,hash_bal,frequent_pairs,overlap_full,0.0,0.0,0.0
hash,infomap,bal,infomap,hash_bal,frequent_pairs,volume_1,-0.0352,-0.037,-0.0335
hash,infomap,bal,infomap,hash_bal,frequent_pairs,volume_2,-0.1276,-0.131,-0.1239
hash,infomap,bal,infomap,hash_bal,frequent_pairs,volume_3,-0.1276,-0.131,-0.1239
hash,infomap,bal,infomap,hash_bal,frequent_pairs,volume_5,-0.1276,-0.131,-0.1239
hash,infomap,bal,infomap,hash_bal,frequent_pairs,volume_full,-0.1276,-0.131,-0.1239
hash,infomap,bal,infomap,hash_bal,frequent_triples,fanout,-0.499,-0.5275,-0.4695
hash,infomap,bal,infomap,hash_bal,frequent_triples,single_shard_share,0.0985,0.0855,0.1115
hash,infomap,bal,infomap,hash_bal,frequent_triples,overlap_1,0.0134,0.0104,0.0165
hash,infomap,bal,infomap,hash_bal,frequent_triples,overlap_2,0.0,0.0,0.0
hash,infomap,bal,infomap,hash_bal,frequent_triples,overlap_3,0.0,0.0,0.0
hash,infomap,bal,infomap,hash_bal,frequent_triples,overlap_5,0.0,0.0,0.0
hash,infomap,bal,infomap,hash_bal,frequent_triples,overlap_full,0.0,0.0,0.0
hash,infomap,bal,infomap,hash_bal,frequent_triples,volume_1,-0.0337,-0.0353,-0.0321
hash,infomap,bal,infomap,hash_bal,frequent_triples,volume_2,-0.0878,-0.0909,-0.0848
hash,infomap,bal,infomap,hash_bal,frequent_triples,volume_3,-0.2077,-0.2126,-0.2025
hash,infomap,bal,infomap,hash_bal,frequent_triples,volume_5,-0.2077,-0.2126,-0.2025
hash,infomap,bal,infomap,hash_bal,frequent_triples,volume_full,-0.2077,-0.2126,-0.2025
strategy,infomap,aff,infomap,base,train,fanout,-0.1077,-0.1143,-0.1013
strategy,infomap,aff,infomap,base,train,single_shard_share,0.0161,0.0137,0.0184
strategy,infomap,aff,infomap,base,train,overlap_1,0.0475,0.0444,0.0505
strategy,infomap,aff,infomap,base,train,overlap_2,0.0095,0.0083,0.0108
strategy,infomap,aff,infomap,base,train,overlap_3,0.0013,0.0009,0.0018
strategy,infomap,aff,infomap,base,train,overlap_5,0.0,0.0,0.0
strategy,infomap,aff,infomap,base,train,overlap_full,0.0,0.0,0.0
strategy,infomap,aff,infomap,base,train,volume_1,0.0303,0.0292,0.0314
strategy,infomap,aff,infomap,base,train,volume_2,0.0572,0.0556,0.0587
strategy,infomap,aff,infomap,base,train,volume_3,0.0806,0.0786,0.0824
strategy,infomap,aff,infomap,base,train,volume_5,0.0945,0.0924,0.0965
strategy,infomap,aff,infomap,base,train,volume_full,0.0957,0.0936,0.0977
strategy,infomap,aff,infomap,base,holdout,fanout,-0.1334,-0.143,-0.1241
strategy,infomap,aff,infomap,base,holdout,single_shard_share,0.0174,0.0143,0.0207
strategy,infomap,aff,infomap,base,holdout,overlap_1,0.0548,0.0507,0.059
strategy,infomap,aff,infomap,base,holdout,overlap_2,0.0117,0.0101,0.0137
strategy,infomap,aff,infomap,base,holdout,overlap_3,0.0012,0.0008,0.0017
strategy,infomap,aff,infomap,base,holdout,overlap_5,0.0,0.0,0.0001
strategy,infomap,aff,infomap,base,holdout,overlap_full,0.0,0.0,0.0
strategy,infomap,aff,infomap,base,holdout,volume_1,0.033,0.0317,0.0345
strategy,infomap,aff,infomap,base,holdout,volume_2,0.0595,0.0577,0.0615
strategy,infomap,aff,infomap,base,holdout,volume_3,0.0822,0.0799,0.0844
strategy,infomap,aff,infomap,base,holdout,volume_5,0.0968,0.0941,0.0994
strategy,infomap,aff,infomap,base,holdout,volume_full,0.0977,0.095,0.1003
strategy,infomap,aff,infomap,base,ood,fanout,-0.1176,-0.1245,-0.1108
strategy,infomap,aff,infomap,base,ood,single_shard_share,0.0018,0.001,0.0027
strategy,infomap,aff,infomap,base,ood,overlap_1,0.0553,0.052,0.0583
strategy,infomap,aff,infomap,base,ood,overlap_2,0.0298,0.0279,0.0319
strategy,infomap,aff,infomap,base,ood,overlap_3,0.0082,0.0073,0.0093
strategy,infomap,aff,infomap,base,ood,overlap_5,0.0005,0.0003,0.0007
strategy,infomap,aff,infomap,base,ood,overlap_full,0.0,0.0,0.0
strategy,infomap,aff,infomap,base,ood,volume_1,0.0273,0.0263,0.0282
strategy,infomap,aff,infomap,base,ood,volume_2,0.0503,0.049,0.0517
strategy,infomap,aff,infomap,base,ood,volume_3,0.0701,0.0685,0.0719
strategy,infomap,aff,infomap,base,ood,volume_5,0.0933,0.0914,0.0952
strategy,infomap,aff,infomap,base,ood,volume_full,0.0965,0.0945,0.0985
strategy,infomap,aff,infomap,base,connected_pairs,fanout,0.0,0.0,0.0
strategy,infomap,aff,infomap,base,connected_pairs,single_shard_share,0.0,0.0,0.0
strategy,infomap,aff,infomap,base,connected_pairs,overlap_1,0.0,0.0,0.0
strategy,infomap,aff,infomap,base,connected_pairs,overlap_2,0.0,0.0,0.0
strategy,infomap,aff,infomap,base,connected_pairs,overlap_3,0.0,0.0,0.0
strategy,infomap,aff,infomap,base,connected_pairs,overlap_5,0.0,0.0,0.0
strategy,infomap,aff,infomap,base,connected_pairs,overlap_full,0.0,0.0,0.0
strategy,infomap,aff,infomap,base,connected_pairs,volume_1,0.0086,0.0076,0.0096
strategy,infomap,aff,infomap,base,connected_pairs,volume_2,0.0087,0.0077,0.0097
strategy,infomap,aff,infomap,base,connected_pairs,volume_3,0.0087,0.0077,0.0097
strategy,infomap,aff,infomap,base,connected_pairs,volume_5,0.0087,0.0077,0.0097
strategy,infomap,aff,infomap,base,connected_pairs,volume_full,0.0087,0.0077,0.0097
strategy,infomap,aff,infomap,base,connected_triples,fanout,0.0,0.0,0.0
strategy,infomap,aff,infomap,base,connected_triples,single_shard_share,0.0,0.0,0.0
strategy,infomap,aff,infomap,base,connected_triples,overlap_1,0.0,0.0,0.0
strategy,infomap,aff,infomap,base,connected_triples,overlap_2,0.0,0.0,0.0
strategy,infomap,aff,infomap,base,connected_triples,overlap_3,0.0,0.0,0.0
strategy,infomap,aff,infomap,base,connected_triples,overlap_5,0.0,0.0,0.0
strategy,infomap,aff,infomap,base,connected_triples,overlap_full,0.0,0.0,0.0
strategy,infomap,aff,infomap,base,connected_triples,volume_1,0.0173,0.0158,0.0189
strategy,infomap,aff,infomap,base,connected_triples,volume_2,0.0338,0.0318,0.0359
strategy,infomap,aff,infomap,base,connected_triples,volume_3,0.036,0.0339,0.0381
strategy,infomap,aff,infomap,base,connected_triples,volume_5,0.036,0.0339,0.0381
strategy,infomap,aff,infomap,base,connected_triples,volume_full,0.036,0.0339,0.0381
strategy,infomap,aff,infomap,base,frequent_pairs,fanout,0.0,0.0,0.0
strategy,infomap,aff,infomap,base,frequent_pairs,single_shard_share,0.0,0.0,0.0
strategy,infomap,aff,infomap,base,frequent_pairs,overlap_1,0.0,0.0,0.0
strategy,infomap,aff,infomap,base,frequent_pairs,overlap_2,0.0,0.0,0.0
strategy,infomap,aff,infomap,base,frequent_pairs,overlap_3,0.0,0.0,0.0
strategy,infomap,aff,infomap,base,frequent_pairs,overlap_5,0.0,0.0,0.0
strategy,infomap,aff,infomap,base,frequent_pairs,overlap_full,0.0,0.0,0.0
strategy,infomap,aff,infomap,base,frequent_pairs,volume_1,0.0261,0.0243,0.0279
strategy,infomap,aff,infomap,base,frequent_pairs,volume_2,0.0507,0.0485,0.053
strategy,infomap,aff,infomap,base,frequent_pairs,volume_3,0.0507,0.0485,0.053
strategy,infomap,aff,infomap,base,frequent_pairs,volume_5,0.0507,0.0485,0.053
strategy,infomap,aff,infomap,base,frequent_pairs,volume_full,0.0507,0.0485,0.053
strategy,infomap,aff,infomap,base,frequent_triples,fanout,0.0,0.0,0.0
strategy,infomap,aff,infomap,base,frequent_triples,single_shard_share,0.0,0.0,0.0
strategy,infomap,aff,infomap,base,frequent_triples,overlap_1,0.0004,0.0001,0.0008
strategy,infomap,aff,infomap,base,frequent_triples,overlap_2,0.0,0.0,0.0
strategy,infomap,aff,infomap,base,frequent_triples,overlap_3,0.0,0.0,0.0
strategy,infomap,aff,infomap,base,frequent_triples,overlap_5,0.0,0.0,0.0
strategy,infomap,aff,infomap,base,frequent_triples,overlap_full,0.0,0.0,0.0
strategy,infomap,aff,infomap,base,frequent_triples,volume_1,0.0269,0.0251,0.0287
strategy,infomap,aff,infomap,base,frequent_triples,volume_2,0.0508,0.0486,0.0531
strategy,infomap,aff,infomap,base,frequent_triples,volume_3,0.0694,0.0668,0.0719
strategy,infomap,aff,infomap,base,frequent_triples,volume_5,0.0694,0.0668,0.0719
strategy,infomap,aff,infomap,base,frequent_triples,volume_full,0.0694,0.0668,0.0719
strategy,infomap,aff_r2,infomap,base_r2,train,fanout,-0.1177,-0.1247,-0.1112
strategy,infomap,aff_r2,infomap,base_r2,train,single_shard_share,0.0221,0.0194,0.025
strategy,infomap,aff_r2,infomap,base_r2,train,overlap_1,0.0468,0.0437,0.0499
strategy,infomap,aff_r2,infomap,base_r2,train,overlap_2,0.0081,0.0071,0.0093
strategy,infomap,aff_r2,infomap,base_r2,train,overlap_3,0.0007,0.0004,0.0011
strategy,infomap,aff_r2,infomap,base_r2,train,overlap_5,0.0,0.0,0.0
strategy,infomap,aff_r2,infomap,base_r2,train,overlap_full,0.0,0.0,0.0
strategy,infomap,aff_r2,infomap,base_r2,train,volume_1,0.0423,0.0403,0.0442
strategy,infomap,aff_r2,infomap,base_r2,train,volume_2,0.0808,0.0781,0.0832
strategy,infomap,aff_r2,infomap,base_r2,train,volume_3,0.1076,0.1046,0.1106
strategy,infomap,aff_r2,infomap,base_r2,train,volume_5,0.1177,0.1147,0.1208
strategy,infomap,aff_r2,infomap,base_r2,train,volume_full,0.1183,0.1152,0.1213
strategy,infomap,aff_r2,infomap,base_r2,holdout,fanout,-0.1446,-0.1546,-0.1346
strategy,infomap,aff_r2,infomap,base_r2,holdout,single_shard_share,0.0233,0.0197,0.0271
strategy,infomap,aff_r2,infomap,base_r2,holdout,overlap_1,0.0548,0.0504,0.0589
strategy,infomap,aff_r2,infomap,base_r2,holdout,overlap_2,0.011,0.0093,0.0129
strategy,infomap,aff_r2,infomap,base_r2,holdout,overlap_3,0.0009,0.0005,0.0013
strategy,infomap,aff_r2,infomap,base_r2,holdout,overlap_5,0.0,0.0,0.0001
strategy,infomap,aff_r2,infomap,base_r2,holdout,overlap_full,0.0,0.0,0.0
strategy,infomap,aff_r2,infomap,base_r2,holdout,volume_1,0.0463,0.0438,0.0489
strategy,infomap,aff_r2,infomap,base_r2,holdout,volume_2,0.0829,0.0798,0.0861
strategy,infomap,aff_r2,infomap,base_r2,holdout,volume_3,0.1056,0.102,0.1093
strategy,infomap,aff_r2,infomap,base_r2,holdout,volume_5,0.1195,0.1155,0.1237
strategy,infomap,aff_r2,infomap,base_r2,holdout,volume_full,0.1194,0.1155,0.1236
strategy,infomap,aff_r2,infomap,base_r2,ood,fanout,-0.1368,-0.1443,-0.1297
strategy,infomap,aff_r2,infomap,base_r2,ood,single_shard_share,0.0034,0.0023,0.0045
strategy,infomap,aff_r2,infomap,base_r2,ood,overlap_1,0.0574,0.0541,0.0606
strategy,infomap,aff_r2,infomap,base_r2,ood,overlap_2,0.0297,0.0277,0.0317
strategy,infomap,aff_r2,infomap,base_r2,ood,overlap_3,0.0081,0.0072,0.0091
strategy,infomap,aff_r2,infomap,base_r2,ood,overlap_5,0.0004,0.0003,0.0006
strategy,infomap,aff_r2,infomap,base_r2,ood,overlap_full,0.0,0.0,0.0
strategy,infomap,aff_r2,infomap,base_r2,ood,volume_1,0.0386,0.0369,0.0401
strategy,infomap,aff_r2,infomap,base_r2,ood,volume_2,0.0774,0.0751,0.0799
strategy,infomap,aff_r2,infomap,base_r2,ood,volume_3,0.1078,0.1049,0.1108
strategy,infomap,aff_r2,infomap,base_r2,ood,volume_5,0.1333,0.1303,0.1364
strategy,infomap,aff_r2,infomap,base_r2,ood,volume_full,0.1337,0.1307,0.1369
strategy,infomap,aff_r2,infomap,base_r2,connected_pairs,fanout,0.0,0.0,0.0
strategy,infomap,aff_r2,infomap,base_r2,connected_pairs,single_shard_share,0.0,0.0,0.0
strategy,infomap,aff_r2,infomap,base_r2,connected_pairs,overlap_1,0.0,0.0,0.0
strategy,infomap,aff_r2,infomap,base_r2,connected_pairs,overlap_2,0.0,0.0,0.0
strategy,infomap,aff_r2,infomap,base_r2,connected_pairs,overlap_3,0.0,0.0,0.0
strategy,infomap,aff_r2,infomap,base_r2,connected_pairs,overlap_5,0.0,0.0,0.0
strategy,infomap,aff_r2,infomap,base_r2,connected_pairs,overlap_full,0.0,0.0,0.0
strategy,infomap,aff_r2,infomap,base_r2,connected_pairs,volume_1,0.0076,0.0069,0.0084
strategy,infomap,aff_r2,infomap,base_r2,connected_pairs,volume_2,0.0076,0.0069,0.0084
strategy,infomap,aff_r2,infomap,base_r2,connected_pairs,volume_3,0.0076,0.0069,0.0084
strategy,infomap,aff_r2,infomap,base_r2,connected_pairs,volume_5,0.0076,0.0069,0.0084
strategy,infomap,aff_r2,infomap,base_r2,connected_pairs,volume_full,0.0076,0.0069,0.0084
strategy,infomap,aff_r2,infomap,base_r2,connected_triples,fanout,0.0,0.0,0.0
strategy,infomap,aff_r2,infomap,base_r2,connected_triples,single_shard_share,0.0,0.0,0.0
strategy,infomap,aff_r2,infomap,base_r2,connected_triples,overlap_1,0.0,0.0,0.0
strategy,infomap,aff_r2,infomap,base_r2,connected_triples,overlap_2,0.0,0.0,0.0
strategy,infomap,aff_r2,infomap,base_r2,connected_triples,overlap_3,0.0,0.0,0.0
strategy,infomap,aff_r2,infomap,base_r2,connected_triples,overlap_5,0.0,0.0,0.0
strategy,infomap,aff_r2,infomap,base_r2,connected_triples,overlap_full,0.0,0.0,0.0
strategy,infomap,aff_r2,infomap,base_r2,connected_triples,volume_1,0.0151,0.014,0.0163
strategy,infomap,aff_r2,infomap,base_r2,connected_triples,volume_2,0.0247,0.0233,0.0263
strategy,infomap,aff_r2,infomap,base_r2,connected_triples,volume_3,0.0248,0.0234,0.0264
strategy,infomap,aff_r2,infomap,base_r2,connected_triples,volume_5,0.0248,0.0234,0.0264
strategy,infomap,aff_r2,infomap,base_r2,connected_triples,volume_full,0.0248,0.0234,0.0264
strategy,infomap,aff_r2,infomap,base_r2,frequent_pairs,fanout,0.0,0.0,0.0
strategy,infomap,aff_r2,infomap,base_r2,frequent_pairs,single_shard_share,0.0,0.0,0.0
strategy,infomap,aff_r2,infomap,base_r2,frequent_pairs,overlap_1,0.0,0.0,0.0
strategy,infomap,aff_r2,infomap,base_r2,frequent_pairs,overlap_2,0.0,0.0,0.0
strategy,infomap,aff_r2,infomap,base_r2,frequent_pairs,overlap_3,0.0,0.0,0.0
strategy,infomap,aff_r2,infomap,base_r2,frequent_pairs,overlap_5,0.0,0.0,0.0
strategy,infomap,aff_r2,infomap,base_r2,frequent_pairs,overlap_full,0.0,0.0,0.0
strategy,infomap,aff_r2,infomap,base_r2,frequent_pairs,volume_1,0.0254,0.024,0.0267
strategy,infomap,aff_r2,infomap,base_r2,frequent_pairs,volume_2,0.0374,0.0356,0.0392
strategy,infomap,aff_r2,infomap,base_r2,frequent_pairs,volume_3,0.0374,0.0356,0.0392
strategy,infomap,aff_r2,infomap,base_r2,frequent_pairs,volume_5,0.0374,0.0356,0.0392
strategy,infomap,aff_r2,infomap,base_r2,frequent_pairs,volume_full,0.0374,0.0356,0.0392
strategy,infomap,aff_r2,infomap,base_r2,frequent_triples,fanout,0.0,0.0,0.0
strategy,infomap,aff_r2,infomap,base_r2,frequent_triples,single_shard_share,0.0,0.0,0.0
strategy,infomap,aff_r2,infomap,base_r2,frequent_triples,overlap_1,0.0004,0.0001,0.0008
strategy,infomap,aff_r2,infomap,base_r2,frequent_triples,overlap_2,0.0,0.0,0.0
strategy,infomap,aff_r2,infomap,base_r2,frequent_triples,overlap_3,0.0,0.0,0.0
strategy,infomap,aff_r2,infomap,base_r2,frequent_triples,overlap_5,0.0,0.0,0.0
strategy,infomap,aff_r2,infomap,base_r2,frequent_triples,overlap_full,0.0,0.0,0.0
strategy,infomap,aff_r2,infomap,base_r2,frequent_triples,volume_1,0.0243,0.0231,0.0256
strategy,infomap,aff_r2,infomap,base_r2,frequent_triples,volume_2,0.042,0.0403,0.0439
strategy,infomap,aff_r2,infomap,base_r2,frequent_triples,volume_3,0.0482,0.0462,0.0502
strategy,infomap,aff_r2,infomap,base_r2,frequent_triples,volume_5,0.0482,0.0462,0.0502
strategy,infomap,aff_r2,infomap,base_r2,frequent_triples,volume_full,0.0482,0.0462,0.0502
strategy,infomap,aff_r3,infomap,base_r3,train,fanout,-0.1222,-0.1292,-0.1154
strategy,infomap,aff_r3,infomap,base_r3,train,single_shard_share,0.0257,0.0226,0.0288
strategy,infomap,aff_r3,infomap,base_r3,train,overlap_1,0.0468,0.0436,0.0498
strategy,infomap,aff_r3,infomap,base_r3,train,overlap_2,0.0079,0.0068,0.0091
strategy,infomap,aff_r3,infomap,base_r3,train,overlap_3,0.0008,0.0005,0.0012
strategy,infomap,aff_r3,infomap,base_r3,train,overlap_5,0.0,0.0,0.0
strategy,infomap,aff_r3,infomap,base_r3,train,overlap_full,0.0,0.0,0.0
strategy,infomap,aff_r3,infomap,base_r3,train,volume_1,0.0474,0.0452,0.0496
strategy,infomap,aff_r3,infomap,base_r3,train,volume_2,0.0914,0.088,0.0944
strategy,infomap,aff_r3,infomap,base_r3,train,volume_3,0.1213,0.1176,0.1251
strategy,infomap,aff_r3,infomap,base_r3,train,volume_5,0.1301,0.1263,0.1338
strategy,infomap,aff_r3,infomap,base_r3,train,volume_full,0.13,0.1261,0.1337
strategy,infomap,aff_r3,infomap,base_r3,holdout,fanout,-0.1477,-0.1574,-0.138
strategy,infomap,aff_r3,infomap,base_r3,holdout,single_shard_share,0.0271,0.0231,0.0312
strategy,infomap,aff_r3,infomap,base_r3,holdout,overlap_1,0.0564,0.0521,0.0605
strategy,infomap,aff_r3,infomap,base_r3,holdout,overlap_2,0.0109,0.0092,0.0128
strategy,infomap,aff_r3,infomap,base_r3,holdout,overlap_3,0.001,0.0006,0.0015
strategy,infomap,aff_r3,infomap,base_r3,holdout,overlap_5,0.0,0.0,0.0001
strategy,infomap,aff_r3,infomap,base_r3,holdout,overlap_full,0.0,0.0,0.0
strategy,infomap,aff_r3,infomap,base_r3,holdout,volume_1,0.0533,0.0504,0.0563
strategy,infomap,aff_r3,infomap,base_r3,holdout,volume_2,0.0948,0.091,0.0987
strategy,infomap,aff_r3,infomap,base_r3,holdout,volume_3,0.1198,0.1155,0.1244
strategy,infomap,aff_r3,infomap,base_r3,holdout,volume_5,0.1337,0.1288,0.1388
strategy,infomap,aff_r3,infomap,base_r3,holdout,volume_full,0.1333,0.1286,0.1384
strategy,infomap,aff_r3,infomap,base_r3,ood,fanout,-0.1441,-0.1517,-0.1365
strategy,infomap,aff_r3,infomap,base_r3,ood,single_shard_share,0.0039,0.0027,0.0051
strategy,infomap,aff_r3,infomap,base_r3,ood,overlap_1,0.0591,0.0557,0.0624
strategy,infomap,aff_r3,infomap,base_r3,ood,overlap_2,0.03,0.028,0.0321
strategy,infomap,aff_r3,infomap,base_r3,ood,overlap_3,0.0081,0.0073,0.0092
strategy,infomap,aff_r3,infomap,base_r3,ood,overlap_5,0.0004,0.0002,0.0005
strategy,infomap,aff_r3,infomap,base_r3,ood,overlap_full,0.0,0.0,0.0
strategy,infomap,aff_r3,infomap,base_r3,ood,volume_1,0.0454,0.0433,0.0475
strategy,infomap,aff_r3,infomap,base_r3,ood,volume_2,0.0934,0.0904,0.0965
strategy,infomap,aff_r3,infomap,base_r3,ood,volume_3,0.1271,0.1237,0.1309
strategy,infomap,aff_r3,infomap,base_r3,ood,volume_5,0.1499,0.1464,0.1537
strategy,infomap,aff_r3,infomap,base_r3,ood,volume_full,0.149,0.1457,0.153
strategy,infomap,aff_r3,infomap,base_r3,connected_pairs,fanout,0.0,0.0,0.0
strategy,infomap,aff_r3,infomap,base_r3,connected_pairs,single_shard_share,0.0,0.0,0.0
strategy,infomap,aff_r3,infomap,base_r3,connected_pairs,overlap_1,0.0,0.0,0.0
strategy,infomap,aff_r3,infomap,base_r3,connected_pairs,overlap_2,0.0,0.0,0.0
strategy,infomap,aff_r3,infomap,base_r3,connected_pairs,overlap_3,0.0,0.0,0.0
strategy,infomap,aff_r3,infomap,base_r3,connected_pairs,overlap_5,0.0,0.0,0.0
strategy,infomap,aff_r3,infomap,base_r3,connected_pairs,overlap_full,0.0,0.0,0.0
strategy,infomap,aff_r3,infomap,base_r3,connected_pairs,volume_1,0.0071,0.0065,0.0078
strategy,infomap,aff_r3,infomap,base_r3,connected_pairs,volume_2,0.0071,0.0065,0.0078
strategy,infomap,aff_r3,infomap,base_r3,connected_pairs,volume_3,0.0071,0.0065,0.0078
strategy,infomap,aff_r3,infomap,base_r3,connected_pairs,volume_5,0.0071,0.0065,0.0078
strategy,infomap,aff_r3,infomap,base_r3,connected_pairs,volume_full,0.0071,0.0065,0.0078
strategy,infomap,aff_r3,infomap,base_r3,connected_triples,fanout,0.0,0.0,0.0
strategy,infomap,aff_r3,infomap,base_r3,connected_triples,single_shard_share,0.0,0.0,0.0
strategy,infomap,aff_r3,infomap,base_r3,connected_triples,overlap_1,0.0,0.0,0.0
strategy,infomap,aff_r3,infomap,base_r3,connected_triples,overlap_2,0.0,0.0,0.0
strategy,infomap,aff_r3,infomap,base_r3,connected_triples,overlap_3,0.0,0.0,0.0
strategy,infomap,aff_r3,infomap,base_r3,connected_triples,overlap_5,0.0,0.0,0.0
strategy,infomap,aff_r3,infomap,base_r3,connected_triples,overlap_full,0.0,0.0,0.0
strategy,infomap,aff_r3,infomap,base_r3,connected_triples,volume_1,0.0143,0.0134,0.0153
strategy,infomap,aff_r3,infomap,base_r3,connected_triples,volume_2,0.0186,0.0175,0.0198
strategy,infomap,aff_r3,infomap,base_r3,connected_triples,volume_3,0.0186,0.0175,0.0198
strategy,infomap,aff_r3,infomap,base_r3,connected_triples,volume_5,0.0186,0.0175,0.0198
strategy,infomap,aff_r3,infomap,base_r3,connected_triples,volume_full,0.0186,0.0175,0.0198
strategy,infomap,aff_r3,infomap,base_r3,frequent_pairs,fanout,0.0,0.0,0.0
strategy,infomap,aff_r3,infomap,base_r3,frequent_pairs,single_shard_share,0.0,0.0,0.0
strategy,infomap,aff_r3,infomap,base_r3,frequent_pairs,overlap_1,0.0,0.0,0.0
strategy,infomap,aff_r3,infomap,base_r3,frequent_pairs,overlap_2,0.0,0.0,0.0
strategy,infomap,aff_r3,infomap,base_r3,frequent_pairs,overlap_3,0.0,0.0,0.0
strategy,infomap,aff_r3,infomap,base_r3,frequent_pairs,overlap_5,0.0,0.0,0.0
strategy,infomap,aff_r3,infomap,base_r3,frequent_pairs,overlap_full,0.0,0.0,0.0
strategy,infomap,aff_r3,infomap,base_r3,frequent_pairs,volume_1,0.0216,0.0205,0.0227
strategy,infomap,aff_r3,infomap,base_r3,frequent_pairs,volume_2,0.0273,0.026,0.0287
strategy,infomap,aff_r3,infomap,base_r3,frequent_pairs,volume_3,0.0273,0.026,0.0287
strategy,infomap,aff_r3,infomap,base_r3,frequent_pairs,volume_5,0.0273,0.026,0.0287
strategy,infomap,aff_r3,infomap,base_r3,frequent_pairs,volume_full,0.0273,0.026,0.0287
strategy,infomap,aff_r3,infomap,base_r3,frequent_triples,fanout,0.0,0.0,0.0
strategy,infomap,aff_r3,infomap,base_r3,frequent_triples,single_shard_share,0.0,0.0,0.0
strategy,infomap,aff_r3,infomap,base_r3,frequent_triples,overlap_1,0.0,0.0,0.0
strategy,infomap,aff_r3,infomap,base_r3,frequent_triples,overlap_2,0.0,0.0,0.0
strategy,infomap,aff_r3,infomap,base_r3,frequent_triples,overlap_3,0.0,0.0,0.0
strategy,infomap,aff_r3,infomap,base_r3,frequent_triples,overlap_5,0.0,0.0,0.0
strategy,infomap,aff_r3,infomap,base_r3,frequent_triples,overlap_full,0.0,0.0,0.0
strategy,infomap,aff_r3,infomap,base_r3,frequent_triples,volume_1,0.0206,0.0196,0.0216
strategy,infomap,aff_r3,infomap,base_r3,frequent_triples,volume_2,0.0334,0.0319,0.035
strategy,infomap,aff_r3,infomap,base_r3,frequent_triples,volume_3,0.0359,0.0343,0.0376
strategy,infomap,aff_r3,infomap,base_r3,frequent_triples,volume_5,0.0359,0.0343,0.0376
strategy,infomap,aff_r3,infomap,base_r3,frequent_triples,volume_full,0.0359,0.0343,0.0376
strategy,infomap,base_r2,infomap,base,train,fanout,-0.2306,-0.2393,-0.221
strategy,infomap,base_r2,infomap,base,train,single_shard_share,0.0252,0.0222,0.0282
strategy,infomap,base_r2,infomap,base,train,overlap_1,0.0435,0.0406,0.0467
strategy,infomap,base_r2,infomap,base,train,overlap_2,0.0088,0.0076,0.0101
strategy,infomap,base_r2,infomap,base,train,overlap_3,0.0013,0.0009,0.0017
strategy,infomap,base_r2,infomap,base,train,overlap_5,0.0,0.0,0.0
strategy,infomap,base_r2,infomap,base,train,overlap_full,0.0,0.0,0.0
strategy,infomap,base_r2,infomap,base,train,volume_1,0.0729,0.0704,0.0756
strategy,infomap,base_r2,infomap,base,train,volume_2,0.1519,0.1481,0.1558
strategy,infomap,base_r2,infomap,base,train,volume_3,0.1985,0.1937,0.2028
strategy,infomap,base_r2,infomap,base,train,volume_5,0.2154,0.2105,0.2202
strategy,infomap,base_r2,infomap,base,train,volume_full,0.2164,0.2116,0.2214
strategy,infomap,base_r2,infomap,base,holdout,fanout,-0.203,-0.2157,-0.1907
strategy,infomap,base_r2,infomap,base,holdout,single_shard_share,0.0205,0.0171,0.024
strategy,infomap,base_r2,infomap,base,holdout,overlap_1,0.0463,0.042,0.0503
strategy,infomap,base_r2,infomap,base,holdout,overlap_2,0.0089,0.0075,0.0105
strategy,infomap,base_r2,infomap,base,holdout,overlap_3,0.0012,0.0008,0.0017
strategy,infomap,base_r2,infomap,base,holdout,overlap_5,0.0,0.0,0.0001
strategy,infomap,base_r2,infomap,base,holdout,overlap_full,0.0,0.0,0.0
strategy,infomap,base_r2,infomap,base,holdout,volume_1,0.0808,0.0768,0.0844
strategy,infomap,base_r2,infomap,base,holdout,volume_2,0.161,0.156,0.1661
strategy,infomap,base_r2,infomap,base,holdout,volume_3,0.2137,0.2079,0.2199
strategy,infomap,base_r2,infomap,base,holdout,volume_5,0.2363,0.2301,0.2431
strategy,infomap,base_r2,infomap,base,holdout,volume_full,0.2386,0.2322,0.2457
strategy,infomap,base_r2,infomap,base,ood,fanout,-0.2066,-0.2155,-0.198
strategy,infomap,base_r2,infomap,base,ood,single_shard_share,0.0022,0.0014,0.0032
strategy,infomap,base_r2,infomap,base,ood,overlap_1,0.0636,0.0596,0.0673
strategy,infomap,base_r2,infomap,base,ood,overlap_2,0.031,0.0283,0.0333
strategy,infomap,base_r2,infomap,base,ood,overlap_3,0.008,0.007,0.009
strategy,infomap,base_r2,infomap,base,ood,overlap_5,0.0003,0.0001,0.0005
strategy,infomap,base_r2,infomap,base,ood,overlap_full,0.0,0.0,0.0
strategy,infomap,base_r2,infomap,base,ood,volume_1,0.0493,0.0472,0.0514
strategy,infomap,base_r2,infomap,base,ood,volume_2,0.1037,0.1006,0.1066
strategy,infomap,base_r2,infomap,base,ood,volume_3,0.1771,0.1727,0.181
strategy,infomap,base_r2,infomap,base,ood,volume_5,0.2765,0.2715,0.2816
strategy,infomap,base_r2,infomap,base,ood,volume_full,0.2905,0.2851,0.2961
strategy,infomap,base_r2,infomap,base,connected_pairs,fanout,-0.0095,-0.014,-0.0055
strategy,infomap,base_r2,infomap,base,connected_pairs,single_shard_share,0.0095,0.0055,0.014
strategy,infomap,base_r2,infomap,base,connected_pairs,overlap_1,0.0005,0.0,0.0015
strategy,infomap,base_r2,infomap,base,connected_pairs,overlap_2,0.0,0.0,0.0
strategy,infomap,base_r2,infomap,base,connected_pairs,overlap_3,0.0,0.0,0.0
strategy,infomap,base_r2,infomap,base,connected_pairs,overlap_5,0.0,0.0,0.0
strategy,infomap,base_r2,infomap,base,connected_pairs,overlap_full,0.0,0.0,0.0
strategy,infomap,base_r2,infomap,base,connected_pairs,volume_1,0.0327,0.0294,0.0367
strategy,infomap,base_r2,infomap,base,connected_pairs,volume_2,0.0322,0.0291,0.0361
strategy,infomap,base_r2,infomap,base,connected_pairs,volume_3,0.0322,0.0291,0.0361
strategy,infomap,base_r2,infomap,base,connected_pairs,volume_5,0.0322,0.0291,0.0361
strategy,infomap,base_r2,infomap,base,connected_pairs,volume_full,0.0322,0.0291,0.0361
strategy,infomap,base_r2,infomap,base,connected_triples,fanout,-0.2535,-0.2755,-0.233
strategy,infomap,base_r2,infomap,base,connected_triples,single_shard_share,0.1735,0.156,0.1915
strategy,infomap,base_r2,infomap,base,connected_triples,overlap_1,0.0074,0.0054,0.01
strategy,infomap,base_r2,infomap,base,connected_triples,overlap_2,0.0,0.0,0.0
strategy,infomap,base_r2,infomap,base,connected_triples,overlap_3,0.0,0.0,0.0
strategy,infomap,base_r2,infomap,base,connected_triples,overlap_5,0.0,0.0,0.0
strategy,infomap,base_r2,infomap,base,connected_triples,overlap_full,0.0,0.0,0.0
strategy,infomap,base_r2,infomap,base,connected_triples,volume_1,0.0805,0.0749,0.0856
strategy,infomap,base_r2,infomap,base,connected_triples,volume_2,0.1384,0.1313,0.1453
strategy,infomap,base_r2,infomap,base,connected_triples,volume_3,0.1331,0.126,0.14
strategy,infomap,base_r2,infomap,base,connected_triples,volume_5,0.1331,0.126,0.14
strategy,infomap,base_r2,infomap,base,connected_triples,volume_full,0.1331,0.126,0.14
strategy,infomap,base_r2,infomap,base,frequent_pairs,fanout,-0.302,-0.322,-0.2825
strategy,infomap,base_r2,infomap,base,frequent_pairs,single_shard_share,0.302,0.2825,0.322
strategy,infomap,base_r2,infomap,base,frequent_pairs,overlap_1,0.0,0.0,0.0
strategy,infomap,base_r2,infomap,base,frequent_pairs,overlap_2,0.0,0.0,0.0
strategy,infomap,base_r2,infomap,base,frequent_pairs,overlap_3,0.0,0.0,0.0
strategy,infomap,base_r2,infomap,base,frequent_pairs,overlap_5,0.0,0.0,0.0
strategy,infomap,base_r2,infomap,base,frequent_pairs,overlap_full,0.0,0.0,0.0
strategy,infomap,base_r2,infomap,base,frequent_pairs,volume_1,0.1843,0.1765,0.1926
strategy,infomap,base_r2,infomap,base,frequent_pairs,volume_2,0.2257,0.2166,0.2347
strategy,infomap,base_r2,infomap,base,frequent_pairs,volume_3,0.2257,0.2166,0.2347
strategy,infomap,base_r2,infomap,base,frequent_pairs,volume_5,0.2257,0.2166,0.2347
strategy,infomap,base_r2,infomap,base,frequent_pairs,volume_full,0.2257,0.2166,0.2347
strategy,infomap,base_r2,infomap,base,frequent_triples,fanout,-0.5665,-0.5945,-0.5385
strategy,infomap,base_r2,infomap,base,frequent_triples,single_shard_share,0.2275,0.209,0.2445
strategy,infomap,base_r2,infomap,base,frequent_triples,overlap_1,0.009,0.0062,0.0116
strategy,infomap,base_r2,infomap,base,frequent_triples,overlap_2,0.0,0.0,0.0
strategy,infomap,base_r2,infomap,base,frequent_triples,overlap_3,0.0,0.0,0.0
strategy,infomap,base_r2,infomap,base,frequent_triples,overlap_5,0.0,0.0,0.0
strategy,infomap,base_r2,infomap,base,frequent_triples,overlap_full,0.0,0.0,0.0
strategy,infomap,base_r2,infomap,base,frequent_triples,volume_1,0.1813,0.1737,0.189
strategy,infomap,base_r2,infomap,base,frequent_triples,volume_2,0.2774,0.2678,0.2874
strategy,infomap,base_r2,infomap,base,frequent_triples,volume_3,0.2777,0.2672,0.2889
strategy,infomap,base_r2,infomap,base,frequent_triples,volume_5,0.2777,0.2672,0.2889
strategy,infomap,base_r2,infomap,base,frequent_triples,volume_full,0.2777,0.2672,0.2889
strategy,infomap,base_r3,infomap,base,train,fanout,-0.3428,-0.3544,-0.3311
strategy,infomap,base_r3,infomap,base,train,single_shard_share,0.0429,0.0394,0.0467
strategy,infomap,base_r3,infomap,base,train,overlap_1,0.062,0.0586,0.0656
strategy,infomap,base_r3,infomap,base,train,overlap_2,0.0117,0.0104,0.0131
strategy,infomap,base_r3,infomap,base,train,overlap_3,0.0015,0.0012,0.002
strategy,infomap,base_r3,infomap,base,train,overlap_5,0.0,0.0,0.0
strategy,infomap,base_r3,infomap,base,train,overlap_full,0.0,0.0,0.0
strategy,infomap,base_r3,infomap,base,train,volume_1,0.1151,0.1117,0.1186
strategy,infomap,base_r3,infomap,base,train,volume_2,0.2175,0.2126,0.2222
strategy,infomap,base_r3,infomap,base,train,volume_3,0.2642,0.2586,0.2698
strategy,infomap,base_r3,infomap,base,train,volume_5,0.2803,0.274,0.2864
strategy,infomap,base_r3,infomap,base,train,volume_full,0.2809,0.2745,0.287
strategy,infomap,base_r3,infomap,base,holdout,fanout,-0.3,-0.3144,-0.2853
strategy,infomap,base_r3,infomap,base,holdout,single_shard_share,0.0345,0.03,0.0389
strategy,infomap,base_r3,infomap,base,holdout,overlap_1,0.0645,0.0599,0.0691
strategy,infomap,base_r3,infomap,base,holdout,overlap_2,0.0125,0.0108,0.0144
strategy,infomap,base_r3,infomap,base,holdout,overlap_3,0.0016,0.0011,0.0022
strategy,infomap,base_r3,infomap,base,holdout,overlap_5,0.0001,0.0,0.0001
strategy,infomap,base_r3,infomap,base,holdout,overlap_full,0.0,0.0,0.0
strategy,infomap,base_r3,infomap,base,holdout,volume_1,0.122,0.1171,0.1266
strategy,infomap,base_r3,infomap,base,holdout,volume_2,0.2297,0.2229,0.2359
strategy,infomap,base_r3,infomap,base,holdout,volume_3,0.2876,0.2799,0.295
strategy,infomap,base_r3,infomap,base,holdout,volume_5,0.3107,0.3026,0.3192
strategy,infomap,base_r3,infomap,base,holdout,volume_full,0.3121,0.3036,0.3204
strategy,infomap,base_r3,infomap,base,ood,fanout,-0.317,-0.3276,-0.3065
strategy,infomap,base_r3,infomap,base,ood,single_shard_share,0.0033,0.0022,0.0044
strategy,infomap,base_r3,infomap,base,ood,overlap_1,0.0922,0.0875,0.0965
strategy,infomap,base_r3,infomap,base,ood,overlap_2,0.0452,0.0422,0.0478
strategy,infomap,base_r3,infomap,base,ood,overlap_3,0.0118,0.0105,0.013
strategy,infomap,base_r3,infomap,base,ood,overlap_5,0.0005,0.0003,0.0008
strategy,infomap,base_r3,infomap,base,ood,overlap_full,0.0,0.0,0.0
strategy,infomap,base_r3,infomap,base,ood,volume_1,0.0877,0.0849,0.0906
strategy,infomap,base_r3,infomap,base,ood,volume_2,0.1714,0.167,0.1757
strategy,infomap,base_r3,infomap,base,ood,volume_3,0.2812,0.2756,0.2865
strategy,infomap,base_r3,infomap,base,ood,volume_5,0.4097,0.4033,0.4159
strategy,infomap,base_r3,infomap,base,ood,volume_full,0.4249,0.4182,0.4313
strategy,infomap,base_r3,infomap,base,connected_pairs,fanout,-0.0095,-0.014,-0.0055
strategy,infomap,base_r3,infomap,base,connected_pairs,single_shard_share,0.0095,0.0055,0.014
strategy,infomap,base_r3,infomap,base,connected_pairs,overlap_1,0.0005,0.0,0.0015
strategy,infomap,base_r3,infomap,base,connected_pairs,overlap_2,0.0,0.0,0.0
strategy,infomap,base_r3,infomap,base,connected_pairs,overlap_3,0.0,0.0,0.0
strategy,infomap,base_r3,infomap,base,connected_pairs,overlap_5,0.0,0.0,0.0
strategy,infomap,base_r3,infomap,base,connected_pairs,overlap_full,0.0,0.0,0.0
strategy,infomap,base_r3,infomap,base,connected_pairs,volume_1,0.0563,0.0519,0.0621
strategy,infomap,base_r3,infomap,base,connected_pairs,volume_2,0.0558,0.0515,0.0616
strategy,infomap,base_r3,infomap,base,connected_pairs,volume_3,0.0558,0.0515,0.0616
strategy,infomap,base_r3,infomap,base,connected_pairs,volume_5,0.0558,0.0515,0.0616
strategy,infomap,base_r3,infomap,base,connected_pairs,volume_full,0.0558,0.0515,0.0616
strategy,infomap,base_r3,infomap,base,connected_triples,fanout,-0.35,-0.375,-0.3255
strategy,infomap,base_r3,infomap,base,connected_triples,single_shard_share,0.267,0.248,0.2875
strategy,infomap,base_r3,infomap,base,connected_triples,overlap_1,0.0074,0.0054,0.01
strategy,infomap,base_r3,infomap,base,connected_triples,overlap_2,0.0,0.0,0.0
strategy,infomap,base_r3,infomap,base,connected_triples,overlap_3,0.0,0.0,0.0
strategy,infomap,base_r3,infomap,base,connected_triples,overlap_5,0.0,0.0,0.0
strategy,infomap,base_r3,infomap,base,connected_triples,overlap_full,0.0,0.0,0.0
strategy,infomap,base_r3,infomap,base,connected_triples,volume_1,0.1365,0.1292,0.1439
strategy,infomap,base_r3,infomap,base,connected_triples,volume_2,0.1556,0.1479,0.1631
strategy,infomap,base_r3,infomap,base,connected_triples,volume_3,0.1496,0.1422,0.157
strategy,infomap,base_r3,infomap,base,connected_triples,volume_5,0.1496,0.1422,0.157
strategy,infomap,base_r3,infomap,base,connected_triples,volume_full,0.1496,0.1422,0.157
strategy,infomap,base_r3,infomap,base,frequent_pairs,fanout,-0.4305,-0.4535,-0.41
strategy,infomap,base_r3,infomap,base,frequent_pairs,single_shard_share,0.4305,0.41,0.4535
strategy,infomap,base_r3,infomap,base,frequent_pairs,overlap_1,0.0,0.0,0.0001
strategy,infomap,base_r3,infomap,base,frequent_pairs,overlap_2,0.0,0.0,0.0
strategy,infomap,base_r3,infomap,base,frequent_pairs,overlap_3,0.0,0.0,0.0
strategy,infomap,base_r3,infomap,base,frequent_pairs,overlap_5,0.0,0.0,0.0
strategy,infomap,base_r3,infomap,base,frequent_pairs,overlap_full,0.0,0.0,0.0
strategy,infomap,base_r3,infomap,base,frequent_pairs,volume_1,0.2607,0.251,0.2702
strategy,infomap,base_r3,infomap,base,frequent_pairs,volume_2,0.2642,0.2543,0.2749
strategy,infomap,base_r3,infomap,base,frequent_pairs,volume_3,0.2642,0.2543,0.2749
strategy,infomap,base_r3,infomap,base,frequent_pairs,volume_5,0.2642,0.2543,0.2749
strategy,infomap,base_r3,infomap,base,frequent_pairs,volume_full,0.2642,0.2543,0.2749
strategy,infomap,base_r3,infomap,base,frequent_triples,fanout,-0.791,-0.8205,-0.7625
strategy,infomap,base_r3,infomap,base,frequent_triples,single_shard_share,0.3575,0.3365,0.377
strategy,infomap,base_r3,infomap,base,frequent_triples,overlap_1,0.014,0.0108,0.0172
strategy,infomap,base_r3,infomap,base,frequent_triples,overlap_2,0.0,0.0,0.0
strategy,infomap,base_r3,infomap,base,frequent_triples,overlap_3,0.0,0.0,0.0
strategy,infomap,base_r3,infomap,base,frequent_triples,overlap_5,0.0,0.0,0.0
strategy,infomap,base_r3,infomap,base,frequent_triples,overlap_full,0.0,0.0,0.0
strategy,infomap,base_r3,infomap,base,frequent_triples,volume_1,0.2533,0.2447,0.2613
strategy,infomap,base_r3,infomap,base,frequent_triples,volume_2,0.3337,0.3231,0.3451
strategy,infomap,base_r3,infomap,base,frequent_triples,volume_3,0.3106,0.2991,0.3235
strategy,infomap,base_r3,infomap,base,frequent_triples,volume_5,0.3106,0.2991,0.3235
strategy,infomap,base_r3,infomap,base,frequent_triples,volume_full,0.3106,0.2991,0.3235
strategy,infomap,aff_r2,infomap,aff,train,fanout,-0.2406,-0.2498,-0.231
strategy,infomap,aff_r2,infomap,aff,train,single_shard_share,0.0312,0.0279,0.0345
strategy,infomap,aff_r2,infomap,aff,train,overlap_1,0.0428,0.04,0.0458
strategy,infomap,aff_r2,infomap,aff,train,overlap_2,0.0075,0.0065,0.0086
strategy,infomap,aff_r2,infomap,aff,train,overlap_3,0.0007,0.0004,0.0009
strategy,infomap,aff_r2,infomap,aff,train,overlap_5,0.0,0.0,0.0
strategy,infomap,aff_r2,infomap,aff,train,overlap_full,0.0,0.0,0.0
strategy,infomap,aff_r2,infomap,aff,train,volume_1,0.085,0.0825,0.0876
strategy,infomap,aff_r2,infomap,aff,train,volume_2,0.1756,0.1714,0.1797
strategy,infomap,aff_r2,infomap,aff,train,volume_3,0.2256,0.2207,0.2303
strategy,infomap,aff_r2,infomap,aff,train,volume_5,0.2387,0.2337,0.2438
strategy,infomap,aff_r2,infomap,aff,train,volume_full,0.239,0.2341,0.2443
strategy,infomap,aff_r2,infomap,aff,holdout,fanout,-0.2142,-0.2268,-0.2009
strategy,infomap,aff_r2,infomap,aff,holdout,single_shard_share,0.0264,0.0225,0.0307
strategy,infomap,aff_r2,infomap,aff,holdout,overlap_1,0.0463,0.042,0.0501
strategy,infomap,aff_r2,infomap,aff,holdout,overlap_2,0.0082,0.0069,0.0097
strategy,infomap,aff_r2,infomap,aff,holdout,overlap_3,0.0009,0.0006,0.0013
strategy,infomap,aff_r2,infomap,aff,holdout,overlap_5,0.0,0.0,0.0
strategy,infomap,aff_r2,infomap,aff,holdout,overlap_full,0.0,0.0,0.0
strategy,infomap,aff_r2,infomap,aff,holdout,volume_1,0.0941,0.09,0.0976
strategy,infomap,aff_r2,infomap,aff,holdout,volume_2,0.1844,0.1789,0.1896
strategy,infomap,aff_r2,infomap,aff,holdout,volume_3,0.237,0.2308,0.2433
strategy,infomap,aff_r2,infomap,aff,holdout,volume_5,0.259,0.2523,0.2663
strategy,infomap,aff_r2,infomap,aff,holdout,volume_full,0.2602,0.2536,0.2676
strategy,infomap,aff_r2,infomap,aff,ood,fanout,-0.2258,-0.2344,-0.2168
strategy,infomap,aff_r2,infomap,aff,ood,single_shard_share,0.0038,0.0026,0.005
strategy,infomap,aff_r2,infomap,aff,ood,overlap_1,0.0657,0.062,0.0692
strategy,infomap,aff_r2,infomap,aff,ood,overlap_2,0.0308,0.0286,0.0329
strategy,infomap,aff_r2,infomap,aff,ood,overlap_3,0.0078,0.0069,0.0088
strategy,infomap,aff_r2,infomap,aff,ood,overlap_5,0.0002,0.0001,0.0004
strategy,infomap,aff_r2,infomap,aff,ood,overlap_full,0.0,0.0,0.0
strategy,infomap,aff_r2,infomap,aff,ood,volume_1,0.0606,0.0583,0.0629
strategy,infomap,aff_r2,infomap,aff,ood,volume_2,0.1308,0.1274,0.1341
strategy,infomap,aff_r2,infomap,aff,ood,volume_3,0.2147,0.21,0.2192
strategy,infomap,aff_r2,infomap,aff,ood,volume_5,0.3166,0.311,0.3222
strategy,infomap,aff_r2,infomap,aff,ood,volume_full,0.3277,0.3221,0.3338
strategy,infomap,aff_r2,infomap,aff,connected_pairs,fanout,-0.0095,-0.014,-0.0055
strategy,infomap,aff_r2,infomap,aff,connected_pairs,single_shard_share,0.0095,0.0055,0.014
strategy,infomap,aff_r2,infomap,aff,connected_pairs,overlap_1,0.0005,0.0,0.0015
strategy,infomap,aff_r2,infomap,aff,connected_pairs,overlap_2,0.0,0.0,0.0
strategy,infomap,aff_r2,infomap,aff,connected_pairs,overlap_3,0.0,0.0,0.0
strategy,infomap,aff_r2,infomap,aff,connected_pairs,overlap_5,0.0,0.0,0.0
strategy,infomap,aff_r2,infomap,aff,connected_pairs,overlap_full,0.0,0.0,0.0
strategy,infomap,aff_r2,infomap,aff,connected_pairs,volume_1,0.0317,0.0284,0.0357
strategy,infomap,aff_r2,infomap,aff,connected_pairs,volume_2,0.0312,0.028,0.0351
strategy,infomap,aff_r2,infomap,aff,connected_pairs,volume_3,0.0312,0.028,0.0351
strategy,infomap,aff_r2,infomap,aff,connected_pairs,volume_5,0.0312,0.028,0.0351
strategy,infomap,aff_r2,infomap,aff,connected_pairs,volume_full,0.0312,0.028,0.0351
strategy,infomap,aff_r2,infomap,aff,connected_triples,fanout,-0.2535,-0.2755,-0.233
strategy,infomap,aff_r2,infomap,aff,connected_triples,single_shard_share,0.1735,0.156,0.1915
strategy,infomap,aff_r2,infomap,aff,connected_triples,overlap_1,0.0074,0.0054,0.01
strategy,infomap,aff_r2,infomap,aff,connected_triples,overlap_2,0.0,0.0,0.0
strategy,infomap,aff_r2,infomap,aff,connected_triples,overlap_3,0.0,0.0,0.0
strategy,infomap,aff_r2,infomap,aff,connected_triples,overlap_5,0.0,0.0,0.0
strategy,infomap,aff_r2,infomap,aff,connected_triples,overlap_full,0.0,0.0,0.0
strategy,infomap,aff_r2,infomap,aff,connected_triples,volume_1,0.0783,0.0727,0.0835
strategy,infomap,aff_r2,infomap,aff,connected_triples,volume_2,0.1292,0.1219,0.1365
strategy,infomap,aff_r2,infomap,aff,connected_triples,volume_3,0.1219,0.1146,0.1292
strategy,infomap,aff_r2,infomap,aff,connected_triples,volume_5,0.1219,0.1146,0.1292
strategy,infomap,aff_r2,infomap,aff,connected_triples,volume_full,0.1219,0.1146,0.1292
strategy,infomap,aff_r2,infomap,aff,frequent_pairs,fanout,-0.302,-0.322,-0.2825
strategy,infomap,aff_r2,infomap,aff,frequent_pairs,single_shard_share,0.302,0.2825,0.322
strategy,infomap,aff_r2,infomap,aff,frequent_pairs,overlap_1,0.0,0.0,0.0
strategy,infomap,aff_r2,infomap,aff,frequent_pairs,overlap_2,0.0,0.0,0.0
strategy,infomap,aff_r2,infomap,aff,frequent_pairs,overlap_3,0.0,0.0,0.0
strategy,infomap,aff_r2,infomap,aff,frequent_pairs,overlap_5,0.0,0.0,0.0
strategy,infomap,aff_r2,infomap,aff,frequent_pairs,overlap_full,0.0,0.0,0.0
strategy,infomap,aff_r2,infomap,aff,frequent_pairs,volume_1,0.1836,0.1754,0.1922
strategy,infomap,aff_r2,infomap,aff,frequent_pairs,volume_2,0.2123,0.2028,0.2221
strategy,infomap,aff_r2,infomap,aff,frequent_pairs,volume_3,0.2123,0.2028,0.2221
strategy,infomap,aff_r2,infomap,aff,frequent_pairs,volume_5,0.2123,0.2028,0.2221
strategy,infomap,aff_r2,infomap,aff,frequent_pairs,volume_full,0.2123,0.2028,0.2221
strategy,infomap,aff_r2,infomap,aff,frequent_triples,fanout,-0.5665,-0.5945,-0.5385
strategy,infomap,aff_r2,infomap,aff,frequent_triples,single_shard_share,0.2275,0.209,0.2445
strategy,infomap,aff_r2,infomap,aff,frequent_triples,overlap_1,0.009,0.0063,0.0115
strategy,infomap,aff_r2,infomap,aff,frequent_triples,overlap_2,0.0,0.0,0.0
strategy,infomap,aff_r2,infomap,aff,frequent_triples,overlap_3,0.0,0.0,0.0
strategy,infomap,aff_r2,infomap,aff,frequent_triples,overlap_5,0.0,0.0,0.0
strategy,infomap,aff_r2,infomap,aff,frequent_triples,overlap_full,0.0,0.0,0.0
strategy,infomap,aff_r2,infomap,aff,frequent_triples,volume_1,0.1788,0.1706,0.1869
strategy,infomap,aff_r2,infomap,aff,frequent_triples,volume_2,0.2685,0.2581,0.2793
strategy,infomap,aff_r2,infomap,aff,frequent_triples,volume_3,0.2566,0.2449,0.2693
strategy,infomap,aff_r2,infomap,aff,frequent_triples,volume_5,0.2566,0.2449,0.2693
strategy,infomap,aff_r2,infomap,aff,frequent_triples,volume_full,0.2566,0.2449,0.2693
strategy,infomap,aff_r3,infomap,aff,train,fanout,-0.3573,-0.3692,-0.3453
strategy,infomap,aff_r3,infomap,aff,train,single_shard_share,0.0524,0.0482,0.0568
strategy,infomap,aff_r3,infomap,aff,train,overlap_1,0.0614,0.0581,0.0646
strategy,infomap,aff_r3,infomap,aff,train,overlap_2,0.0101,0.009,0.0113
strategy,infomap,aff_r3,infomap,aff,train,overlap_3,0.001,0.0008,0.0014
strategy,infomap,aff_r3,infomap,aff,train,overlap_5,0.0,0.0,0.0
strategy,infomap,aff_r3,infomap,aff,train,overlap_full,0.0,0.0,0.0
strategy,infomap,aff_r3,infomap,aff,train,volume_1,0.1323,0.1289,0.1357
strategy,infomap,aff_r3,infomap,aff,train,volume_2,0.2517,0.2465,0.2568
strategy,infomap,aff_r3,infomap,aff,train,volume_3,0.3049,0.2985,0.3105
strategy,infomap,aff_r3,infomap,aff,train,volume_5,0.3159,0.3093,0.3219
strategy,infomap,aff_r3,infomap,aff,train,volume_full,0.3152,0.3088,0.321
strategy,infomap,aff_r3,infomap,aff,holdout,fanout,-0.3143,-0.3289,-0.2989
strategy,infomap,aff_r3,infomap,aff,holdout,single_shard_share,0.0441,0.0388,0.0492
strategy,infomap,aff_r3,infomap,aff,holdout,overlap_1,0.0661,0.0618,0.0706
strategy,infomap,aff_r3,infomap,aff,holdout,overlap_2,0.0116,0.0099,0.0134
strategy,infomap,aff_r3,infomap,aff,holdout,overlap_3,0.0014,0.001,0.0019
strategy,infomap,aff_r3,infomap,aff,holdout,overlap_5,0.0,0.0,0.0001
strategy,infomap,aff_r3,infomap,aff,holdout,overlap_full,0.0,0.0,0.0
strategy,infomap,aff_r3,infomap,aff,holdout,volume_1,0.1424,0.1377,0.147
strategy,infomap,aff_r3,infomap,aff,holdout,volume_2,0.265,0.2581,0.2714
strategy,infomap,aff_r3,infomap,aff,holdout,volume_3,0.3252,0.3169,0.3327
strategy,infomap,aff_r3,infomap,aff,holdout,volume_5,0.3476,0.3386,0.3568
strategy,infomap,aff_r3,infomap,aff,holdout,volume_full,0.3477,0.3386,0.3567
strategy,infomap,aff_r3,infomap,aff,ood,fanout,-0.3435,-0.3537,-0.3326
strategy,infomap,aff_r3,infomap,aff,ood,single_shard_share,0.0054,0.004,0.0068
strategy,infomap,aff_r3,infomap,aff,ood,overlap_1,0.096,0.0916,0.1002
strategy,infomap,aff_r3,infomap,aff,ood,overlap_2,0.0453,0.0426,0.0479
strategy,infomap,aff_r3,infomap,aff,ood,overlap_3,0.0116,0.0105,0.0128
strategy,infomap,aff_r3,infomap,aff,ood,overlap_5,0.0004,0.0002,0.0006
strategy,infomap,aff_r3,infomap,aff,ood,overlap_full,0.0,0.0,0.0
strategy,infomap,aff_r3,infomap,aff,ood,volume_1,0.1059,0.1029,0.1088
strategy,infomap,aff_r3,infomap,aff,ood,volume_2,0.2144,0.2099,0.219
strategy,infomap,aff_r3,infomap,aff,ood,volume_3,0.3383,0.3325,0.3438
strategy,infomap,aff_r3,infomap,aff,ood,volume_5,0.4664,0.4597,0.4731
strategy,infomap,aff_r3,infomap,aff,ood,volume_full,0.4774,0.4702,0.4845
strategy,infomap,aff_r3,infomap,aff,connected_pairs,fanout,-0.0095,-0.014,-0.0055
strategy,infomap,aff_r3,infomap,aff,connected_pairs,single_shard_share,0.0095,0.0055,0.014
strategy,infomap,aff_r3,infomap,aff,connected_pairs,overlap_1,0.0005,0.0,0.0015
strategy,infomap,aff_r3,infomap,aff,connected_pairs,overlap_2,0.0,0.0,0.0
strategy,infomap,aff_r3,infomap,aff,connected_pairs,overlap_3,0.0,0.0,0.0
strategy,infomap,aff_r3,infomap,aff,connected_pairs,overlap_5,0.0,0.0,0.0
strategy,infomap,aff_r3,infomap,aff,connected_pairs,overlap_full,0.0,0.0,0.0
strategy,infomap,aff_r3,infomap,aff,connected_pairs,volume_1,0.0548,0.0504,0.0605
strategy,infomap,aff_r3,infomap,aff,connected_pairs,volume_2,0.0543,0.0499,0.0598
strategy,infomap,aff_r3,infomap,aff,connected_pairs,volume_3,0.0543,0.0499,0.0598
strategy,infomap,aff_r3,infomap,aff,connected_pairs,volume_5,0.0543,0.0499,0.0598
strategy,infomap,aff_r3,infomap,aff,connected_pairs,volume_full,0.0543,0.0499,0.0598
strategy,infomap,aff_r3,infomap,aff,connected_triples,fanout,-0.35,-0.375,-0.3255
strategy,infomap,aff_r3,infomap,aff,connected_triples,single_shard_share,0.267,0.248,0.2875
strategy,infomap,aff_r3,infomap,aff,connected_triples,overlap_1,0.0074,0.0054,0.01
strategy,infomap,aff_r3,infomap,aff,connected_triples,overlap_2,0.0,0.0,0.0
strategy,infomap,aff_r3,infomap,aff,connected_triples,overlap_3,0.0,0.0,0.0
strategy,infomap,aff_r3,infomap,aff,connected_triples,overlap_5,0.0,0.0,0.0
strategy,infomap,aff_r3,infomap,aff,connected_triples,overlap_full,0.0,0.0,0.0
strategy,infomap,aff_r3,infomap,aff,connected_triples,volume_1,0.1335,0.1261,0.1409
strategy,infomap,aff_r3,infomap,aff,connected_triples,volume_2,0.1403,0.1325,0.1482
strategy,infomap,aff_r3,infomap,aff,connected_triples,volume_3,0.1322,0.1247,0.1396
strategy,infomap,aff_r3,infomap,aff,connected_triples,volume_5,0.1322,0.1247,0.1396
strategy,infomap,aff_r3,infomap,aff,connected_triples,volume_full,0.1322,0.1247,0.1396
strategy,infomap,aff_r3,infomap,aff,frequent_pairs,fanout,-0.4305,-0.4535,-0.41
strategy,infomap,aff_r3,infomap,aff,frequent_pairs,single_shard_share,0.4305,0.41,0.4535
strategy,infomap,aff_r3,infomap,aff,frequent_pairs,overlap_1,0.0,0.0,0.0001
strategy,infomap,aff_r3,infomap,aff,frequent_pairs,overlap_2,0.0,0.0,0.0
strategy,infomap,aff_r3,infomap,aff,frequent_pairs,overlap_3,0.0,0.0,0.0
strategy,infomap,aff_r3,infomap,aff,frequent_pairs,overlap_5,0.0,0.0,0.0
strategy,infomap,aff_r3,infomap,aff,frequent_pairs,overlap_full,0.0,0.0,0.0
strategy,infomap,aff_r3,infomap,aff,frequent_pairs,volume_1,0.2562,0.2465,0.266
strategy,infomap,aff_r3,infomap,aff,frequent_pairs,volume_2,0.2409,0.2306,0.2519
strategy,infomap,aff_r3,infomap,aff,frequent_pairs,volume_3,0.2409,0.2306,0.2519
strategy,infomap,aff_r3,infomap,aff,frequent_pairs,volume_5,0.2409,0.2306,0.2519
strategy,infomap,aff_r3,infomap,aff,frequent_pairs,volume_full,0.2409,0.2306,0.2519
strategy,infomap,aff_r3,infomap,aff,frequent_triples,fanout,-0.791,-0.8205,-0.7625
strategy,infomap,aff_r3,infomap,aff,frequent_triples,single_shard_share,0.3575,0.3365,0.377
strategy,infomap,aff_r3,infomap,aff,frequent_triples,overlap_1,0.0136,0.0105,0.0166
strategy,infomap,aff_r3,infomap,aff,frequent_triples,overlap_2,0.0,0.0,0.0
strategy,infomap,aff_r3,infomap,aff,frequent_triples,overlap_3,0.0,0.0,0.0
strategy,infomap,aff_r3,infomap,aff,frequent_triples,overlap_5,0.0,0.0,0.0
strategy,infomap,aff_r3,infomap,aff,frequent_triples,overlap_full,0.0,0.0,0.0
strategy,infomap,aff_r3,infomap,aff,frequent_triples,volume_1,0.247,0.2382,0.2555
strategy,infomap,aff_r3,infomap,aff,frequent_triples,volume_2,0.3163,0.3049,0.3283
strategy,infomap,aff_r3,infomap,aff,frequent_triples,volume_3,0.2772,0.2647,0.2916
strategy,infomap,aff_r3,infomap,aff,frequent_triples,volume_5,0.2772,0.2647,0.2916
strategy,infomap,aff_r3,infomap,aff,frequent_triples,volume_full,0.2772,0.2647,0.2916
strategy,infomap,bal,infomap,aff,train,fanout,0.0247,0.0183,0.0308
strategy,infomap,bal,infomap,aff,train,single_shard_share,-0.0047,-0.0067,-0.0028
strategy,infomap,bal,infomap,aff,train,overlap_1,0.0192,0.017,0.0214
strategy,infomap,bal,infomap,aff,train,overlap_2,0.0035,0.0028,0.0043
strategy,infomap,bal,infomap,aff,train,overlap_3,0.0005,0.0003,0.0008
strategy,infomap,bal,infomap,aff,train,overlap_5,0.0,0.0,0.0
strategy,infomap,bal,infomap,aff,train,overlap_full,0.0,0.0,0.0
strategy,infomap,bal,infomap,aff,train,volume_1,0.0854,0.0839,0.0871
strategy,infomap,bal,infomap,aff,train,volume_2,0.1557,0.1534,0.1581
strategy,infomap,bal,infomap,aff,train,volume_3,0.1859,0.183,0.1887
strategy,infomap,bal,infomap,aff,train,volume_5,0.1979,0.195,0.201
strategy,infomap,bal,infomap,aff,train,volume_full,0.1987,0.1958,0.2019
strategy,infomap,bal,infomap,aff,holdout,fanout,0.0335,0.0246,0.0422
strategy,infomap,bal,infomap,aff,holdout,single_shard_share,-0.0036,-0.0061,-0.0011
strategy,infomap,bal,infomap,aff,holdout,overlap_1,0.018,0.0148,0.0211
strategy,infomap,bal,infomap,aff,holdout,overlap_2,0.0038,0.0026,0.005
strategy,infomap,bal,infomap,aff,holdout,overlap_3,0.0008,0.0003,0.0012
strategy,infomap,bal,infomap,aff,holdout,overlap_5,0.0001,0.0,0.0002
strategy,infomap,bal,infomap,aff,holdout,overlap_full,0.0,0.0,0.0
strategy,infomap,bal,infomap,aff,holdout,volume_1,0.0831,0.0809,0.0852
strategy,infomap,bal,infomap,aff,holdout,volume_2,0.1548,0.1519,0.1576
strategy,infomap,bal,infomap,aff,holdout,volume_3,0.1879,0.1845,0.1912
strategy,infomap,bal,infomap,aff,holdout,volume_5,0.2023,0.1988,0.2062
strategy,infomap,bal,infomap,aff,holdout,volume_full,0.204,0.2004,0.208
strategy,infomap,bal,infomap,aff,ood,fanout,-0.0411,-0.0463,-0.0356
strategy,infomap,bal,infomap,aff,ood,single_shard_share,-0.0001,-0.0005,0.0002
strategy,infomap,bal,infomap,aff,ood,overlap_1,0.0498,0.0471,0.0525
strategy,infomap,bal,infomap,aff,ood,overlap_2,0.0292,0.0272,0.031
strategy,infomap,bal,infomap,aff,ood,overlap_3,0.0087,0.0077,0.0096
strategy,infomap,bal,infomap,aff,ood,overlap_5,0.0003,0.0001,0.0004
strategy,infomap,bal,infomap,aff,ood,overlap_full,0.0,0.0,0.0
strategy,infomap,bal,infomap,aff,ood,volume_1,0.0954,0.094,0.0966
strategy,infomap,bal,infomap,aff,ood,volume_2,0.1917,0.1896,0.1935
strategy,infomap,bal,infomap,aff,ood,volume_3,0.2757,0.2732,0.278
strategy,infomap,bal,infomap,aff,ood,volume_5,0.3517,0.3485,0.3547
strategy,infomap,bal,infomap,aff,ood,volume_full,0.3602,0.3569,0.3636
strategy,infomap,bal,infomap,aff,connected_pairs,fanout,0.001,-0.001,0.003
strategy,infomap,bal,infomap,aff,connected_pairs,single_shard_share,-0.001,-0.003,0.001
strategy,infomap,bal,infomap,aff,connected_pairs,overlap_1,0.0,0.0,0.0
strategy,infomap,bal,infomap,aff,connected_pairs,overlap_2,0.0,0.0,0.0
strategy,infomap,bal,infomap,aff,connected_pairs,overlap_3,0.0,0.0,0.0
strategy,infomap,bal,infomap,aff,connected_pairs,overlap_5,0.0,0.0,0.0
strategy,infomap,bal,infomap,aff,connected_pairs,overlap_full,0.0,0.0,0.0
strategy,infomap,bal,infomap,aff,connected_pairs,volume_1,0.1156,0.1131,0.1179
strategy,infomap,bal,infomap,aff,connected_pairs,volume_2,0.1167,0.1142,0.119
strategy,infomap,bal,infomap,aff,connected_pairs,volume_3,0.1167,0.1142,0.119
strategy,infomap,bal,infomap,aff,connected_pairs,volume_5,0.1167,0.1142,0.119
strategy,infomap,bal,infomap,aff,connected_pairs,volume_full,0.1167,0.1142,0.119
strategy,infomap,bal,infomap,aff,connected_triples,fanout,0.0445,0.033,0.0555
strategy,infomap,bal,infomap,aff,connected_triples,single_shard_share,-0.035,-0.0445,-0.025
strategy,infomap,bal,infomap,aff,connected_triples,overlap_1,0.0006,-0.0002,0.0013
strategy,infomap,bal,infomap,aff,connected_triples,overlap_2,0.0,0.0,0.0
strategy,infomap,bal,infomap,aff,connected_triples,overlap_3,0.0,0.0,0.0
strategy,infomap,bal,infomap,aff,connected_triples,overlap_5,0.0,0.0,0.0
strategy,infomap,bal,infomap,aff,connected_triples,overlap_full,0.0,0.0,0.0
strategy,infomap,bal,infomap,aff,connected_triples,volume_1,0.0866,0.0829,0.0903
strategy,infomap,bal,infomap,aff,connected_triples,volume_2,0.1091,0.1045,0.1139
strategy,infomap,bal,infomap,aff,connected_triples,volume_3,0.1149,0.1101,0.12
strategy,infomap,bal,infomap,aff,connected_triples,volume_5,0.1149,0.1101,0.12
strategy,infomap,bal,infomap,aff,connected_triples,volume_full,0.1149,0.1101,0.12
strategy,infomap,bal,infomap,aff,frequent_pairs,fanout,0.0675,0.0555,0.0805
strategy,infomap,bal,infomap,aff,frequent_pairs,single_shard_share,-0.0675,-0.0805,-0.0555
strategy,infomap,bal,infomap,aff,frequent_pairs,overlap_1,0.0,0.0,0.0
strategy,infomap,bal,infomap,aff,frequent_pairs,overlap_2,0.0,0.0,0.0
strategy,infomap,bal,infomap,aff,frequent_pairs,overlap_3,0.0,0.0,0.0
strategy,infomap,bal,infomap,aff,frequent_pairs,overlap_5,0.0,0.0,0.0
strategy,infomap,bal,infomap,aff,frequent_pairs,overlap_full,0.0,0.0,0.0
strategy,infomap,bal,infomap,aff,frequent_pairs,volume_1,0.0519,0.0474,0.0563
strategy,infomap,bal,infomap,aff,frequent_pairs,volume_2,0.0726,0.0671,0.0781
strategy,infomap,bal,infomap,aff,frequent_pairs,volume_3,0.0726,0.0671,0.0781
strategy,infomap,bal,infomap,aff,frequent_pairs,volume_5,0.0726,0.0671,0.0781
strategy,infomap,bal,infomap,aff,frequent_pairs,volume_full,0.0726,0.0671,0.0781
strategy,infomap,bal,infomap,aff,frequent_triples,fanout,0.147,0.1235,0.17
strategy,infomap,bal,infomap,aff,frequent_triples,single_shard_share,-0.0665,-0.0795,-0.0535
strategy,infomap,bal,infomap,aff,frequent_triples,overlap_1,0.0004,-0.0009,0.0017
strategy,infomap,bal,infomap,aff,frequent_triples,overlap_2,0.0,0.0,0.0
strategy,infomap,bal,infomap,aff,frequent_triples,overlap_3,0.0,0.0,0.0
strategy,infomap,bal,infomap,aff,frequent_triples,overlap_5,0.0,0.0,0.0
strategy,infomap,bal,infomap,aff,frequent_triples,overlap_full,0.0,0.0,0.0
strategy,infomap,bal,infomap,aff,frequent_triples,volume_1,0.0493,0.0448,0.0543
strategy,infomap,bal,infomap,aff,frequent_triples,volume_2,0.0959,0.0902,0.1019
strategy,infomap,bal,infomap,aff,frequent_triples,volume_3,0.1167,0.1106,0.1234
strategy,infomap,bal,infomap,aff,frequent_triples,volume_5,0.1167,0.1106,0.1234
strategy,infomap,bal,infomap,aff,frequent_triples,volume_full,0.1167,0.1106,0.1234
hash,metis,base,metis,hash_base,train,fanout,-0.0859,-0.0919,-0.08
hash,metis,base,metis,hash_base,train,single_shard_share,0.0038,0.0025,0.0052
hash,metis,base,metis,hash_base,train,overlap_1,0.0234,0.0207,0.0262
hash,metis,base,metis,hash_base,train,overlap_2,0.007,0.0058,0.0082
hash,metis,base,metis,hash_base,train,overlap_3,0.0012,0.0007,0.0017
hash,metis,base,metis,hash_base,train,overlap_5,0.0,-0.0,0.0001
hash,metis,base,metis,hash_base,train,overlap_full,0.0,0.0,0.0
hash,metis,base,metis,hash_base,train,volume_1,0.002,0.0014,0.0026
hash,metis,base,metis,hash_base,train,volume_2,0.0116,0.0107,0.0125
hash,metis,base,metis,hash_base,train,volume_3,0.0169,0.0157,0.0179
hash,metis,base,metis,hash_base,train,volume_5,0.0188,0.0176,0.0199
hash,metis,base,metis,hash_base,train,volume_full,0.0186,0.0174,0.0198
hash,metis,base,metis,hash_base,holdout,fanout,-0.0399,-0.0455,-0.0341
hash,metis,base,metis,hash_base,holdout,single_shard_share,0.0007,-0.0002,0.0016
hash,metis,base,metis,hash_base,holdout,overlap_1,0.0088,0.0061,0.0117
hash,metis,base,metis,hash_base,holdout,overlap_2,0.0011,-0.0002,0.0023
hash,metis,base,metis,hash_base,holdout,overlap_3,0.0002,-0.0002,0.0006
hash,metis,base,metis,hash_base,holdout,overlap_5,-0.0,-0.0002,0.0001
hash,metis,base,metis,hash_base,holdout,overlap_full,0.0,0.0,0.0
hash,metis,base,metis,hash_base,holdout,volume_1,0.0001,-0.0005,0.001
hash,metis,base,metis,hash_base,holdout,volume_2,0.0088,0.0077,0.0099
hash,metis,base,metis,hash_base,holdout,volume_3,0.0145,0.0133,0.0159
hash,metis,base,metis,hash_base,holdout,volume_5,0.0173,0.0159,0.0188
hash,metis,base,metis,hash_base,holdout,volume_full,0.0178,0.0163,0.0194
hash,metis,base,metis,hash_base,ood,fanout,-0.0981,-0.1047,-0.0912
hash,metis,base,metis,hash_base,ood,single_shard_share,0.0002,0.0,0.0005
hash,metis,base,metis,hash_base,ood,overlap_1,0.0282,0.0248,0.0317
hash,metis,base,metis,hash_base,ood,overlap_2,0.0111,0.0092,0.013
hash,metis,base,metis,hash_base,ood,overlap_3,0.0018,0.001,0.0027
hash,metis,base,metis,hash_base,ood,overlap_5,-0.0001,-0.0002,0.0001
hash,metis,base,metis,hash_base,ood,overlap_full,0.0,0.0,0.0
hash,metis,base,metis,hash_base,ood,volume_1,-0.0012,-0.0018,-0.0006
hash,metis,base,metis,hash_base,ood,volume_2,0.0065,0.0056,0.0073
hash,metis,base,metis,hash_base,ood,volume_3,0.0204,0.0194,0.0215
hash,metis,base,metis,hash_base,ood,volume_5,0.0381,0.0368,0.0395
hash,metis,base,metis,hash_base,ood,volume_full,0.04,0.0387,0.0413
hash,metis,base,metis,hash_base,connected_pairs,fanout,-0.555,-0.5765,-0.534
hash,metis,base,metis,hash_base,connected_pairs,single_shard_share,0.555,0.534,0.5765
hash,metis,base,metis,hash_base,connected_pairs,overlap_1,0.1021,0.0937,0.1105
hash,metis,base,metis,hash_base,connected_pairs,overlap_2,0.0,0.0,0.0
hash,metis,base,metis,hash_base,connected_pairs,overlap_3,0.0,0.0,0.0
hash,metis,base,metis,hash_base,connected_pairs,overlap_5,0.0,0.0,0.0
hash,metis,base,metis,hash_base,connected_pairs,overlap_full,0.0,0.0,0.0
hash,metis,base,metis,hash_base,connected_pairs,volume_1,0.0072,0.0058,0.0089
hash,metis,base,metis,hash_base,connected_pairs,volume_2,-0.007,-0.0093,-0.0044
hash,metis,base,metis,hash_base,connected_pairs,volume_3,-0.007,-0.0093,-0.0044
hash,metis,base,metis,hash_base,connected_pairs,volume_5,-0.007,-0.0093,-0.0044
hash,metis,base,metis,hash_base,connected_pairs,volume_full,-0.007,-0.0093,-0.0044
hash,metis,base,metis,hash_base,connected_triples,fanout,-0.3775,-0.4005,-0.3555
hash,metis,base,metis,hash_base,connected_triples,single_shard_share,0.026,0.0195,0.033
hash,metis,base,metis,hash_base,connected_triples,overlap_1,0.0673,0.0603,0.075
hash,metis,base,metis,hash_base,connected_triples,overlap_2,0.0021,0.0012,0.0033
hash,metis,base,metis,hash_base,connected_triples,overlap_3,0.0,0.0,0.0
hash,metis,base,metis,hash_base,connected_triples,overlap_5,0.0,0.0,0.0
hash,metis,base,metis,hash_base,connected_triples,overlap_full,0.0,0.0,0.0
hash,metis,base,metis,hash_base,connected_triples,volume_1,0.0155,0.0141,0.0171
hash,metis,base,metis,hash_base,connected_triples,volume_2,0.0314,0.0293,0.0336
hash,metis,base,metis,hash_base,connected_triples,volume_3,0.0205,0.0177,0.0234
hash,metis,base,metis,hash_base,connected_triples,volume_5,0.0205,0.0177,0.0234
hash,metis,base,metis,hash_base,connected_triples,volume_full,0.0205,0.0177,0.0234
hash,metis,base,metis,hash_base,frequent_pairs,fanout,-0.029,-0.0375,-0.0215
hash,metis,base,metis,hash_base,frequent_pairs,single_shard_share,0.029,0.0215,0.0375
hash,metis,base,metis,hash_base,frequent_pairs,overlap_1,0.0001,0.0,0.0002
hash,metis,base,metis,hash_base,frequent_pairs,overlap_2,0.0,0.0,0.0
hash,metis,base,metis,hash_base,frequent_pairs,overlap_3,0.0,0.0,0.0
hash,metis,base,metis,hash_base,frequent_pairs,overlap_5,0.0,0.0,0.0
hash,metis,base,metis,hash_base,frequent_pairs,overlap_full,0.0,0.0,0.0
hash,metis,base,metis,hash_base,frequent_pairs,volume_1,0.0154,0.014,0.0169
hash,metis,base,metis,hash_base,frequent_pairs,volume_2,0.0234,0.0212,0.0253
hash,metis,base,metis,hash_base,frequent_pairs,volume_3,0.0234,0.0212,0.0253
hash,metis,base,metis,hash_base,frequent_pairs,volume_5,0.0234,0.0212,0.0253
hash,metis,base,metis,hash_base,frequent_pairs,volume_full,0.0234,0.0212,0.0253
hash,metis,base,metis,hash_base,frequent_triples,fanout,-0.076,-0.089,-0.0625
hash,metis,base,metis,hash_base,frequent_triples,single_shard_share,0.0025,0.0005,0.005
hash,metis,base,metis,hash_base,frequent_triples,overlap_1,0.0048,0.0028,0.007
hash,metis,base,metis,hash_base,frequent_triples,overlap_2,0.0,0.0,0.0
hash,metis,base,metis,hash_base,frequent_triples,overlap_3,0.0,0.0,0.0
hash,metis,base,metis,hash_base,frequent_triples,overlap_5,0.0,0.0,0.0
hash,metis,base,metis,hash_base,frequent_triples,overlap_full,0.0,0.0,0.0
hash,metis,base,metis,hash_base,frequent_triples,volume_1,0.016,0.0146,0.0175
hash,metis,base,metis,hash_base,frequent_triples,volume_2,0.0297,0.0278,0.0317
hash,metis,base,metis,hash_base,frequent_triples,volume_3,0.0336,0.0312,0.0362
hash,metis,base,metis,hash_base,frequent_triples,volume_5,0.0336,0.0312,0.0362
hash,metis,base,metis,hash_base,frequent_triples,volume_full,0.0336,0.0312,0.0362
hash,metis,base_r2,metis,hash_base,train,fanout,-0.3375,-0.3489,-0.3262
hash,metis,base_r2,metis,hash_base,train,single_shard_share,0.0188,0.0162,0.0218
hash,metis,base_r2,metis,hash_base,train,overlap_1,0.082,0.0779,0.0865
hash,metis,base_r2,metis,hash_base,train,overlap_2,0.018,0.0162,0.0197
hash,metis,base_r2,metis,hash_base,train,overlap_3,0.0024,0.0018,0.0031
hash,metis,base_r2,metis,hash_base,train,overlap_5,0.0,-0.0,0.0001
hash,metis,base_r2,metis,hash_base,train,overlap_full,0.0,0.0,0.0
hash,metis,base_r2,metis,hash_base,train,volume_1,0.0329,0.0319,0.0339
hash,metis,base_r2,metis,hash_base,train,volume_2,0.0739,0.0724,0.0754
hash,metis,base_r2,metis,hash_base,train,volume_3,0.0942,0.0923,0.096
hash,metis,base_r2,metis,hash_base,train,volume_5,0.0967,0.0946,0.0987
hash,metis,base_r2,metis,hash_base,train,volume_full,0.0954,0.0933,0.0974
hash,metis,base_r2,metis,hash_base,holdout,fanout,-0.1961,-0.2083,-0.1852
hash,metis,base_r2,metis,hash_base,holdout,single_shard_share,0.0069,0.0048,0.0092
hash,metis,base_r2,metis,hash_base,holdout,overlap_1,0.0488,0.0441,0.0534
hash,metis,base_r2,metis,hash_base,holdout,overlap_2,0.0086,0.0067,0.0105
hash,metis,base_r2,metis,hash_base,holdout,overlap_3,0.001,0.0005,0.0015
hash,metis,base_r2,metis,hash_base,holdout,overlap_5,0.0001,0.0,0.0002
hash,metis,base_r2,metis,hash_base,holdout,overlap_full,0.0,0.0,0.0
hash,metis,base_r2,metis,hash_base,holdout,volume_1,0.0277,0.0265,0.029
hash,metis,base_r2,metis,hash_base,holdout,volume_2,0.0685,0.0667,0.0705
hash,metis,base_r2,metis,hash_base,holdout,volume_3,0.0926,0.0902,0.0951
hash,metis,base_r2,metis,hash_base,holdout,volume_5,0.1002,0.0977,0.103
hash,metis,base_r2,metis,hash_base,holdout,volume_full,0.1008,0.0982,0.1035
hash,metis,base_r2,metis,hash_base,ood,fanout,-0.3517,-0.3633,-0.34
hash,metis,base_r2,metis,hash_base,ood,single_shard_share,0.0016,0.0009,0.0024
hash,metis,base_r2,metis,hash_base,ood,overlap_1,0.1095,0.1043,0.1147
hash,metis,base_r2,metis,hash_base,ood,overlap_2,0.0444,0.041,0.0474
hash,metis,base_r2,metis,hash_base,ood,overlap_3,0.0096,0.0083,0.0109
hash,metis,base_r2,metis,hash_base,ood,overlap_5,0.0002,-0.0,0.0004
hash,metis,base_r2,metis,hash_base,ood,overlap_full,0.0,0.0,0.0
hash,metis,base_r2,metis,hash_base,ood,volume_1,0.0289,0.0278,0.03
hash,metis,base_r2,metis,hash_base,ood,volume_2,0.0666,0.0652,0.068
hash,metis,base_r2,metis,hash_base,ood,volume_3,0.1167,0.115,0.1185
hash,metis,base_r2,metis,hash_base,ood,volume_5,0.1676,0.1654,0.1698
hash,metis,base_r2,metis,hash_base,ood,volume_full,0.1727,0.1701,0.175
hash,metis,base_r2,metis,hash_base,connected_pairs,fanout,-0.9865,-0.991,-0.981
hash,metis,base_r2,metis,hash_base,connected_pairs,single_shard_share,0.9865,0.981,0.991
hash,metis,base_r2,metis,hash_base,connected_pairs,overlap_1,0.1445,0.1344,0.1536
hash,metis,base_r2,metis,hash_base,connected_pairs,overlap_2,0.0,0.0,0.0
hash,metis,base_r2,metis,hash_base,connected_pairs,overlap_3,0.0,0.0,0.0
hash,metis,base_r2,metis,hash_base,connected_pairs,overlap_5,0.0,0.0,0.0
hash,metis,base_r2,metis,hash_base,connected_pairs,overlap_full,0.0,0.0,0.0
hash,metis,base_r2,metis,hash_base,connected_pairs,volume_1,0.0467,0.0446,0.0491
hash,metis,base_r2,metis,hash_base,connected_pairs,volume_2,0.0081,0.0057,0.0106
hash,metis,base_r2,metis,hash_base,connected_pairs,volume_3,0.0081,0.0057,0.0106
hash,metis,base_r2,metis,hash_base,connected_pairs,volume_5,0.0081,0.0057,0.0106
hash,metis,base_r2,metis,hash_base,connected_pairs,volume_full,0.0081,0.0057,0.0106
hash,metis,base_r2,metis,hash_base,connected_triples,fanout,-1.292,-1.3145,-1.2675
hash,metis,base_r2,metis,hash_base,connected_triples,single_shard_share,0.349,0.3285,0.3685
hash,metis,base_r2,metis,hash_base,connected_triples,overlap_1,0.1501,0.1402,0.1608
hash,metis,base_r2,metis,hash_base,connected_triples,overlap_2,0.0023,0.0013,0.0036
hash,metis,base_r2,metis,hash_base,connected_triples,overlap_3,0.0,0.0,0.0
hash,metis,base_r2,metis,hash_base,connected_triples,overlap_5,0.0,0.0,0.0
hash,metis,base_r2,metis,hash_base,connected_triples,overlap_full,0.0,0.0,0.0
hash,metis,base_r2,metis,hash_base,connected_triples,volume_1,0.0642,0.0622,0.066
hash,metis,base_r2,metis,hash_base,connected_triples,volume_2,0.0861,0.083,0.0896
hash,metis,base_r2,metis,hash_base,connected_triples,volume_3,0.0408,0.0374,0.0446
hash,metis,base_r2,metis,hash_base,connected_triples,volume_5,0.0408,0.0374,0.0446
hash,metis,base_r2,metis,hash_base,connected_triples,volume_full,0.0408,0.0374,0.0446
hash,metis,base_r2,metis,hash_base,frequent_pairs,fanout,-0.224,-0.2415,-0.2065
hash,metis,base_r2,metis,hash_base,frequent_pairs,single_shard_share,0.224,0.2065,0.2415
hash,metis,base_r2,metis,hash_base,frequent_pairs,overlap_1,0.0004,0.0,0.001
hash,metis,base_r2,metis,hash_base,frequent_pairs,overlap_2,0.0,0.0,0.0
hash,metis,base_r2,metis,hash_base,frequent_pairs,overlap_3,0.0,0.0,0.0
hash,metis,base_r2,metis,hash_base,frequent_pairs,overlap_5,0.0,0.0,0.0
hash,metis,base_r2,metis,hash_base,frequent_pairs,overlap_full,0.0,0.0,0.0
hash,metis,base_r2,metis,hash_base,frequent_pairs,volume_1,0.0603,0.0583,0.0621
hash,metis,base_r2,metis,hash_base,frequent_pairs,volume_2,0.0809,0.0779,0.0838
hash,metis,base_r2,metis,hash_base,frequent_pairs,volume_3,0.0809,0.0779,0.0838
hash,metis,base_r2,metis,hash_base,frequent_pairs,volume_5,0.0809,0.0779,0.0838
hash,metis,base_r2,metis,hash_base,frequent_pairs,volume_full,0.0809,0.0779,0.0838
hash,metis,base_r2,metis,hash_base,frequent_triples,fanout,-0.415,-0.4395,-0.387
hash,metis,base_r2,metis,hash_base,frequent_triples,single_shard_share,0.053,0.043,0.0625
hash,metis,base_r2,metis,hash_base,frequent_triples,overlap_1,0.0137,0.0105,0.017
hash,metis,base_r2,metis,hash_base,frequent_triples,overlap_2,0.0,0.0,0.0
hash,metis,base_r2,metis,hash_base,frequent_triples,overlap_3,0.0,0.0,0.0
hash,metis,base_r2,metis,hash_base,frequent_triples,overlap_5,0.0,0.0,0.0
hash,metis,base_r2,metis,hash_base,frequent_triples,overlap_full,0.0,0.0,0.0
hash,metis,base_r2,metis,hash_base,frequent_triples,volume_1,0.0623,0.0604,0.0643
hash,metis,base_r2,metis,hash_base,frequent_triples,volume_2,0.1078,0.105,0.1106
hash,metis,base_r2,metis,hash_base,frequent_triples,volume_3,0.1131,0.1092,0.1171
hash,metis,base_r2,metis,hash_base,frequent_triples,volume_5,0.1131,0.1092,0.1171
hash,metis,base_r2,metis,hash_base,frequent_triples,volume_full,0.1131,0.1092,0.1171
hash,metis,base_r3,metis,hash_base,train,fanout,-0.4596,-0.4722,-0.4451
hash,metis,base_r3,metis,hash_base,train,single_shard_share,0.0278,0.0245,0.0312
hash,metis,base_r3,metis,hash_base,train,overlap_1,0.1087,0.1041,0.1135
hash,metis,base_r3,metis,hash_base,train,overlap_2,0.023,0.0211,0.025
hash,metis,base_r3,metis,hash_base,train,overlap_3,0.003,0.0023,0.0037
hash,metis,base_r3,metis,hash_base,train,overlap_5,0.0,0.0,0.0001
hash,metis,base_r3,metis,hash_base,train,overlap_full,0.0,0.0,0.0
hash,metis,base_r3,metis,hash_base,train,volume_1,0.0622,0.0607,0.0637
hash,metis,base_r3,metis,hash_base,train,volume_2,0.1325,0.1303,0.1346
hash,metis,base_r3,metis,hash_base,train,volume_3,0.1657,0.1629,0.1685
hash,metis,base_r3,metis,hash_base,train,volume_5,0.1707,0.1675,0.1738
hash,metis,base_r3,metis,hash_base,train,volume_full,0.1691,0.166,0.1721
hash,metis,base_r3,metis,hash_base,holdout,fanout,-0.3059,-0.3208,-0.2919
hash,metis,base_r3,metis,hash_base,holdout,single_shard_share,0.012,0.009,0.0149
hash,metis,base_r3,metis,hash_base,holdout,overlap_1,0.0744,0.0692,0.0794
hash,metis,base_r3,metis,hash_base,holdout,overlap_2,0.014,0.0119,0.0162
hash,metis,base_r3,metis,hash_base,holdout,overlap_3,0.0016,0.001,0.0023
hash,metis,base_r3,metis,hash_base,holdout,overlap_5,0.0002,0.0,0.0004
hash,metis,base_r3,metis,hash_base,holdout,overlap_full,0.0,0.0,0.0
hash,metis,base_r3,metis,hash_base,holdout,volume_1,0.0546,0.0529,0.0567
hash,metis,base_r3,metis,hash_base,holdout,volume_2,0.1273,0.1246,0.1303
hash,metis,base_r3,metis,hash_base,holdout,volume_3,0.168,0.1645,0.1716
hash,metis,base_r3,metis,hash_base,holdout,volume_5,0.18,0.1758,0.1841
hash,metis,base_r3,metis,hash_base,holdout,volume_full,0.1803,0.176,0.1843
hash,metis,base_r3,metis,hash_base,ood,fanout,-0.4859,-0.4988,-0.4733
hash,metis,base_r3,metis,hash_base,ood,single_shard_share,0.0025,0.0016,0.0034
hash,metis,base_r3,metis,hash_base,ood,overlap_1,0.1521,0.1462,0.158
hash,metis,base_r3,metis,hash_base,ood,overlap_2,0.0619,0.0585,0.0653
hash,metis,base_r3,metis,hash_base,ood,overlap_3,0.0143,0.0129,0.0158
hash,metis,base_r3,metis,hash_base,ood,overlap_5,0.0004,0.0002,0.0007
hash,metis,base_r3,metis,hash_base,ood,overlap_full,0.0,0.0,0.0
hash,metis,base_r3,metis,hash_base,ood,volume_1,0.0585,0.057,0.06
hash,metis,base_r3,metis,hash_base,ood,volume_2,0.122,0.1199,0.124
hash,metis,base_r3,metis,hash_base,ood,volume_3,0.203,0.2006,0.2054
hash,metis,base_r3,metis,hash_base,ood,volume_5,0.2831,0.28,0.2862
hash,metis,base_r3,metis,hash_base,ood,volume_full,0.2901,0.2868,0.2935
hash,metis,base_r3,metis,hash_base,connected_pairs,fanout,-0.9995,-1.0,-0.9985
hash,metis,base_r3,metis,hash_base,connected_pairs,single_shard_share,0.9995,0.9985,1.0
hash,metis,base_r3,metis,hash_base,connected_pairs,overlap_1,0.1451,0.1351,0.1542
hash,metis,base_r3,metis,hash_base,connected_pairs,overlap_2,0.0,0.0,0.0
hash,metis,base_r3,metis,hash_base,connected_pairs,overlap_3,0.0,0.0,0.0
hash,metis,base_r3,metis,hash_base,connected_pairs,overlap_5,0.0,0.0,0.0
hash,metis,base_r3,metis,hash_base,connected_pairs,overlap_full,0.0,0.0,0.0
hash,metis,base_r3,metis,hash_base,connected_pairs,volume_1,0.0818,0.079,0.0851
hash,metis,base_r3,metis,hash_base,connected_pairs,volume_2,0.0418,0.0389,0.0451
hash,metis,base_r3,metis,hash_base,connected_pairs,volume_3,0.0418,0.0389,0.0451
hash,metis,base_r3,metis,hash_base,connected_pairs,volume_5,0.0418,0.0389,0.0451
hash,metis,base_r3,metis,hash_base,connected_pairs,volume_full,0.0418,0.0389,0.0451
hash,metis,base_r3,metis,hash_base,connected_triples,fanout,-1.509,-1.5315,-1.487
hash,metis,base_r3,metis,hash_base,connected_triples,single_shard_share,0.5225,0.502,0.545
hash,metis,base_r3,metis,hash_base,connected_triples,overlap_1,0.1541,0.1439,0.1646
hash,metis,base_r3,metis,hash_base,connected_triples,overlap_2,0.0023,0.0013,0.0036
hash,metis,base_r3,metis,hash_base,connected_triples,overlap_3,0.0,0.0,0.0
hash,metis,base_r3,metis,hash_base,connected_triples,overlap_5,0.0,0.0,0.0
hash,metis,base_r3,metis,hash_base,connected_triples,overlap_full,0.0,0.0,0.0
hash,metis,base_r3,metis,hash_base,connected_triples,volume_1,0.1082,0.1058,0.1106
hash,metis,base_r3,metis,hash_base,connected_triples,volume_2,0.1337,0.1293,0.1381
hash,metis,base_r3,metis,hash_base,connected_triples,volume_3,0.0845,0.0802,0.0886
hash,metis,base_r3,metis,hash_base,connected_triples,volume_5,0.0845,0.0802,0.0886
hash,metis,base_r3,metis,hash_base,connected_triples,volume_full,0.0845,0.0802,0.0886
hash,metis,base_r3,metis,hash_base,frequent_pairs,fanout,-0.3645,-0.3875,-0.344
hash,metis,base_r3,metis,hash_base,frequent_pairs,single_shard_share,0.3645,0.344,0.3875
hash,metis,base_r3,metis,hash_base,frequent_pairs,overlap_1,0.0004,0.0,0.001
hash,metis,base_r3,metis,hash_base,frequent_pairs,overlap_2,0.0,0.0,0.0
hash,metis,base_r3,metis,hash_base,frequent_pairs,overlap_3,0.0,0.0,0.0
hash,metis,base_r3,metis,hash_base,frequent_pairs,overlap_5,0.0,0.0,0.0
hash,metis,base_r3,metis,hash_base,frequent_pairs,overlap_full,0.0,0.0,0.0
hash,metis,base_r3,metis,hash_base,frequent_pairs,volume_1,0.1102,0.1076,0.1127
hash,metis,base_r3,metis,hash_base,frequent_pairs,volume_2,0.1431,0.1387,0.1473
hash,metis,base_r3,metis,hash_base,frequent_pairs,volume_3,0.1431,0.1387,0.1473
hash,metis,base_r3,metis,hash_base,frequent_pairs,volume_5,0.1431,0.1387,0.1473
hash,metis,base_r3,metis,hash_base,frequent_pairs,volume_full,0.1431,0.1387,0.1473
hash,metis,base_r3,metis,hash_base,frequent_triples,fanout,-0.6725,-0.699,-0.6425
hash,metis,base_r3,metis,hash_base,frequent_triples,single_shard_share,0.1065,0.0925,0.119
hash,metis,base_r3,metis,hash_base,frequent_triples,overlap_1,0.0191,0.0154,0.0228
hash,metis,base_r3,metis,hash_base,frequent_triples,overlap_2,0.0,0.0,0.0
hash,metis,base_r3,metis,hash_base,frequent_triples,overlap_3,0.0,0.0,0.0
hash,metis,base_r3,metis,hash_base,frequent_triples,overlap_5,0.0,0.0,0.0
hash,metis,base_r3,metis,hash_base,frequent_triples,overlap_full,0.0,0.0,0.0
hash,metis,base_r3,metis,hash_base,frequent_triples,volume_1,0.1118,0.1093,0.1143
hash,metis,base_r3,metis,hash_base,frequent_triples,volume_2,0.1901,0.1863,0.1938
hash,metis,base_r3,metis,hash_base,frequent_triples,volume_3,0.1926,0.1872,0.1979
hash,metis,base_r3,metis,hash_base,frequent_triples,volume_5,0.1926,0.1872,0.1979
hash,metis,base_r3,metis,hash_base,frequent_triples,volume_full,0.1926,0.1872,0.1979
hash,metis,aff,metis,hash_aff,train,fanout,-0.1664,-0.1747,-0.1581
hash,metis,aff,metis,hash_aff,train,single_shard_share,0.0138,0.0115,0.0161
hash,metis,aff,metis,hash_aff,train,overlap_1,0.0586,0.0548,0.0624
hash,metis,aff,metis,hash_aff,train,overlap_2,0.0148,0.0132,0.0165
hash,metis,aff,metis,hash_aff,train,overlap_3,0.002,0.0015,0.0026
hash,metis,aff,metis,hash_aff,train,overlap_5,0.0,0.0,0.0001
hash,metis,aff,metis,hash_aff,train,overlap_full,0.0,0.0,0.0
hash,metis,aff,metis,hash_aff,train,volume_1,0.0034,0.0025,0.0042
hash,metis,aff,metis,hash_aff,train,volume_2,0.0102,0.009,0.0114
hash,metis,aff,metis,hash_aff,train,volume_3,0.0138,0.0123,0.0152
hash,metis,aff,metis,hash_aff,train,volume_5,0.0147,0.013,0.0163
hash,metis,aff,metis,hash_aff,train,volume_full,0.0141,0.0124,0.0158
hash,metis,aff,metis,hash_aff,holdout,fanout,-0.1395,-0.1489,-0.1295
hash,metis,aff,metis,hash_aff,holdout,single_shard_share,0.0128,0.0097,0.0158
hash,metis,aff,metis,hash_aff,holdout,overlap_1,0.0541,0.0494,0.0586
hash,metis,aff,metis,hash_aff,holdout,overlap_2,0.0109,0.0089,0.0128
hash,metis,aff,metis,hash_aff,holdout,overlap_3,0.0012,0.0007,0.0017
hash,metis,aff,metis,hash_aff,holdout,overlap_5,0.0,-0.0001,0.0001
hash,metis,aff,metis,hash_aff,holdout,overlap_full,0.0,0.0,0.0
hash,metis,aff,metis,hash_aff,holdout,volume_1,0.0038,0.0028,0.0049
hash,metis,aff,metis,hash_aff,holdout,volume_2,0.0102,0.0087,0.0117
hash,metis,aff,metis,hash_aff,holdout,volume_3,0.0137,0.0118,0.0155
hash,metis,aff,metis,hash_aff,holdout,volume_5,0.0162,0.0143,0.0183
hash,metis,aff,metis,hash_aff,holdout,volume_full,0.0162,0.0141,0.0183
hash,metis,aff,metis,hash_aff,ood,fanout,-0.1789,-0.188,-0.1694
hash,metis,aff,metis,hash_aff,ood,single_shard_share,0.0003,-0.0001,0.0008
hash,metis,aff,metis,hash_aff,ood,overlap_1,0.067,0.0626,0.0713
hash,metis,aff,metis,hash_aff,ood,overlap_2,0.0304,0.0279,0.0328
hash,metis,aff,metis,hash_aff,ood,overlap_3,0.0073,0.006,0.0085
hash,metis,aff,metis,hash_aff,ood,overlap_5,0.0003,0.0001,0.0005
hash,metis,aff,metis,hash_aff,ood,overlap_full,0.0,0.0,0.0
hash,metis,aff,metis,hash_aff,ood,volume_1,0.0009,0.0001,0.0018
hash,metis,aff,metis,hash_aff,ood,volume_2,0.0072,0.006,0.0084
hash,metis,aff,metis,hash_aff,ood,volume_3,0.0166,0.0152,0.0181
hash,metis,aff,metis,hash_aff,ood,volume_5,0.0233,0.0217,0.0251
hash,metis,aff,metis,hash_aff,ood,volume_full,0.0217,0.02,0.0236
hash,metis,aff,metis,hash_aff,connected_pairs,fanout,-0.5515,-0.5735,-0.5305
hash,metis,aff,metis,hash_aff,connected_pairs,single_shard_share,0.5515,0.5305,0.5735
hash,metis,aff,metis,hash_aff,connected_pairs,overlap_1,0.0994,0.091,0.1074
hash,metis,aff,metis,hash_aff,connected_pairs,overlap_2,0.0,0.0,0.0
hash,metis,aff,metis,hash_aff,connected_pairs,overlap_3,0.0,0.0,0.0
hash,metis,aff,metis,hash_aff,connected_pairs,overlap_5,0.0,0.0,0.0
hash,metis,aff,metis,hash_aff,connected_pairs,overlap_full,0.0,0.0,0.0
hash,metis,aff,metis,hash_aff,connected_pairs,volume_1,-0.0021,-0.004,-0.0001
hash,metis,aff,metis,hash_aff,connected_pairs,volume_2,-0.0341,-0.037,-0.031
hash,metis,aff,metis,hash_aff,connected_pairs,volume_3,-0.0341,-0.037,-0.031
hash,metis,aff,metis,hash_aff,connected_pairs,volume_5,-0.0341,-0.037,-0.031
hash,metis,aff,metis,hash_aff,connected_pairs,volume_full,-0.0341,-0.037,-0.031
hash,metis,aff,metis,hash_aff,connected_triples,fanout,-0.3755,-0.3985,-0.354
hash,metis,aff,metis,hash_aff,connected_triples,single_shard_share,0.026,0.0195,0.033
hash,metis,aff,metis,hash_aff,connected_triples,overlap_1,0.0663,0.0596,0.0735
hash,metis,aff,metis,hash_aff,connected_triples,overlap_2,0.0017,0.001,0.0026
hash,metis,aff,metis,hash_aff,connected_triples,overlap_3,0.0,0.0,0.0
hash,metis,aff,metis,hash_aff,connected_triples,overlap_5,0.0,0.0,0.0
hash,metis,aff,metis,hash_aff,connected_triples,overlap_full,0.0,0.0,0.0
hash,metis,aff,metis,hash_aff,connected_triples,volume_1,0.0062,0.0044,0.0081
hash,metis,aff,metis,hash_aff,connected_triples,volume_2,0.0121,0.0093,0.0148
hash,metis,aff,metis,hash_aff,connected_triples,volume_3,-0.0113,-0.0147,-0.0076
hash,metis,aff,metis,hash_aff,connected_triples,volume_5,-0.0113,-0.0147,-0.0076
hash,metis,aff,metis,hash_aff,connected_triples,volume_full,-0.0113,-0.0147,-0.0076
hash,metis,aff,metis,hash_aff,frequent_pairs,fanout,-0.0285,-0.037,-0.021
hash,metis,aff,metis,hash_aff,frequent_pairs,single_shard_share,0.0285,0.021,0.037
hash,metis,aff,metis,hash_aff,frequent_pairs,overlap_1,0.0001,0.0,0.0002
hash,metis,aff,metis,hash_aff,frequent_pairs,overlap_2,0.0,0.0,0.0
hash,metis,aff,metis,hash_aff,frequent_pairs,overlap_3,0.0,0.0,0.0
hash,metis,aff,metis,hash_aff,frequent_pairs,overlap_5,0.0,0.0,0.0
hash,metis,aff,metis,hash_aff,frequent_pairs,overlap_full,0.0,0.0,0.0
hash,metis,aff,metis,hash_aff,frequent_pairs,volume_1,0.0057,0.0039,0.0077
hash,metis,aff,metis,hash_aff,frequent_pairs,volume_2,0.0109,0.0082,0.0134
hash,metis,aff,metis,hash_aff,frequent_pairs,volume_3,0.0109,0.0082,0.0134
hash,metis,aff,metis,hash_aff,frequent_pairs,volume_5,0.0109,0.0082,0.0134
hash,metis,aff,metis,hash_aff,frequent_pairs,volume_full,0.0109,0.0082,0.0134
hash,metis,aff,metis,hash_aff,frequent_triples,fanout,-0.0775,-0.091,-0.064
hash,metis,aff,metis,hash_aff,frequent_triples,single_shard_share,0.0025,0.0005,0.005
hash,metis,aff,metis,hash_aff,frequent_triples,overlap_1,0.0046,0.0027,0.0068
hash,metis,aff,metis,hash_aff,frequent_triples,overlap_2,0.0,0.0,0.0
hash,metis,aff,metis,hash_aff,frequent_triples,overlap_3,0.0,0.0,0.0
hash,metis,aff,metis,hash_aff,frequent_triples,overlap_5,0.0,0.0,0.0
hash,metis,aff,metis,hash_aff,frequent_triples,overlap_full,0.0,0.0,0.0
hash,metis,aff,metis,hash_aff,frequent_triples,volume_1,0.0054,0.0037,0.0074
hash,metis,aff,metis,hash_aff,frequent_triples,volume_2,0.0134,0.0109,0.0162
hash,metis,aff,metis,hash_aff,frequent_triples,volume_3,0.017,0.0137,0.0205
hash,metis,aff,metis,hash_aff,frequent_triples,volume_5,0.017,0.0137,0.0205
hash,metis,aff,metis,hash_aff,frequent_triples,volume_full,0.017,0.0137,0.0205
hash,metis,aff_r2,metis,hash_aff,train,fanout,-0.4231,-0.435,-0.4099
hash,metis,aff_r2,metis,hash_aff,train,single_shard_share,0.0312,0.0276,0.0347
hash,metis,aff_r2,metis,hash_aff,train,overlap_1,0.1206,0.1156,0.1253
hash,metis,aff_r2,metis,hash_aff,train,overlap_2,0.0249,0.0229,0.0269
hash,metis,aff_r2,metis,hash_aff,train,overlap_3,0.0032,0.0025,0.0039
hash,metis,aff_r2,metis,hash_aff,train,overlap_5,0.0,0.0,0.0001
hash,metis,aff_r2,metis,hash_aff,train,overlap_full,0.0,0.0,0.0
hash,metis,aff_r2,metis,hash_aff,train,volume_1,0.0503,0.0493,0.0514
hash,metis,aff_r2,metis,hash_aff,train,volume_2,0.0964,0.0949,0.0978
hash,metis,aff_r2,metis,hash_aff,train,volume_3,0.1169,0.1148,0.1187
hash,metis,aff_r2,metis,hash_aff,train,volume_5,0.117,0.1148,0.1193
hash,metis,aff_r2,metis,hash_aff,train,volume_full,0.1146,0.1123,0.1169
hash,metis,aff_r2,metis,hash_aff,holdout,fanout,-0.3048,-0.3182,-0.2909
hash,metis,aff_r2,metis,hash_aff,holdout,single_shard_share,0.0208,0.0172,0.0246
hash,metis,aff_r2,metis,hash_aff,holdout,overlap_1,0.0994,0.0938,0.1052
hash,metis,aff_r2,metis,hash_aff,holdout,overlap_2,0.0187,0.0165,0.021
hash,metis,aff_r2,metis,hash_aff,holdout,overlap_3,0.002,0.0014,0.0027
hash,metis,aff_r2,metis,hash_aff,holdout,overlap_5,0.0001,-0.0001,0.0004
hash,metis,aff_r2,metis,hash_aff,holdout,overlap_full,0.0,0.0,0.0
hash,metis,aff_r2,metis,hash_aff,holdout,volume_1,0.0493,0.048,0.0506
hash,metis,aff_r2,metis,hash_aff,holdout,volume_2,0.0951,0.0932,0.0971
hash,metis,aff_r2,metis,hash_aff,holdout,volume_3,0.1194,0.1169,0.1219
hash,metis,aff_r2,metis,hash_aff,holdout,volume_5,0.1254,0.1226,0.1285
hash,metis,aff_r2,metis,hash_aff,holdout,volume_full,0.1248,0.122,0.1278
hash,metis,aff_r2,metis,hash_aff,ood,fanout,-0.4462,-0.46,-0.4328
hash,metis,aff_r2,metis,hash_aff,ood,single_shard_share,0.0019,0.0011,0.0029
hash,metis,aff_r2,metis,hash_aff,ood,overlap_1,0.1524,0.1469,0.1579
hash,metis,aff_r2,metis,hash_aff,ood,overlap_2,0.0664,0.0631,0.0697
hash,metis,aff_r2,metis,hash_aff,ood,overlap_3,0.016,0.0145,0.0176
hash,metis,aff_r2,metis,hash_aff,ood,overlap_5,0.0006,0.0004,0.0009
hash,metis,aff_r2,metis,hash_aff,ood,overlap_full,0.0,0.0,0.0
hash,metis,aff_r2,metis,hash_aff,ood,volume_1,0.0455,0.0445,0.0467
hash,metis,aff_r2,metis,hash_aff,ood,volume_2,0.0948,0.0933,0.0965
hash,metis,aff_r2,metis,hash_aff,ood,volume_3,0.1461,0.1442,0.1482
hash,metis,aff_r2,metis,hash_aff,ood,volume_5,0.1849,0.1822,0.1876
hash,metis,aff_r2,metis,hash_aff,ood,volume_full,0.1846,0.1818,0.1874
hash,metis,aff_r2,metis,hash_aff,connected_pairs,fanout,-0.983,-0.9885,-0.977
hash,metis,aff_r2,metis,hash_aff,connected_pairs,single_shard_share,0.983,0.977,0.9885
hash,metis,aff_r2,metis,hash_aff,connected_pairs,overlap_1,0.1413,0.1315,0.1505
hash,metis,aff_r2,metis,hash_aff,connected_pairs,overlap_2,0.0,0.0,0.0
hash,metis,aff_r2,metis,hash_aff,connected_pairs,overlap_3,0.0,0.0,0.0
hash,metis,aff_r2,metis,hash_aff,connected_pairs,overlap_5,0.0,0.0,0.0
hash,metis,aff_r2,metis,hash_aff,connected_pairs,overlap_full,0.0,0.0,0.0
hash,metis,aff_r2,metis,hash_aff,connected_pairs,volume_1,0.0364,0.0339,0.039
hash,metis,aff_r2,metis,hash_aff,connected_pairs,volume_2,-0.0265,-0.0292,-0.0236
hash,metis,aff_r2,metis,hash_aff,connected_pairs,volume_3,-0.0265,-0.0292,-0.0236
hash,metis,aff_r2,metis,hash_aff,connected_pairs,volume_5,-0.0265,-0.0292,-0.0236
hash,metis,aff_r2,metis,hash_aff,connected_pairs,volume_full,-0.0265,-0.0292,-0.0236
hash,metis,aff_r2,metis,hash_aff,connected_triples,fanout,-1.29,-1.3125,-1.266
hash,metis,aff_r2,metis,hash_aff,connected_triples,single_shard_share,0.349,0.3285,0.3685
hash,metis,aff_r2,metis,hash_aff,connected_triples,overlap_1,0.1472,0.1376,0.1575
hash,metis,aff_r2,metis,hash_aff,connected_triples,overlap_2,0.0019,0.0011,0.003
hash,metis,aff_r2,metis,hash_aff,connected_triples,overlap_3,0.0,0.0,0.0
hash,metis,aff_r2,metis,hash_aff,connected_triples,overlap_5,0.0,0.0,0.0
hash,metis,aff_r2,metis,hash_aff,connected_triples,overlap_full,0.0,0.0,0.0
hash,metis,aff_r2,metis,hash_aff,connected_triples,volume_1,0.0535,0.0511,0.0556
hash,metis,aff_r2,metis,hash_aff,connected_triples,volume_2,0.0616,0.058,0.0654
hash,metis,aff_r2,metis,hash_aff,connected_triples,volume_3,-0.0119,-0.0161,-0.008
hash,metis,aff_r2,metis,hash_aff,connected_triples,volume_5,-0.0119,-0.0161,-0.008
hash,metis,aff_r2,metis,hash_aff,connected_triples,volume_full,-0.0119,-0.0161,-0.008
hash,metis,aff_r2,metis,hash_aff,frequent_pairs,fanout,-0.2235,-0.2415,-0.2065
hash,metis,aff_r2,metis,hash_aff,frequent_pairs,single_shard_share,0.2235,0.2065,0.2415
hash,metis,aff_r2,metis,hash_aff,frequent_pairs,overlap_1,0.0004,0.0,0.001
hash,metis,aff_r2,metis,hash_aff,frequent_pairs,overlap_2,0.0,0.0,0.0
hash,metis,aff_r2,metis,hash_aff,frequent_pairs,overlap_3,0.0,0.0,0.0
hash,metis,aff_r2,metis,hash_aff,frequent_pairs,overlap_5,0.0,0.0,0.0
hash,metis,aff_r2,metis,hash_aff,frequent_pairs,overlap_full,0.0,0.0,0.0
hash,metis,aff_r2,metis,hash_aff,frequent_pairs,volume_1,0.0487,0.0463,0.0509
hash,metis,aff_r2,metis,hash_aff,frequent_pairs,volume_2,0.0533,0.0497,0.057
hash,metis,aff_r2,metis,hash_aff,frequent_pairs,volume_3,0.0533,0.0497,0.057
hash,metis,aff_r2,metis,hash_aff,frequent_pairs,volume_5,0.0533,0.0497,0.057
hash,metis,aff_r2,metis,hash_aff,frequent_pairs,volume_full,0.0533,0.0497,0.057
hash,metis,aff_r2,metis,hash_aff,frequent_triples,fanout,-0.4165,-0.442,-0.389
hash,metis,aff_r2,metis,hash_aff,frequent_triples,single_shard_share,0.053,0.043,0.0625
hash,metis,aff_r2,metis,hash_aff,frequent_triples,overlap_1,0.0133,0.0102,0.0166
hash,metis,aff_r2,metis,hash_aff,frequent_triples,overlap_2,0.0,0.0,0.0
hash,metis,aff_r2,metis,hash_aff,frequent_triples,overlap_3,0.0,0.0,0.0
hash,metis,aff_r2,metis,hash_aff,frequent_triples,overlap_5,0.0,0.0,0.0
hash,metis,aff_r2,metis,hash_aff,frequent_triples,overlap_full,0.0,0.0,0.0
hash,metis,aff_r2,metis,hash_aff,frequent_triples,volume_1,0.0503,0.0482,0.0525
hash,metis,aff_r2,metis,hash_aff,frequent_triples,volume_2,0.0852,0.0817,0.0889
hash,metis,aff_r2,metis,hash_aff,frequent_triples,volume_3,0.0723,0.0679,0.0772
hash,metis,aff_r2,metis,hash_aff,frequent_triples,volume_5,0.0723,0.0679,0.0772
hash,metis,aff_r2,metis,hash_aff,frequent_triples,volume_full,0.0723,0.0679,0.0772
hash,metis,aff_r3,metis,hash_aff,train,fanout,-0.5502,-0.5639,-0.5356
hash,metis,aff_r3,metis,hash_aff,train,single_shard_share,0.0413,0.0374,0.0456
hash,metis,aff_r3,metis,hash_aff,train,overlap_1,0.1509,0.1458,0.156
hash,metis,aff_r3,metis,hash_aff,train,overlap_2,0.0297,0.0276,0.0319
hash,metis,aff_r3,metis,hash_aff,train,overlap_3,0.0037,0.003,0.0044
hash,metis,aff_r3,metis,hash_aff,train,overlap_5,0.0,0.0,0.0001
hash,metis,aff_r3,metis,hash_aff,train,overlap_full,0.0,0.0,0.0
hash,metis,aff_r3,metis,hash_aff,train,volume_1,0.0912,0.09,0.0925
hash,metis,aff_r3,metis,hash_aff,train,volume_2,0.1741,0.1721,0.176
hash,metis,aff_r3,metis,hash_aff,train,volume_3,0.2109,0.2079,0.2137
hash,metis,aff_r3,metis,hash_aff,train,volume_5,0.2131,0.2099,0.2163
hash,metis,aff_r3,metis,hash_aff,train,volume_full,0.2101,0.207,0.2132
hash,metis,aff_r3,metis,hash_aff,holdout,fanout,-0.4185,-0.4348,-0.4024
hash,metis,aff_r3,metis,hash_aff,holdout,single_shard_share,0.0271,0.0228,0.0312
hash,metis,aff_r3,metis,hash_aff,holdout,overlap_1,0.1284,0.1222,0.1346
hash,metis,aff_r3,metis,hash_aff,holdout,overlap_2,0.024,0.0216,0.0265
hash,metis,aff_r3,metis,hash_aff,holdout,overlap_3,0.0025,0.0018,0.0032
hash,metis,aff_r3,metis,hash_aff,holdout,overlap_5,0.0002,0.0,0.0006
hash,metis,aff_r3,metis,hash_aff,holdout,overlap_full,0.0,0.0,0.0
hash,metis,aff_r3,metis,hash_aff,holdout,volume_1,0.0895,0.0879,0.0912
hash,metis,aff_r3,metis,hash_aff,holdout,volume_2,0.1741,0.1718,0.1765
hash,metis,aff_r3,metis,hash_aff,holdout,volume_3,0.2184,0.2151,0.2218
hash,metis,aff_r3,metis,hash_aff,holdout,volume_5,0.2289,0.225,0.2329
hash,metis,aff_r3,metis,hash_aff,holdout,volume_full,0.2275,0.2235,0.2315
hash,metis,aff_r3,metis,hash_aff,ood,fanout,-0.5918,-0.6067,-0.5782
hash,metis,aff_r3,metis,hash_aff,ood,single_shard_share,0.003,0.002,0.0041
hash,metis,aff_r3,metis,hash_aff,ood,overlap_1,0.1963,0.1908,0.202
hash,metis,aff_r3,metis,hash_aff,ood,overlap_2,0.0845,0.0808,0.088
hash,metis,aff_r3,metis,hash_aff,ood,overlap_3,0.0205,0.0187,0.0221
hash,metis,aff_r3,metis,hash_aff,ood,overlap_5,0.0008,0.0005,0.001
hash,metis,aff_r3,metis,hash_aff,ood,overlap_full,0.0,0.0,0.0
hash,metis,aff_r3,metis,hash_aff,ood,volume_1,0.0835,0.0822,0.0849
hash,metis,aff_r3,metis,hash_aff,ood,volume_2,0.1702,0.1683,0.172
hash,metis,aff_r3,metis,hash_aff,ood,volume_3,0.2564,0.2542,0.2587
hash,metis,aff_r3,metis,hash_aff,ood,volume_5,0.323,0.3196,0.3264
hash,metis,aff_r3,metis,hash_aff,ood,volume_full,0.3236,0.3201,0.3273
hash,metis,aff_r3,metis,hash_aff,connected_pairs,fanout,-0.996,-0.9985,-0.993
hash,metis,aff_r3,metis,hash_aff,connected_pairs,single_shard_share,0.996,0.993,0.9985
hash,metis,aff_r3,metis,hash_aff,connected_pairs,overlap_1,0.1419,0.1324,0.151
hash,metis,aff_r3,metis,hash_aff,connected_pairs,overlap_2,0.0,0.0,0.0
hash,metis,aff_r3,metis,hash_aff,connected_pairs,overlap_3,0.0,0.0,0.0
hash,metis,aff_r3,metis,hash_aff,connected_pairs,overlap_5,0.0,0.0,0.0
hash,metis,aff_r3,metis,hash_aff,connected_pairs,overlap_full,0.0,0.0,0.0
hash,metis,aff_r3,metis,hash_aff,connected_pairs,volume_1,0.0707,0.0677,0.0742
hash,metis,aff_r3,metis,hash_aff,connected_pairs,volume_2,0.0063,0.003,0.01
hash,metis,aff_r3,metis,hash_aff,connected_pairs,volume_3,0.0063,0.003,0.01
hash,metis,aff_r3,metis,hash_aff,connected_pairs,volume_5,0.0063,0.003,0.01
hash,metis,aff_r3,metis,hash_aff,connected_pairs,volume_full,0.0063,0.003,0.01
hash,metis,aff_r3,metis,hash_aff,connected_triples,fanout,-1.507,-1.5295,-1.485
hash,metis,aff_r3,metis,hash_aff,connected_triples,single_shard_share,0.5225,0.502,0.545
hash,metis,aff_r3,metis,hash_aff,connected_triples,overlap_1,0.1512,0.1411,0.1612
hash,metis,aff_r3,metis,hash_aff,connected_triples,overlap_2,0.0019,0.0011,0.003
hash,metis,aff_r3,metis,hash_aff,connected_triples,overlap_3,0.0,0.0,0.0
hash,metis,aff_r3,metis,hash_aff,connected_triples,overlap_5,0.0,0.0,0.0
hash,metis,aff_r3,metis,hash_aff,connected_triples,overlap_full,0.0,0.0,0.0
hash,metis,aff_r3,metis,hash_aff,connected_triples,volume_1,0.0968,0.0939,0.0993
hash,metis,aff_r3,metis,hash_aff,connected_triples,volume_2,0.1036,0.0986,0.1083
hash,metis,aff_r3,metis,hash_aff,connected_triples,volume_3,0.0252,0.0203,0.03
hash,metis,aff_r3,metis,hash_aff,connected_triples,volume_5,0.0252,0.0203,0.03
hash,metis,aff_r3,metis,hash_aff,connected_triples,volume_full,0.0252,0.0203,0.03
hash,metis,aff_r3,metis,hash_aff,frequent_pairs,fanout,-0.364,-0.3865,-0.3435
hash,metis,aff_r3,metis,hash_aff,frequent_pairs,single_shard_share,0.364,0.3435,0.3865
hash,metis,aff_r3,metis,hash_aff,frequent_pairs,overlap_1,0.0004,0.0,0.001
hash,metis,aff_r3,metis,hash_aff,frequent_pairs,overlap_2,0.0,0.0,0.0
hash,metis,aff_r3,metis,hash_aff,frequent_pairs,overlap_3,0.0,0.0,0.0
hash,metis,aff_r3,metis,hash_aff,frequent_pairs,overlap_5,0.0,0.0,0.0
hash,metis,aff_r3,metis,hash_aff,frequent_pairs,overlap_full,0.0,0.0,0.0
hash,metis,aff_r3,metis,hash_aff,frequent_pairs,volume_1,0.0971,0.0943,0.0998
hash,metis,aff_r3,metis,hash_aff,frequent_pairs,volume_2,0.1089,0.1044,0.1134
hash,metis,aff_r3,metis,hash_aff,frequent_pairs,volume_3,0.1089,0.1044,0.1134
hash,metis,aff_r3,metis,hash_aff,frequent_pairs,volume_5,0.1089,0.1044,0.1134
hash,metis,aff_r3,metis,hash_aff,frequent_pairs,volume_full,0.1089,0.1044,0.1134
hash,metis,aff_r3,metis,hash_aff,frequent_triples,fanout,-0.674,-0.702,-0.6445
hash,metis,aff_r3,metis,hash_aff,frequent_triples,single_shard_share,0.1065,0.0925,0.119
hash,metis,aff_r3,metis,hash_aff,frequent_triples,overlap_1,0.0186,0.0151,0.0221
hash,metis,aff_r3,metis,hash_aff,frequent_triples,overlap_2,0.0,0.0,0.0
hash,metis,aff_r3,metis,hash_aff,frequent_triples,overlap_3,0.0,0.0,0.0
hash,metis,aff_r3,metis,hash_aff,frequent_triples,overlap_5,0.0,0.0,0.0
hash,metis,aff_r3,metis,hash_aff,frequent_triples,overlap_full,0.0,0.0,0.0
hash,metis,aff_r3,metis,hash_aff,frequent_triples,volume_1,0.0989,0.0962,0.1016
hash,metis,aff_r3,metis,hash_aff,frequent_triples,volume_2,0.162,0.1573,0.1664
hash,metis,aff_r3,metis,hash_aff,frequent_triples,volume_3,0.141,0.1352,0.1472
hash,metis,aff_r3,metis,hash_aff,frequent_triples,volume_5,0.141,0.1352,0.1472
hash,metis,aff_r3,metis,hash_aff,frequent_triples,volume_full,0.141,0.1352,0.1472
hash,metis,bal,metis,hash_bal,train,fanout,-0.1777,-0.1869,-0.168
hash,metis,bal,metis,hash_bal,train,single_shard_share,0.0146,0.012,0.0172
hash,metis,bal,metis,hash_bal,train,overlap_1,0.0547,0.0508,0.0586
hash,metis,bal,metis,hash_bal,train,overlap_2,0.012,0.0103,0.0137
hash,metis,bal,metis,hash_bal,train,overlap_3,0.0014,0.0009,0.0019
hash,metis,bal,metis,hash_bal,train,overlap_5,0.0,0.0,0.0
hash,metis,bal,metis,hash_bal,train,overlap_full,0.0,0.0,0.0
hash,metis,bal,metis,hash_bal,train,volume_1,-0.0214,-0.0221,-0.0208
hash,metis,bal,metis,hash_bal,train,volume_2,-0.0471,-0.0481,-0.0461
hash,metis,bal,metis,hash_bal,train,volume_3,-0.0786,-0.08,-0.0772
hash,metis,bal,metis,hash_bal,train,volume_5,-0.1112,-0.1131,-0.1093
hash,metis,bal,metis,hash_bal,train,volume_full,-0.1176,-0.1196,-0.1155
hash,metis,bal,metis,hash_bal,holdout,fanout,-0.1472,-0.1584,-0.1365
hash,metis,bal,metis,hash_bal,holdout,single_shard_share,0.0143,0.011,0.0174
hash,metis,bal,metis,hash_bal,holdout,overlap_1,0.0449,0.04,0.0501
hash,metis,bal,metis,hash_bal,holdout,overlap_2,0.0081,0.0062,0.0102
hash,metis,bal,metis,hash_bal,holdout,overlap_3,0.0008,0.0002,0.0013
hash,metis,bal,metis,hash_bal,holdout,overlap_5,-0.0,-0.0001,0.0001
hash,metis,bal,metis,hash_bal,holdout,overlap_full,0.0,0.0,0.0
hash,metis,bal,metis,hash_bal,holdout,volume_1,-0.0212,-0.022,-0.0203
hash,metis,bal,metis,hash_bal,holdout,volume_2,-0.0472,-0.0484,-0.0459
hash,metis,bal,metis,hash_bal,holdout,volume_3,-0.0777,-0.0796,-0.0759
hash,metis,bal,metis,hash_bal,holdout,volume_5,-0.1065,-0.1088,-0.1042
hash,metis,bal,metis,hash_bal,holdout,volume_full,-0.1116,-0.114,-0.1092
hash,metis,bal,metis,hash_bal,ood,fanout,-0.1861,-0.1967,-0.1761
hash,metis,bal,metis,hash_bal,ood,single_shard_share,0.0006,0.0,0.0012
hash,metis,bal,metis,hash_bal,ood,overlap_1,0.0599,0.055,0.0647
hash,metis,bal,metis,hash_bal,ood,overlap_2,0.0212,0.0183,0.0239
hash,metis,bal,metis,hash_bal,ood,overlap_3,0.004,0.0028,0.0053
hash,metis,bal,metis,hash_bal,ood,overlap_5,0.0001,-0.0001,0.0003
hash,metis,bal,metis,hash_bal,ood,overlap_full,0.0,0.0,0.0
hash,metis,bal,metis,hash_bal,ood,volume_1,-0.0215,-0.0221,-0.0209
hash,metis,bal,metis,hash_bal,ood,volume_2,-0.0436,-0.0445,-0.0427
hash,metis,bal,metis,hash_bal,ood,volume_3,-0.0699,-0.0711,-0.0687
hash,metis,bal,metis,hash_bal,ood,volume_5,-0.1292,-0.1311,-0.1271
hash,metis,bal,metis,hash_bal,ood,volume_full,-0.1477,-0.15,-0.1453
hash,metis,bal,metis,hash_bal,connected_pairs,fanout,-0.5575,-0.578,-0.536
hash,metis,bal,metis,hash_bal,connected_pairs,single_shard_share,0.5575,0.536,0.578
hash,metis,bal,metis,hash_bal,connected_pairs,overlap_1,0.089,0.0812,0.0964
hash,metis,bal,metis,hash_bal,connected_pairs,overlap_2,0.0,0.0,0.0
hash,metis,bal,metis,hash_bal,connected_pairs,overlap_3,0.0,0.0,0.0
hash,metis,bal,metis,hash_bal,connected_pairs,overlap_5,0.0,0.0,0.0
hash,metis,bal,metis,hash_bal,connected_pairs,overlap_full,0.0,0.0,0.0
hash,metis,bal,metis,hash_bal,connected_pairs,volume_1,-0.0203,-0.0218,-0.0188
hash,metis,bal,metis,hash_bal,connected_pairs,volume_2,-0.1237,-0.1275,-0.1202
hash,metis,bal,metis,hash_bal,connected_pairs,volume_3,-0.1237,-0.1275,-0.1202
hash,metis,bal,metis,hash_bal,connected_pairs,volume_5,-0.1237,-0.1275,-0.1202
hash,metis,bal,metis,hash_bal,connected_pairs,volume_full,-0.1237,-0.1275,-0.1202
hash,metis,bal,metis,hash_bal,connected_triples,fanout,-0.3865,-0.411,-0.3635
hash,metis,bal,metis,hash_bal,connected_triples,single_shard_share,0.0275,0.0205,0.035
hash,metis,bal,metis,hash_bal,connected_triples,overlap_1,0.0583,0.0511,0.0654
hash,metis,bal,metis,hash_bal,connected_triples,overlap_2,0.0011,0.0004,0.0019
hash,metis,bal,metis,hash_bal,connected_triples,overlap_3,0.0,0.0,0.0
hash,metis,bal,metis,hash_bal,connected_triples,overlap_5,0.0,0.0,0.0
hash,metis,bal,metis,hash_bal,connected_triples,overlap_full,0.0,0.0,0.0
hash,metis,bal,metis,hash_bal,connected_triples,volume_1,-0.0219,-0.0233,-0.0204
hash,metis,bal,metis,hash_bal,connected_triples,volume_2,-0.0469,-0.0491,-0.0446
hash,metis,bal,metis,hash_bal,connected_triples,volume_3,-0.1307,-0.1351,-0.1262
hash,metis,bal,metis,hash_bal,connected_triples,volume_5,-0.1307,-0.1351,-0.1262
hash,metis,bal,metis,hash_bal,connected_triples,volume_full,-0.1307,-0.1351,-0.1262
hash,metis,bal,metis,hash_bal,frequent_pairs,fanout,-0.033,-0.0435,-0.024
hash,metis,bal,metis,hash_bal,frequent_pairs,single_shard_share,0.033,0.024,0.0435
hash,metis,bal,metis,hash_bal,frequent_pairs,overlap_1,0.0,-0.0001,0.0002
hash,metis,bal,metis,hash_bal,frequent_pairs,overlap_2,0.0,0.0,0.0
hash,metis,bal,metis,hash_bal,frequent_pairs,overlap_3,0.0,0.0,0.0
hash,metis,bal,metis,hash_bal,frequent_pairs,overlap_5,0.0,0.0,0.0
hash,metis,bal,metis,hash_bal,frequent_pairs,overlap_full,0.0,0.0,0.0
hash,metis,bal,metis,hash_bal,frequent_pairs,volume_1,-0.0258,-0.0273,-0.0243
hash,metis,bal,metis,hash_bal,frequent_pairs,volume_2,-0.0687,-0.0712,-0.0663
hash,metis,bal,metis,hash_bal,frequent_pairs,volume_3,-0.0687,-0.0712,-0.0663
hash,metis,bal,metis,hash_bal,frequent_pairs,volume_5,-0.0687,-0.0712,-0.0663
hash,metis,bal,metis,hash_bal,frequent_pairs,volume_full,-0.0687,-0.0712,-0.0663
hash,metis,bal,metis,hash_bal,frequent_triples,fanout,-0.102,-0.1175,-0.0855
hash,metis,bal,metis,hash_bal,frequent_triples,single_shard_share,0.004,0.0015,0.007
hash,metis,bal,metis,hash_bal,frequent_triples,overlap_1,0.004,0.002,0.0061
hash,metis,bal,metis,hash_bal,frequent_triples,overlap_2,0.0,0.0,0.0
hash,metis,bal,metis,hash_bal,frequent_triples,overlap_3,0.0,0.0,0.0
hash,metis,bal,metis,hash_bal,frequent_triples,overlap_5,0.0,0.0,0.0
hash,metis,bal,metis,hash_bal,frequent_triples,overlap_full,0.0,0.0,0.0
hash,metis,bal,metis,hash_bal,frequent_triples,volume_1,-0.0244,-0.0259,-0.0229
hash,metis,bal,metis,hash_bal,frequent_triples,volume_2,-0.0585,-0.0609,-0.0562
hash,metis,bal,metis,hash_bal,frequent_triples,volume_3,-0.1158,-0.1199,-0.112
hash,metis,bal,metis,hash_bal,frequent_triples,volume_5,-0.1158,-0.1199,-0.112
hash,metis,bal,metis,hash_bal,frequent_triples,volume_full,-0.1158,-0.1199,-0.112
strategy,metis,aff,metis,base,train,fanout,-0.084,-0.0898,-0.078
strategy,metis,aff,metis,base,train,single_shard_share,0.0098,0.0079,0.0118
strategy,metis,aff,metis,base,train,overlap_1,0.0446,0.0416,0.0476
strategy,metis,aff,metis,base,train,overlap_2,0.0102,0.0089,0.0115
strategy,metis,aff,metis,base,train,overlap_3,0.0012,0.0008,0.0016
strategy,metis,aff,metis,base,train,overlap_5,0.0,0.0,0.0
strategy,metis,aff,metis,base,train,overlap_full,0.0,0.0,0.0
strategy,metis,aff,metis,base,train,volume_1,0.0268,0.0262,0.0274
strategy,metis,aff,metis,base,train,volume_2,0.0489,0.048,0.0497
strategy,metis,aff,metis,base,train,volume_3,0.0688,0.0678,0.0699
strategy,metis,aff,metis,base,train,volume_5,0.0834,0.0821,0.0846
strategy,metis,aff,metis,base,train,volume_full,0.085,0.0837,0.0862
strategy,metis,aff,metis,base,holdout,fanout,-0.1034,-0.1121,-0.0951
strategy,metis,aff,metis,base,holdout,single_shard_share,0.0126,0.0098,0.0154
strategy,metis,aff,metis,base,holdout,overlap_1,0.0524,0.0484,0.0563
strategy,metis,aff,metis,base,holdout,overlap_2,0.0113,0.0096,0.0132
strategy,metis,aff,metis,base,holdout,overlap_3,0.0013,0.0007,0.0019
strategy,metis,aff,metis,base,holdout,overlap_5,0.0,0.0,0.0
strategy,metis,aff,metis,base,holdout,overlap_full,0.0,0.0,0.0
strategy,metis,aff,metis,base,holdout,volume_1,0.0288,0.0281,0.0296
strategy,metis,aff,metis,base,holdout,volume_2,0.0508,0.0498,0.052
strategy,metis,aff,metis,base,holdout,volume_3,0.069,0.0677,0.0703
strategy,metis,aff,metis,base,holdout,volume_5,0.0836,0.0819,0.0851
strategy,metis,aff,metis,base,holdout,volume_full,0.0852,0.0835,0.0869
strategy,metis,aff,metis,base,ood,fanout,-0.0929,-0.0988,-0.087
strategy,metis,aff,metis,base,ood,single_shard_share,0.0002,0.0,0.0005
strategy,metis,aff,metis,base,ood,overlap_1,0.055,0.0522,0.0581
strategy,metis,aff,metis,base,ood,overlap_2,0.0286,0.0267,0.0305
strategy,metis,aff,metis,base,ood,overlap_3,0.008,0.0071,0.009
strategy,metis,aff,metis,base,ood,overlap_5,0.0004,0.0003,0.0007
strategy,metis,aff,metis,base,ood,overlap_full,0.0,0.0,0.0
strategy,metis,aff,metis,base,ood,volume_1,0.0284,0.0278,0.0291
strategy,metis,aff,metis,base,ood,volume_2,0.0531,0.0522,0.054
strategy,metis,aff,metis,base,ood,volume_3,0.0755,0.0745,0.0766
strategy,metis,aff,metis,base,ood,volume_5,0.1025,0.1014,0.1039
strategy,metis,aff,metis,base,ood,volume_full,0.1064,0.1051,0.1078
strategy,metis,aff,metis,base,connected_pairs,fanout,0.0,0.0,0.0
strategy,metis,aff,metis,base,connected_pairs,single_shard_share,0.0,0.0,0.0
strategy,metis,aff,metis,base,connected_pairs,overlap_1,0.0004,0.0002,0.0008
strategy,metis,aff,metis,base,connected_pairs,overlap_2,0.0,0.0,0.0
strategy,metis,aff,metis,base,connected_pairs,overlap_3,0.0,0.0,0.0
strategy,metis,aff,metis,base,connected_pairs,overlap_5,0.0,0.0,0.0
strategy,metis,aff,metis,base,connected_pairs,overlap_full,0.0,0.0,0.0
strategy,metis,aff,metis,base,connected_pairs,volume_1,0.0144,0.0137,0.0152
strategy,metis,aff,metis,base,connected_pairs,volume_2,0.0211,0.0201,0.022
strategy,metis,aff,metis,base,connected_pairs,volume_3,0.0211,0.0201,0.022
strategy,metis,aff,metis,base,connected_pairs,volume_5,0.0211,0.0201,0.022
strategy,metis,aff,metis,base,connected_pairs,volume_full,0.0211,0.0201,0.022
strategy,metis,aff,metis,base,connected_triples,fanout,0.0,0.0,0.0
strategy,metis,aff,metis,base,connected_triples,single_shard_share,0.0,0.0,0.0
strategy,metis,aff,metis,base,connected_triples,overlap_1,0.0019,0.0013,0.0027
strategy,metis,aff,metis,base,connected_triples,overlap_2,0.0,0.0,0.0
strategy,metis,aff,metis,base,connected_triples,overlap_3,0.0,0.0,0.0
strategy,metis,aff,metis,base,connected_triples,overlap_5,0.0,0.0,0.0
strategy,metis,aff,metis,base,connected_triples,overlap_full,0.0,0.0,0.0
strategy,metis,aff,metis,base,connected_triples,volume_1,0.0156,0.0148,0.0165
strategy,metis,aff,metis,base,connected_triples,volume_2,0.0321,0.031,0.0333
strategy,metis,aff,metis,base,connected_triples,volume_3,0.0488,0.0472,0.0504
strategy,metis,aff,metis,base,connected_triples,volume_5,0.0488,0.0472,0.0504
strategy,metis,aff,metis,base,connected_triples,volume_full,0.0488,0.0472,0.0504
strategy,metis,aff,metis,base,frequent_pairs,fanout,0.0,0.0,0.0
strategy,metis,aff,metis,base,frequent_pairs,single_shard_share,0.0,0.0,0.0
strategy,metis,aff,metis,base,frequent_pairs,overlap_1,0.0,0.0,0.0
strategy,metis,aff,metis,base,frequent_pairs,overlap_2,0.0,0.0,0.0
strategy,metis,aff,metis,base,frequent_pairs,overlap_3,0.0,0.0,0.0
strategy,metis,aff,metis,base,frequent_pairs,overlap_5,0.0,0.0,0.0
strategy,metis,aff,metis,base,frequent_pairs,overlap_full,0.0,0.0,0.0
strategy,metis,aff,metis,base,frequent_pairs,volume_1,0.0166,0.0158,0.0175
strategy,metis,aff,metis,base,frequent_pairs,volume_2,0.0446,0.0431,0.0462
strategy,metis,aff,metis,base,frequent_pairs,volume_3,0.0446,0.0431,0.0462
strategy,metis,aff,metis,base,frequent_pairs,volume_5,0.0446,0.0431,0.0462
strategy,metis,aff,metis,base,frequent_pairs,volume_full,0.0446,0.0431,0.0462
strategy,metis,aff,metis,base,frequent_triples,fanout,0.0,0.0,0.0
strategy,metis,aff,metis,base,frequent_triples,single_shard_share,0.0,0.0,0.0
strategy,metis,aff,metis,base,frequent_triples,overlap_1,0.0004,0.0001,0.0007
strategy,metis,aff,metis,base,frequent_triples,overlap_2,0.0,0.0,0.0
strategy,metis,aff,metis,base,frequent_triples,overlap_3,0.0,0.0,0.0
strategy,metis,aff,metis,base,frequent_triples,overlap_5,0.0,0.0,0.0
strategy,metis,aff,metis,base,frequent_triples,overlap_full,0.0,0.0,0.0
strategy,metis,aff,metis,base,frequent_triples,volume_1,0.0159,0.0151,0.0168
strategy,metis,aff,metis,base,frequent_triples,volume_2,0.0391,0.0378,0.0406
strategy,metis,aff,metis,base,frequent_triples,volume_3,0.0698,0.068,0.0718
strategy,metis,aff,metis,base,frequent_triples,volume_5,0.0698,0.068,0.0718
strategy,metis,aff,metis,base,frequent_triples,volume_full,0.0698,0.068,0.0718
strategy,metis,aff_r2,metis,base_r2,train,fanout,-0.0891,-0.0953,-0.0828
strategy,metis,aff_r2,metis,base_r2,train,single_shard_share,0.0121,0.0099,0.0143
strategy,metis,aff_r2,metis,base_r2,train,overlap_1,0.0479,0.045,0.0508
strategy,metis,aff_r2,metis,base_r2,train,overlap_2,0.0093,0.0082,0.0107
strategy,metis,aff_r2,metis,base_r2,train,overlap_3,0.0012,0.0008,0.0016
strategy,metis,aff_r2,metis,base_r2,train,overlap_5,0.0,0.0,0.0
strategy,metis,aff_r2,metis,base_r2,train,overlap_full,0.0,0.0,0.0
strategy,metis,aff_r2,metis,base_r2,train,volume_1,0.0429,0.042,0.0438
strategy,metis,aff_r2,metis,base_r2,train,volume_2,0.0727,0.0714,0.0739
strategy,metis,aff_r2,metis,base_r2,train,volume_3,0.0945,0.093,0.0961
strategy,metis,aff_r2,metis,base_r2,train,volume_5,0.1078,0.106,0.1095
strategy,metis,aff_r2,metis,base_r2,train,volume_full,0.1086,0.1069,0.1103
strategy,metis,aff_r2,metis,base_r2,holdout,fanout,-0.1124,-0.1212,-0.1034
strategy,metis,aff_r2,metis,base_r2,holdout,single_shard_share,0.0144,0.0113,0.0176
strategy,metis,aff_r2,metis,base_r2,holdout,overlap_1,0.0577,0.0537,0.0618
strategy,metis,aff_r2,metis,base_r2,holdout,overlap_2,0.0117,0.01,0.0134
strategy,metis,aff_r2,metis,base_r2,holdout,overlap_3,0.0013,0.0008,0.0018
strategy,metis,aff_r2,metis,base_r2,holdout,overlap_5,0.0,0.0,0.0001
strategy,metis,aff_r2,metis,base_r2,holdout,overlap_full,0.0,0.0,0.0
strategy,metis,aff_r2,metis,base_r2,holdout,volume_1,0.0467,0.0454,0.0479
strategy,metis,aff_r2,metis,base_r2,holdout,volume_2,0.076,0.0743,0.0777
strategy,metis,aff_r2,metis,base_r2,holdout,volume_3,0.0966,0.0946,0.0986
strategy,metis,aff_r2,metis,base_r2,holdout,volume_5,0.1099,0.1077,0.1121
strategy,metis,aff_r2,metis,base_r2,holdout,volume_full,0.1109,0.1087,0.1132
strategy,metis,aff_r2,metis,base_r2,ood,fanout,-0.1066,-0.1132,-0.1002
strategy,metis,aff_r2,metis,base_r2,ood,single_shard_share,0.0004,0.0001,0.0008
strategy,metis,aff_r2,metis,base_r2,ood,overlap_1,0.0592,0.0563,0.0622
strategy,metis,aff_r2,metis,base_r2,ood,overlap_2,0.0314,0.0293,0.0333
strategy,metis,aff_r2,metis,base_r2,ood,overlap_3,0.009,0.008,0.0101
strategy,metis,aff_r2,metis,base_r2,ood,overlap_5,0.0005,0.0003,0.0007
strategy,metis,aff_r2,metis,base_r2,ood,overlap_full,0.0,0.0,0.0
strategy,metis,aff_r2,metis,base_r2,ood,volume_1,0.0429,0.042,0.044
strategy,metis,aff_r2,metis,base_r2,ood,volume_2,0.0806,0.0793,0.0821
strategy,metis,aff_r2,metis,base_r2,ood,volume_3,0.1088,0.1071,0.1105
strategy,metis,aff_r2,metis,base_r2,ood,volume_5,0.1346,0.1327,0.1366
strategy,metis,aff_r2,metis,base_r2,ood,volume_full,0.1367,0.1347,0.1388
strategy,metis,aff_r2,metis,base_r2,connected_pairs,fanout,0.0,0.0,0.0
strategy,metis,aff_r2,metis,base_r2,connected_pairs,single_shard_share,0.0,0.0,0.0
strategy,metis,aff_r2,metis,base_r2,connected_pairs,overlap_1,0.0,0.0,0.0
strategy,metis,aff_r2,metis,base_r2,connected_pairs,overlap_2,0.0,0.0,0.0
strategy,metis,aff_r2,metis,base_r2,connected_pairs,overlap_3,0.0,0.0,0.0
strategy,metis,aff_r2,metis,base_r2,connected_pairs,overlap_5,0.0,0.0,0.0
strategy,metis,aff_r2,metis,base_r2,connected_pairs,overlap_full,0.0,0.0,0.0
strategy,metis,aff_r2,metis,base_r2,connected_pairs,volume_1,0.0134,0.0128,0.0141
strategy,metis,aff_r2,metis,base_r2,connected_pairs,volume_2,0.0136,0.013,0.0143
strategy,metis,aff_r2,metis,base_r2,connected_pairs,volume_3,0.0136,0.013,0.0143
strategy,metis,aff_r2,metis,base_r2,connected_pairs,volume_5,0.0136,0.013,0.0143
strategy,metis,aff_r2,metis,base_r2,connected_pairs,volume_full,0.0136,0.013,0.0143
strategy,metis,aff_r2,metis,base_r2,connected_triples,fanout,0.0,0.0,0.0
strategy,metis,aff_r2,metis,base_r2,connected_triples,single_shard_share,0.0,0.0,0.0
strategy,metis,aff_r2,metis,base_r2,connected_triples,overlap_1,0.0,0.0,0.0
strategy,metis,aff_r2,metis,base_r2,connected_triples,overlap_2,0.0,0.0,0.0
strategy,metis,aff_r2,metis,base_r2,connected_triples,overlap_3,0.0,0.0,0.0
strategy,metis,aff_r2,metis,base_r2,connected_triples,overlap_5,0.0,0.0,0.0
strategy,metis,aff_r2,metis,base_r2,connected_triples,overlap_full,0.0,0.0,0.0
strategy,metis,aff_r2,metis,base_r2,connected_triples,volume_1,0.0143,0.0136,0.015
strategy,metis,aff_r2,metis,base_r2,connected_triples,volume_2,0.0269,0.0257,0.028
strategy,metis,aff_r2,metis,base_r2,connected_triples,volume_3,0.0279,0.0268,0.0291
strategy,metis,aff_r2,metis,base_r2,connected_triples,volume_5,0.0279,0.0268,0.0291
strategy,metis,aff_r2,metis,base_r2,connected_triples,volume_full,0.0279,0.0268,0.0291
strategy,metis,aff_r2,metis,base_r2,frequent_pairs,fanout,0.0,0.0,0.0
strategy,metis,aff_r2,metis,base_r2,frequent_pairs,single_shard_share,0.0,0.0,0.0
strategy,metis,aff_r2,metis,base_r2,frequent_pairs,overlap_1,0.0,0.0,0.0
strategy,metis,aff_r2,metis,base_r2,frequent_pairs,overlap_2,0.0,0.0,0.0
strategy,metis,aff_r2,metis,base_r2,frequent_pairs,overlap_3,0.0,0.0,0.0
strategy,metis,aff_r2,metis,base_r2,frequent_pairs,overlap_5,0.0,0.0,0.0
strategy,metis,aff_r2,metis,base_r2,frequent_pairs,overlap_full,0.0,0.0,0.0
strategy,metis,aff_r2,metis,base_r2,frequent_pairs,volume_1,0.0147,0.0139,0.0155
strategy,metis,aff_r2,metis,base_r2,frequent_pairs,volume_2,0.0295,0.0283,0.0308
strategy,metis,aff_r2,metis,base_r2,frequent_pairs,volume_3,0.0295,0.0283,0.0308
strategy,metis,aff_r2,metis,base_r2,frequent_pairs,volume_5,0.0295,0.0283,0.0308
strategy,metis,aff_r2,metis,base_r2,frequent_pairs,volume_full,0.0295,0.0283,0.0308
strategy,metis,aff_r2,metis,base_r2,frequent_triples,fanout,0.0,0.0,0.0
strategy,metis,aff_r2,metis,base_r2,frequent_triples,single_shard_share,0.0,0.0,0.0
strategy,metis,aff_r2,metis,base_r2,frequent_triples,overlap_1,0.0001,0.0,0.0003
strategy,metis,aff_r2,metis,base_r2,frequent_triples,overlap_2,0.0,0.0,0.0
strategy,metis,aff_r2,metis,base_r2,frequent_triples,overlap_3,0.0,0.0,0.0
strategy,metis,aff_r2,metis,base_r2,frequent_triples,overlap_5,0.0,0.0,0.0
strategy,metis,aff_r2,metis,base_r2,frequent_triples,overlap_full,0.0,0.0,0.0
strategy,metis,aff_r2,metis,base_r2,frequent_triples,volume_1,0.0145,0.0138,0.0153
strategy,metis,aff_r2,metis,base_r2,frequent_triples,volume_2,0.0327,0.0315,0.034
strategy,metis,aff_r2,metis,base_r2,frequent_triples,volume_3,0.0456,0.0441,0.0472
strategy,metis,aff_r2,metis,base_r2,frequent_triples,volume_5,0.0456,0.0441,0.0472
strategy,metis,aff_r2,metis,base_r2,frequent_triples,volume_full,0.0456,0.0441,0.0472
strategy,metis,aff_r3,metis,base_r3,train,fanout,-0.094,-0.1002,-0.0875
strategy,metis,aff_r3,metis,base_r3,train,single_shard_share,0.0133,0.0111,0.0157
strategy,metis,aff_r3,metis,base_r3,train,overlap_1,0.0516,0.0485,0.0545
strategy,metis,aff_r3,metis,base_r3,train,overlap_2,0.0091,0.0079,0.0104
strategy,metis,aff_r3,metis,base_r3,train,overlap_3,0.0011,0.0007,0.0015
strategy,metis,aff_r3,metis,base_r3,train,overlap_5,0.0,0.0,0.0
strategy,metis,aff_r3,metis,base_r3,train,overlap_full,0.0,0.0,0.0
strategy,metis,aff_r3,metis,base_r3,train,volume_1,0.0545,0.0532,0.0557
strategy,metis,aff_r3,metis,base_r3,train,volume_2,0.0919,0.0901,0.0935
strategy,metis,aff_r3,metis,base_r3,train,volume_3,0.117,0.1149,0.1191
strategy,metis,aff_r3,metis,base_r3,train,volume_5,0.1299,0.1276,0.1322
strategy,metis,aff_r3,metis,base_r3,train,volume_full,0.1304,0.1281,0.1327
strategy,metis,aff_r3,metis,base_r3,holdout,fanout,-0.1164,-0.1257,-0.107
strategy,metis,aff_r3,metis,base_r3,holdout,single_shard_share,0.0156,0.0125,0.0189
strategy,metis,aff_r3,metis,base_r3,holdout,overlap_1,0.0611,0.0568,0.0651
strategy,metis,aff_r3,metis,base_r3,holdout,overlap_2,0.0115,0.0098,0.0133
strategy,metis,aff_r3,metis,base_r3,holdout,overlap_3,0.0012,0.0007,0.0017
strategy,metis,aff_r3,metis,base_r3,holdout,overlap_5,0.0,0.0,0.0001
strategy,metis,aff_r3,metis,base_r3,holdout,overlap_full,0.0,0.0,0.0
strategy,metis,aff_r3,metis,base_r3,holdout,volume_1,0.06,0.0583,0.0617
strategy,metis,aff_r3,metis,base_r3,holdout,volume_2,0.0962,0.094,0.0984
strategy,metis,aff_r3,metis,base_r3,holdout,volume_3,0.1203,0.1177,0.1229
strategy,metis,aff_r3,metis,base_r3,holdout,volume_5,0.1336,0.1309,0.1366
strategy,metis,aff_r3,metis,base_r3,holdout,volume_full,0.1341,0.1313,0.137
strategy,metis,aff_r3,metis,base_r3,ood,fanout,-0.118,-0.1249,-0.1115
strategy,metis,aff_r3,metis,base_r3,ood,single_shard_share,0.0006,0.0002,0.0011
strategy,metis,aff_r3,metis,base_r3,ood,overlap_1,0.0605,0.0576,0.0636
strategy,metis,aff_r3,metis,base_r3,ood,overlap_2,0.0318,0.0299,0.0339
strategy,metis,aff_r3,metis,base_r3,ood,overlap_3,0.0087,0.0078,0.0097
strategy,metis,aff_r3,metis,base_r3,ood,overlap_5,0.0004,0.0002,0.0006
strategy,metis,aff_r3,metis,base_r3,ood,overlap_full,0.0,0.0,0.0
strategy,metis,aff_r3,metis,base_r3,ood,volume_1,0.0513,0.05,0.0526
strategy,metis,aff_r3,metis,base_r3,ood,volume_2,0.1006,0.0988,0.1025
strategy,metis,aff_r3,metis,base_r3,ood,volume_3,0.1328,0.1307,0.1352
strategy,metis,aff_r3,metis,base_r3,ood,volume_5,0.1573,0.1548,0.1599
strategy,metis,aff_r3,metis,base_r3,ood,volume_full,0.1583,0.1557,0.161
strategy,metis,aff_r3,metis,base_r3,connected_pairs,fanout,0.0,0.0,0.0
strategy,metis,aff_r3,metis,base_r3,connected_pairs,single_shard_share,0.0,0.0,0.0
strategy,metis,aff_r3,metis,base_r3,connected_pairs,overlap_1,0.0,0.0,0.0
strategy,metis,aff_r3,metis,base_r3,connected_pairs,overlap_2,0.0,0.0,0.0
strategy,metis,aff_r3,metis,base_r3,connected_pairs,overlap_3,0.0,0.0,0.0
strategy,metis,aff_r3,metis,base_r3,connected_pairs,overlap_5,0.0,0.0,0.0
strategy,metis,aff_r3,metis,base_r3,connected_pairs,overlap_full,0.0,0.0,0.0
strategy,metis,aff_r3,metis,base_r3,connected_pairs,volume_1,0.0127,0.0121,0.0132
strategy,metis,aff_r3,metis,base_r3,connected_pairs,volume_2,0.0127,0.0121,0.0132
strategy,metis,aff_r3,metis,base_r3,connected_pairs,volume_3,0.0127,0.0121,0.0132
strategy,metis,aff_r3,metis,base_r3,connected_pairs,volume_5,0.0127,0.0121,0.0132
strategy,metis,aff_r3,metis,base_r3,connected_pairs,volume_full,0.0127,0.0121,0.0132
strategy,metis,aff_r3,metis,base_r3,connected_triples,fanout,0.0,0.0,0.0
strategy,metis,aff_r3,metis,base_r3,connected_triples,single_shard_share,0.0,0.0,0.0
strategy,metis,aff_r3,metis,base_r3,connected_triples,overlap_1,0.0,0.0,0.0
strategy,metis,aff_r3,metis,base_r3,connected_triples,overlap_2,0.0,0.0,0.0
strategy,metis,aff_r3,metis,base_r3,connected_triples,overlap_3,0.0,0.0,0.0
strategy,metis,aff_r3,metis,base_r3,connected_triples,overlap_5,0.0,0.0,0.0
strategy,metis,aff_r3,metis,base_r3,connected_triples,overlap_full,0.0,0.0,0.0
strategy,metis,aff_r3,metis,base_r3,connected_triples,volume_1,0.0136,0.0129,0.0142
strategy,metis,aff_r3,metis,base_r3,connected_triples,volume_2,0.0213,0.0203,0.0221
strategy,metis,aff_r3,metis,base_r3,connected_triples,volume_3,0.0214,0.0204,0.0222
strategy,metis,aff_r3,metis,base_r3,connected_triples,volume_5,0.0214,0.0204,0.0222
strategy,metis,aff_r3,metis,base_r3,connected_triples,volume_full,0.0214,0.0204,0.0222
strategy,metis,aff_r3,metis,base_r3,frequent_pairs,fanout,0.0,0.0,0.0
strategy,metis,aff_r3,metis,base_r3,frequent_pairs,single_shard_share,0.0,0.0,0.0
strategy,metis,aff_r3,metis,base_r3,frequent_pairs,overlap_1,0.0,0.0,0.0
strategy,metis,aff_r3,metis,base_r3,frequent_pairs,overlap_2,0.0,0.0,0.0
strategy,metis,aff_r3,metis,base_r3,frequent_pairs,overlap_3,0.0,0.0,0.0
strategy,metis,aff_r3,metis,base_r3,frequent_pairs,overlap_5,0.0,0.0,0.0
strategy,metis,aff_r3,metis,base_r3,frequent_pairs,overlap_full,0.0,0.0,0.0
strategy,metis,aff_r3,metis,base_r3,frequent_pairs,volume_1,0.0132,0.0125,0.014
strategy,metis,aff_r3,metis,base_r3,frequent_pairs,volume_2,0.023,0.022,0.0239
strategy,metis,aff_r3,metis,base_r3,frequent_pairs,volume_3,0.023,0.022,0.0239
strategy,metis,aff_r3,metis,base_r3,frequent_pairs,volume_5,0.023,0.022,0.0239
strategy,metis,aff_r3,metis,base_r3,frequent_pairs,volume_full,0.023,0.022,0.0239
strategy,metis,aff_r3,metis,base_r3,frequent_triples,fanout,0.0,0.0,0.0
strategy,metis,aff_r3,metis,base_r3,frequent_triples,single_shard_share,0.0,0.0,0.0
strategy,metis,aff_r3,metis,base_r3,frequent_triples,overlap_1,0.0,0.0,0.0002
strategy,metis,aff_r3,metis,base_r3,frequent_triples,overlap_2,0.0,0.0,0.0
strategy,metis,aff_r3,metis,base_r3,frequent_triples,overlap_3,0.0,0.0,0.0
strategy,metis,aff_r3,metis,base_r3,frequent_triples,overlap_5,0.0,0.0,0.0
strategy,metis,aff_r3,metis,base_r3,frequent_triples,overlap_full,0.0,0.0,0.0
strategy,metis,aff_r3,metis,base_r3,frequent_triples,volume_1,0.0137,0.013,0.0145
strategy,metis,aff_r3,metis,base_r3,frequent_triples,volume_2,0.0272,0.0263,0.0283
strategy,metis,aff_r3,metis,base_r3,frequent_triples,volume_3,0.0348,0.0337,0.0361
strategy,metis,aff_r3,metis,base_r3,frequent_triples,volume_5,0.0348,0.0337,0.0361
strategy,metis,aff_r3,metis,base_r3,frequent_triples,volume_full,0.0348,0.0337,0.0361
strategy,metis,base_r2,metis,base,train,fanout,-0.2516,-0.2614,-0.2415
strategy,metis,base_r2,metis,base,train,single_shard_share,0.015,0.0127,0.0177
strategy,metis,base_r2,metis,base,train,overlap_1,0.0586,0.0552,0.0621
strategy,metis,base_r2,metis,base,train,overlap_2,0.011,0.0096,0.0123
strategy,metis,base_r2,metis,base,train,overlap_3,0.0012,0.0009,0.0016
strategy,metis,base_r2,metis,base,train,overlap_5,0.0,0.0,0.0
strategy,metis,base_r2,metis,base,train,overlap_full,0.0,0.0,0.0
strategy,metis,base_r2,metis,base,train,volume_1,0.0308,0.0301,0.0316
strategy,metis,base_r2,metis,base,train,volume_2,0.0623,0.0612,0.0634
strategy,metis,base_r2,metis,base,train,volume_3,0.0773,0.0759,0.0787
strategy,metis,base_r2,metis,base,train,volume_5,0.078,0.0764,0.0794
strategy,metis,base_r2,metis,base,train,volume_full,0.0768,0.0753,0.0783
strategy,metis,base_r2,metis,base,holdout,fanout,-0.1562,-0.1664,-0.1472
strategy,metis,base_r2,metis,base,holdout,single_shard_share,0.0062,0.0043,0.0082
strategy,metis,base_r2,metis,base,holdout,overlap_1,0.04,0.0362,0.044
strategy,metis,base_r2,metis,base,holdout,overlap_2,0.0075,0.006,0.009
strategy,metis,base_r2,metis,base,holdout,overlap_3,0.0008,0.0004,0.0014
strategy,metis,base_r2,metis,base,holdout,overlap_5,0.0001,-0.0,0.0004
strategy,metis,base_r2,metis,base,holdout,overlap_full,0.0,0.0,0.0
strategy,metis,base_r2,metis,base,holdout,volume_1,0.0276,0.0267,0.0285
strategy,metis,base_r2,metis,base,holdout,volume_2,0.0597,0.0583,0.0611
strategy,metis,base_r2,metis,base,holdout,volume_3,0.0781,0.0764,0.0798
strategy,metis,base_r2,metis,base,holdout,volume_5,0.0829,0.081,0.0849
strategy,metis,base_r2,metis,base,holdout,volume_full,0.083,0.0811,0.0849
strategy,metis,base_r2,metis,base,ood,fanout,-0.2536,-0.2633,-0.2437
strategy,metis,base_r2,metis,base,ood,single_shard_share,0.0014,0.0007,0.0022
strategy,metis,base_r2,metis,base,ood,overlap_1,0.0812,0.0767,0.0857
strategy,metis,base_r2,metis,base,ood,overlap_2,0.0333,0.0307,0.0358
strategy,metis,base_r2,metis,base,ood,overlap_3,0.0078,0.0068,0.0088
strategy,metis,base_r2,metis,base,ood,overlap_5,0.0003,0.0001,0.0004
strategy,metis,base_r2,metis,base,ood,overlap_full,0.0,0.0,0.0
strategy,metis,base_r2,metis,base,ood,volume_1,0.0301,0.0293,0.0309
strategy,metis,base_r2,metis,base,ood,volume_2,0.0601,0.0591,0.0611
strategy,metis,base_r2,metis,base,ood,volume_3,0.0963,0.095,0.0976
strategy,metis,base_r2,metis,base,ood,volume_5,0.1295,0.1277,0.1311
strategy,metis,base_r2,metis,base,ood,volume_full,0.1327,0.1307,0.1344
strategy,metis,base_r2,metis,base,connected_pairs,fanout,-0.4315,-0.4515,-0.41
strategy,metis,base_r2,metis,base,connected_pairs,single_shard_share,0.4315,0.41,0.4515
strategy,metis,base_r2,metis,base,connected_pairs,overlap_1,0.0423,0.0365,0.0482
strategy,metis,base_r2,metis,base,connected_pairs,overlap_2,0.0,0.0,0.0
strategy,metis,base_r2,metis,base,connected_pairs,overlap_3,0.0,0.0,0.0
strategy,metis,base_r2,metis,base,connected_pairs,overlap_5,0.0,0.0,0.0
strategy,metis,base_r2,metis,base,connected_pairs,overlap_full,0.0,0.0,0.0
strategy,metis,base_r2,metis,base,connected_pairs,volume_1,0.0395,0.038,0.0409
strategy,metis,base_r2,metis,base,connected_pairs,volume_2,0.0151,0.0134,0.0167
strategy,metis,base_r2,metis,base,connected_pairs,volume_3,0.0151,0.0134,0.0167
strategy,metis,base_r2,metis,base,connected_pairs,volume_5,0.0151,0.0134,0.0167
strategy,metis,base_r2,metis,base,connected_pairs,volume_full,0.0151,0.0134,0.0167
strategy,metis,base_r2,metis,base,connected_triples,fanout,-0.9145,-0.9405,-0.892
strategy,metis,base_r2,metis,base,connected_triples,single_shard_share,0.323,0.3015,0.3425
strategy,metis,base_r2,metis,base,connected_triples,overlap_1,0.0828,0.0749,0.0901
strategy,metis,base_r2,metis,base,connected_triples,overlap_2,0.0002,0.0,0.0006
strategy,metis,base_r2,metis,base,connected_triples,overlap_3,0.0,0.0,0.0
strategy,metis,base_r2,metis,base,connected_triples,overlap_5,0.0,0.0,0.0
strategy,metis,base_r2,metis,base,connected_triples,overlap_full,0.0,0.0,0.0
strategy,metis,base_r2,metis,base,connected_triples,volume_1,0.0486,0.047,0.0502
strategy,metis,base_r2,metis,base,connected_triples,volume_2,0.0548,0.0521,0.0576
strategy,metis,base_r2,metis,base,connected_triples,volume_3,0.0203,0.0172,0.023
strategy,metis,base_r2,metis,base,connected_triples,volume_5,0.0203,0.0172,0.023
strategy,metis,base_r2,metis,base,connected_triples,volume_full,0.0203,0.0172,0.023
strategy,metis,base_r2,metis,base,frequent_pairs,fanout,-0.195,-0.213,-0.179
strategy,metis,base_r2,metis,base,frequent_pairs,single_shard_share,0.195,0.179,0.213
strategy,metis,base_r2,metis,base,frequent_pairs,overlap_1,0.0003,0.0,0.0009
strategy,metis,base_r2,metis,base,frequent_pairs,overlap_2,0.0,0.0,0.0
strategy,metis,base_r2,metis,base,frequent_pairs,overlap_3,0.0,0.0,0.0
strategy,metis,base_r2,metis,base,frequent_pairs,overlap_5,0.0,0.0,0.0
strategy,metis,base_r2,metis,base,frequent_pairs,overlap_full,0.0,0.0,0.0
strategy,metis,base_r2,metis,base,frequent_pairs,volume_1,0.0449,0.0432,0.0466
strategy,metis,base_r2,metis,base,frequent_pairs,volume_2,0.0575,0.055,0.0601
strategy,metis,base_r2,metis,base,frequent_pairs,volume_3,0.0575,0.055,0.0601
strategy,metis,base_r2,metis,base,frequent_pairs,volume_5,0.0575,0.055,0.0601
strategy,metis,base_r2,metis,base,frequent_pairs,volume_full,0.0575,0.055,0.0601
strategy,metis,base_r2,metis,base,frequent_triples,fanout,-0.339,-0.3605,-0.315
strategy,metis,base_r2,metis,base,frequent_triples,single_shard_share,0.0505,0.041,0.0595
strategy,metis,base_r2,metis,base,frequent_triples,overlap_1,0.0089,0.0065,0.0115
strategy,metis,base_r2,metis,base,frequent_triples,overlap_2,0.0,0.0,0.0
strategy,metis,base_r2,metis,base,frequent_triples,overlap_3,0.0,0.0,0.0
strategy,metis,base_r2,metis,base,frequent_triples,overlap_5,0.0,0.0,0.0
strategy,metis,base_r2,metis,base,frequent_triples,overlap_full,0.0,0.0,0.0
strategy,metis,base_r2,metis,base,frequent_triples,volume_1,0.0463,0.0445,0.048
strategy,metis,base_r2,metis,base,frequent_triples,volume_2,0.0782,0.0757,0.0807
strategy,metis,base_r2,metis,base,frequent_triples,volume_3,0.0795,0.076,0.0828
strategy,metis,base_r2,metis,base,frequent_triples,volume_5,0.0795,0.076,0.0828
strategy,metis,base_r2,metis,base,frequent_triples,volume_full,0.0795,0.076,0.0828
strategy,metis,base_r3,metis,base,train,fanout,-0.3737,-0.3853,-0.3608
strategy,metis,base_r3,metis,base,train,single_shard_share,0.0239,0.021,0.027
strategy,metis,base_r3,metis,base,train,overlap_1,0.0853,0.0811,0.0896
strategy,metis,base_r3,metis,base,train,overlap_2,0.016,0.0144,0.0176
strategy,metis,base_r3,metis,base,train,overlap_3,0.0018,0.0014,0.0023
strategy,metis,base_r3,metis,base,train,overlap_5,0.0,0.0,0.0
strategy,metis,base_r3,metis,base,train,overlap_full,0.0,0.0,0.0
strategy,metis,base_r3,metis,base,train,volume_1,0.0602,0.0589,0.0613
strategy,metis,base_r3,metis,base,train,volume_2,0.1209,0.119,0.1227
strategy,metis,base_r3,metis,base,train,volume_3,0.1488,0.1465,0.1511
strategy,metis,base_r3,metis,base,train,volume_5,0.1519,0.1492,0.1546
strategy,metis,base_r3,metis,base,train,volume_full,0.1505,0.1479,0.1531
strategy,metis,base_r3,metis,base,holdout,fanout,-0.266,-0.2794,-0.253
strategy,metis,base_r3,metis,base,holdout,single_shard_share,0.0113,0.0087,0.014
strategy,metis,base_r3,metis,base,holdout,overlap_1,0.0656,0.061,0.0702
strategy,metis,base_r3,metis,base,holdout,overlap_2,0.0129,0.011,0.0148
strategy,metis,base_r3,metis,base,holdout,overlap_3,0.0014,0.0008,0.0021
strategy,metis,base_r3,metis,base,holdout,overlap_5,0.0002,0.0,0.0006
strategy,metis,base_r3,metis,base,holdout,overlap_full,0.0,0.0,0.0
strategy,metis,base_r3,metis,base,holdout,volume_1,0.0545,0.053,0.0561
strategy,metis,base_r3,metis,base,holdout,volume_2,0.1185,0.1163,0.1209
strategy,metis,base_r3,metis,base,holdout,volume_3,0.1535,0.1504,0.1563
strategy,metis,base_r3,metis,base,holdout,volume_5,0.1626,0.1592,0.1659
strategy,metis,base_r3,metis,base,holdout,volume_full,0.1625,0.159,0.1658
strategy,metis,base_r3,metis,base,ood,fanout,-0.3878,-0.3996,-0.3762
strategy,metis,base_r3,metis,base,ood,single_shard_share,0.0023,0.0014,0.0032
strategy,metis,base_r3,metis,base,ood,overlap_1,0.1239,0.1184,0.1289
strategy,metis,base_r3,metis,base,ood,overlap_2,0.0508,0.0478,0.0539
strategy,metis,base_r3,metis,base,ood,overlap_3,0.0125,0.0112,0.0137
strategy,metis,base_r3,metis,base,ood,overlap_5,0.0005,0.0003,0.0007
strategy,metis,base_r3,metis,base,ood,overlap_full,0.0,0.0,0.0
strategy,metis,base_r3,metis,base,ood,volume_1,0.0597,0.0585,0.061
strategy,metis,base_r3,metis,base,ood,volume_2,0.1155,0.1138,0.1172
strategy,metis,base_r3,metis,base,ood,volume_3,0.1826,0.1806,0.1846
strategy,metis,base_r3,metis,base,ood,volume_5,0.245,0.2424,0.2474
strategy,metis,base_r3,metis,base,ood,volume_full,0.2501,0.2474,0.2529
strategy,metis,base_r3,metis,base,connected_pairs,fanout,-0.4445,-0.4655,-0.423
strategy,metis,base_r3,metis,base,connected_pairs,single_shard_share,0.4445,0.423,0.4655
strategy,metis,base_r3,metis,base,connected_pairs,overlap_1,0.0429,0.0371,0.0489
strategy,metis,base_r3,metis,base,connected_pairs,overlap_2,0.0,0.0,0.0
strategy,metis,base_r3,metis,base,connected_pairs,overlap_3,0.0,0.0,0.0
strategy,metis,base_r3,metis,base,connected_pairs,overlap_5,0.0,0.0,0.0
strategy,metis,base_r3,metis,base,connected_pairs,overlap_full,0.0,0.0,0.0
strategy,metis,base_r3,metis,base,connected_pairs,volume_1,0.0746,0.0723,0.0769
strategy,metis,base_r3,metis,base,connected_pairs,volume_2,0.0488,0.0467,0.051
strategy,metis,base_r3,metis,base,connected_pairs,volume_3,0.0488,0.0467,0.051
strategy,metis,base_r3,metis,base,connected_pairs,volume_5,0.0488,0.0467,0.051
strategy,metis,base_r3,metis,base,connected_pairs,volume_full,0.0488,0.0467,0.051
strategy,metis,base_r3,metis,base,connected_triples,fanout,-1.1315,-1.1565,-1.1075
strategy,metis,base_r3,metis,base,connected_triples,single_shard_share,0.4965,0.4755,0.5185
strategy,metis,base_r3,metis,base,connected_triples,overlap_1,0.0867,0.079,0.0938
strategy,metis,base_r3,metis,base,connected_triples,overlap_2,0.0002,0.0,0.0006
strategy,metis,base_r3,metis,base,connected_triples,overlap_3,0.0,0.0,0.0
strategy,metis,base_r3,metis,base,connected_triples,overlap_5,0.0,0.0,0.0
strategy,metis,base_r3,metis,base,connected_triples,overlap_full,0.0,0.0,0.0
strategy,metis,base_r3,metis,base,connected_triples,volume_1,0.0926,0.0906,0.0946
strategy,metis,base_r3,metis,base,connected_triples,volume_2,0.1023,0.0981,0.1061
strategy,metis,base_r3,metis,base,connected_triples,volume_3,0.0639,0.0599,0.0675
strategy,metis,base_r3,metis,base,connected_triples,volume_5,0.0639,0.0599,0.0675
strategy,metis,base_r3,metis,base,connected_triples,volume_full,0.0639,0.0599,0.0675
strategy,metis,base_r3,metis,base,frequent_pairs,fanout,-0.3355,-0.3575,-0.3155
strategy,metis,base_r3,metis,base,frequent_pairs,single_shard_share,0.3355,0.3155,0.3575
strategy,metis,base_r3,metis,base,frequent_pairs,overlap_1,0.0003,0.0,0.0009
strategy,metis,base_r3,metis,base,frequent_pairs,overlap_2,0.0,0.0,0.0
strategy,metis,base_r3,metis,base,frequent_pairs,overlap_3,0.0,0.0,0.0
strategy,metis,base_r3,metis,base,frequent_pairs,overlap_5,0.0,0.0,0.0
strategy,metis,base_r3,metis,base,frequent_pairs,overlap_full,0.0,0.0,0.0
strategy,metis,base_r3,metis,base,frequent_pairs,volume_1,0.0948,0.0925,0.097
strategy,metis,base_r3,metis,base,frequent_pairs,volume_2,0.1196,0.1155,0.1234
strategy,metis,base_r3,metis,base,frequent_pairs,volume_3,0.1196,0.1155,0.1234
strategy,metis,base_r3,metis,base,frequent_pairs,volume_5,0.1196,0.1155,0.1234
strategy,metis,base_r3,metis,base,frequent_pairs,volume_full,0.1196,0.1155,0.1234
strategy,metis,base_r3,metis,base,frequent_triples,fanout,-0.5965,-0.6225,-0.5685
strategy,metis,base_r3,metis,base,frequent_triples,single_shard_share,0.104,0.0905,0.1165
strategy,metis,base_r3,metis,base,frequent_triples,overlap_1,0.0143,0.0113,0.0173
strategy,metis,base_r3,metis,base,frequent_triples,overlap_2,0.0,0.0,0.0
strategy,metis,base_r3,metis,base,frequent_triples,overlap_3,0.0,0.0,0.0
strategy,metis,base_r3,metis,base,frequent_triples,overlap_5,0.0,0.0,0.0
strategy,metis,base_r3,metis,base,frequent_triples,overlap_full,0.0,0.0,0.0
strategy,metis,base_r3,metis,base,frequent_triples,volume_1,0.0958,0.0935,0.0982
strategy,metis,base_r3,metis,base,frequent_triples,volume_2,0.1605,0.1569,0.1643
strategy,metis,base_r3,metis,base,frequent_triples,volume_3,0.159,0.1539,0.1638
strategy,metis,base_r3,metis,base,frequent_triples,volume_5,0.159,0.1539,0.1638
strategy,metis,base_r3,metis,base,frequent_triples,volume_full,0.159,0.1539,0.1638
strategy,metis,aff_r2,metis,aff,train,fanout,-0.2567,-0.2666,-0.2464
strategy,metis,aff_r2,metis,aff,train,single_shard_share,0.0173,0.0149,0.0201
strategy,metis,aff_r2,metis,aff,train,overlap_1,0.0619,0.0584,0.0654
strategy,metis,aff_r2,metis,aff,train,overlap_2,0.0102,0.0089,0.0114
strategy,metis,aff_r2,metis,aff,train,overlap_3,0.0012,0.0009,0.0016
strategy,metis,aff_r2,metis,aff,train,overlap_5,0.0,0.0,0.0
strategy,metis,aff_r2,metis,aff,train,overlap_full,0.0,0.0,0.0
strategy,metis,aff_r2,metis,aff,train,volume_1,0.047,0.0462,0.0477
strategy,metis,aff_r2,metis,aff,train,volume_2,0.0862,0.085,0.0872
strategy,metis,aff_r2,metis,aff,train,volume_3,0.1031,0.1015,0.1045
strategy,metis,aff_r2,metis,aff,train,volume_5,0.1024,0.1008,0.1041
strategy,metis,aff_r2,metis,aff,train,volume_full,0.1004,0.0988,0.1022
strategy,metis,aff_r2,metis,aff,holdout,fanout,-0.1653,-0.1756,-0.1555
strategy,metis,aff_r2,metis,aff,holdout,single_shard_share,0.008,0.0057,0.0104
strategy,metis,aff_r2,metis,aff,holdout,overlap_1,0.0453,0.0418,0.0492
strategy,metis,aff_r2,metis,aff,holdout,overlap_2,0.0079,0.0066,0.0094
strategy,metis,aff_r2,metis,aff,holdout,overlap_3,0.0008,0.0005,0.0013
strategy,metis,aff_r2,metis,aff,holdout,overlap_5,0.0001,0.0,0.0004
strategy,metis,aff_r2,metis,aff,holdout,overlap_full,0.0,0.0,0.0
strategy,metis,aff_r2,metis,aff,holdout,volume_1,0.0454,0.0446,0.0464
strategy,metis,aff_r2,metis,aff,holdout,volume_2,0.0849,0.0835,0.0862
strategy,metis,aff_r2,metis,aff,holdout,volume_3,0.1057,0.1039,0.1075
strategy,metis,aff_r2,metis,aff,holdout,volume_5,0.1092,0.1071,0.1114
strategy,metis,aff_r2,metis,aff,holdout,volume_full,0.1087,0.1066,0.1107
strategy,metis,aff_r2,metis,aff,ood,fanout,-0.2673,-0.2778,-0.2571
strategy,metis,aff_r2,metis,aff,ood,single_shard_share,0.0016,0.0009,0.0024
strategy,metis,aff_r2,metis,aff,ood,overlap_1,0.0854,0.081,0.0896
strategy,metis,aff_r2,metis,aff,ood,overlap_2,0.036,0.0336,0.0383
strategy,metis,aff_r2,metis,aff,ood,overlap_3,0.0087,0.0077,0.0098
strategy,metis,aff_r2,metis,aff,ood,overlap_5,0.0003,0.0002,0.0005
strategy,metis,aff_r2,metis,aff,ood,overlap_full,0.0,0.0,0.0
strategy,metis,aff_r2,metis,aff,ood,volume_1,0.0446,0.0439,0.0453
strategy,metis,aff_r2,metis,aff,ood,volume_2,0.0876,0.0866,0.0887
strategy,metis,aff_r2,metis,aff,ood,volume_3,0.1296,0.1282,0.131
strategy,metis,aff_r2,metis,aff,ood,volume_5,0.1616,0.1596,0.1636
strategy,metis,aff_r2,metis,aff,ood,volume_full,0.163,0.1608,0.1651
strategy,metis,aff_r2,metis,aff,connected_pairs,fanout,-0.4315,-0.4515,-0.41
strategy,metis,aff_r2,metis,aff,connected_pairs,single_shard_share,0.4315,0.41,0.4515
strategy,metis,aff_r2,metis,aff,connected_pairs,overlap_1,0.0419,0.036,0.0476
strategy,metis,aff_r2,metis,aff,connected_pairs,overlap_2,0.0,0.0,0.0
strategy,metis,aff_r2,metis,aff,connected_pairs,overlap_3,0.0,0.0,0.0
strategy,metis,aff_r2,metis,aff,connected_pairs,overlap_5,0.0,0.0,0.0
strategy,metis,aff_r2,metis,aff,connected_pairs,overlap_full,0.0,0.0,0.0
strategy,metis,aff_r2,metis,aff,connected_pairs,volume_1,0.0385,0.0368,0.0401
strategy,metis,aff_r2,metis,aff,connected_pairs,volume_2,0.0076,0.0056,0.0096
strategy,metis,aff_r2,metis,aff,connected_pairs,volume_3,0.0076,0.0056,0.0096
strategy,metis,aff_r2,metis,aff,connected_pairs,volume_5,0.0076,0.0056,0.0096
strategy,metis,aff_r2,metis,aff,connected_pairs,volume_full,0.0076,0.0056,0.0096
strategy,metis,aff_r2,metis,aff,connected_triples,fanout,-0.9145,-0.9405,-0.892
strategy,metis,aff_r2,metis,aff,connected_triples,single_shard_share,0.323,0.3015,0.3425
strategy,metis,aff_r2,metis,aff,connected_triples,overlap_1,0.0808,0.0733,0.0881
strategy,metis,aff_r2,metis,aff,connected_triples,overlap_2,0.0002,0.0,0.0006
strategy,metis,aff_r2,metis,aff,connected_triples,overlap_3,0.0,0.0,0.0
strategy,metis,aff_r2,metis,aff,connected_triples,overlap_5,0.0,0.0,0.0
strategy,metis,aff_r2,metis,aff,connected_triples,overlap_full,0.0,0.0,0.0
strategy,metis,aff_r2,metis,aff,connected_triples,volume_1,0.0473,0.0454,0.0492
strategy,metis,aff_r2,metis,aff,connected_triples,volume_2,0.0496,0.0464,0.0529
strategy,metis,aff_r2,metis,aff,connected_triples,volume_3,-0.0006,-0.0042,0.0028
strategy,metis,aff_r2,metis,aff,connected_triples,volume_5,-0.0006,-0.0042,0.0028
strategy,metis,aff_r2,metis,aff,connected_triples,volume_full,-0.0006,-0.0042,0.0028
strategy,metis,aff_r2,metis,aff,frequent_pairs,fanout,-0.195,-0.213,-0.179
strategy,metis,aff_r2,metis,aff,frequent_pairs,single_shard_share,0.195,0.179,0.213
strategy,metis,aff_r2,metis,aff,frequent_pairs,overlap_1,0.0003,0.0,0.0009
strategy,metis,aff_r2,metis,aff,frequent_pairs,overlap_2,0.0,0.0,0.0
strategy,metis,aff_r2,metis,aff,frequent_pairs,overlap_3,0.0,0.0,0.0
strategy,metis,aff_r2,metis,aff,frequent_pairs,overlap_5,0.0,0.0,0.0
strategy,metis,aff_r2,metis,aff,frequent_pairs,overlap_full,0.0,0.0,0.0
strategy,metis,aff_r2,metis,aff,frequent_pairs,volume_1,0.043,0.041,0.045
strategy,metis,aff_r2,metis,aff,frequent_pairs,volume_2,0.0424,0.0393,0.0455
strategy,metis,aff_r2,metis,aff,frequent_pairs,volume_3,0.0424,0.0393,0.0455
strategy,metis,aff_r2,metis,aff,frequent_pairs,volume_5,0.0424,0.0393,0.0455
strategy,metis,aff_r2,metis,aff,frequent_pairs,volume_full,0.0424,0.0393,0.0455
strategy,metis,aff_r2,metis,aff,frequent_triples,fanout,-0.339,-0.3605,-0.315
strategy,metis,aff_r2,metis,aff,frequent_triples,single_shard_share,0.0505,0.041,0.0595
strategy,metis,aff_r2,metis,aff,frequent_triples,overlap_1,0.0087,0.0064,0.0112
strategy,metis,aff_r2,metis,aff,frequent_triples,overlap_2,0.0,0.0,0.0
strategy,metis,aff_r2,metis,aff,frequent_triples,overlap_3,0.0,0.0,0.0
strategy,metis,aff_r2,metis,aff,frequent_triples,overlap_5,0.0,0.0,0.0
strategy,metis,aff_r2,metis,aff,frequent_triples,overlap_full,0.0,0.0,0.0
strategy,metis,aff_r2,metis,aff,frequent_triples,volume_1,0.045,0.0429,0.047
strategy,metis,aff_r2,metis,aff,frequent_triples,volume_2,0.0718,0.0689,0.0748
strategy,metis,aff_r2,metis,aff,frequent_triples,volume_3,0.0553,0.0515,0.0594
strategy,metis,aff_r2,metis,aff,frequent_triples,volume_5,0.0553,0.0515,0.0594
strategy,metis,aff_r2,metis,aff,frequent_triples,volume_full,0.0553,0.0515,0.0594
strategy,metis,aff_r3,metis,aff,train,fanout,-0.3838,-0.3953,-0.3712
strategy,metis,aff_r3,metis,aff,train,single_shard_share,0.0275,0.0243,0.0307
strategy,metis,aff_r3,metis,aff,train,overlap_1,0.0923,0.0882,0.0962
strategy,metis,aff_r3,metis,aff,train,overlap_2,0.015,0.0135,0.0165
strategy,metis,aff_r3,metis,aff,train,overlap_3,0.0017,0.0014,0.0021
strategy,metis,aff_r3,metis,aff,train,overlap_5,0.0,0.0,0.0
strategy,metis,aff_r3,metis,aff,train,overlap_full,0.0,0.0,0.0
strategy,metis,aff_r3,metis,aff,train,volume_1,0.0879,0.0868,0.089
strategy,metis,aff_r3,metis,aff,train,volume_2,0.1638,0.1622,0.1654
strategy,metis,aff_r3,metis,aff,train,volume_3,0.1971,0.1947,0.1993
strategy,metis,aff_r3,metis,aff,train,volume_5,0.1984,0.1958,0.201
strategy,metis,aff_r3,metis,aff,train,volume_full,0.196,0.1933,0.1987
strategy,metis,aff_r3,metis,aff,holdout,fanout,-0.279,-0.2928,-0.2653
strategy,metis,aff_r3,metis,aff,holdout,single_shard_share,0.0143,0.0113,0.0174
strategy,metis,aff_r3,metis,aff,holdout,overlap_1,0.0743,0.0697,0.0788
strategy,metis,aff_r3,metis,aff,holdout,overlap_2,0.0131,0.0115,0.0148
strategy,metis,aff_r3,metis,aff,holdout,overlap_3,0.0013,0.0008,0.0019
strategy,metis,aff_r3,metis,aff,holdout,overlap_5,0.0002,0.0,0.0006
strategy,metis,aff_r3,metis,aff,holdout,overlap_full,0.0,0.0,0.0
strategy,metis,aff_r3,metis,aff,holdout,volume_1,0.0857,0.0843,0.0869
strategy,metis,aff_r3,metis,aff,holdout,volume_2,0.1639,0.162,0.1658
strategy,metis,aff_r3,metis,aff,holdout,volume_3,0.2047,0.2019,0.2074
strategy,metis,aff_r3,metis,aff,holdout,volume_5,0.2127,0.2092,0.2161
strategy,metis,aff_r3,metis,aff,holdout,volume_full,0.2113,0.2079,0.2146
strategy,metis,aff_r3,metis,aff,ood,fanout,-0.4129,-0.425,-0.4008
strategy,metis,aff_r3,metis,aff,ood,single_shard_share,0.0027,0.0018,0.0037
strategy,metis,aff_r3,metis,aff,ood,overlap_1,0.1293,0.1245,0.134
strategy,metis,aff_r3,metis,aff,ood,overlap_2,0.054,0.0512,0.0567
strategy,metis,aff_r3,metis,aff,ood,overlap_3,0.0132,0.012,0.0144
strategy,metis,aff_r3,metis,aff,ood,overlap_5,0.0004,0.0002,0.0007
strategy,metis,aff_r3,metis,aff,ood,overlap_full,0.0,0.0,0.0
strategy,metis,aff_r3,metis,aff,ood,volume_1,0.0826,0.0815,0.0836
strategy,metis,aff_r3,metis,aff,ood,volume_2,0.163,0.1616,0.1644
strategy,metis,aff_r3,metis,aff,ood,volume_3,0.2399,0.238,0.2418
strategy,metis,aff_r3,metis,aff,ood,volume_5,0.2997,0.2968,0.3025
strategy,metis,aff_r3,metis,aff,ood,volume_full,0.302,0.299,0.305
strategy,metis,aff_r3,metis,aff,connected_pairs,fanout,-0.4445,-0.4655,-0.423
strategy,metis,aff_r3,metis,aff,connected_pairs,single_shard_share,0.4445,0.423,0.4655
strategy,metis,aff_r3,metis,aff,connected_pairs,overlap_1,0.0425,0.0367,0.0484
strategy,metis,aff_r3,metis,aff,connected_pairs,overlap_2,0.0,0.0,0.0
strategy,metis,aff_r3,metis,aff,connected_pairs,overlap_3,0.0,0.0,0.0
strategy,metis,aff_r3,metis,aff,connected_pairs,overlap_5,0.0,0.0,0.0
strategy,metis,aff_r3,metis,aff,connected_pairs,overlap_full,0.0,0.0,0.0
strategy,metis,aff_r3,metis,aff,connected_pairs,volume_1,0.0728,0.0706,0.0753
strategy,metis,aff_r3,metis,aff,connected_pairs,volume_2,0.0404,0.038,0.0427
strategy,metis,aff_r3,metis,aff,connected_pairs,volume_3,0.0404,0.038,0.0427
strategy,metis,aff_r3,metis,aff,connected_pairs,volume_5,0.0404,0.038,0.0427
strategy,metis,aff_r3,metis,aff,connected_pairs,volume_full,0.0404,0.038,0.0427
strategy,metis,aff_r3,metis,aff,connected_triples,fanout,-1.1315,-1.1565,-1.1075
strategy,metis,aff_r3,metis,aff,connected_triples,single_shard_share,0.4965,0.4755,0.5185
strategy,metis,aff_r3,metis,aff,connected_triples,overlap_1,0.0848,0.0774,0.092
strategy,metis,aff_r3,metis,aff,connected_triples,overlap_2,0.0002,0.0,0.0006
strategy,metis,aff_r3,metis,aff,connected_triples,overlap_3,0.0,0.0,0.0
strategy,metis,aff_r3,metis,aff,connected_triples,overlap_5,0.0,0.0,0.0
strategy,metis,aff_r3,metis,aff,connected_triples,overlap_full,0.0,0.0,0.0
strategy,metis,aff_r3,metis,aff,connected_triples,volume_1,0.0906,0.0884,0.0929
strategy,metis,aff_r3,metis,aff,connected_triples,volume_2,0.0916,0.0869,0.0957
strategy,metis,aff_r3,metis,aff,connected_triples,volume_3,0.0365,0.0321,0.0405
strategy,metis,aff_r3,metis,aff,connected_triples,volume_5,0.0365,0.0321,0.0405
strategy,metis,aff_r3,metis,aff,connected_triples,volume_full,0.0365,0.0321,0.0405
strategy,metis,aff_r3,metis,aff,frequent_pairs,fanout,-0.3355,-0.3575,-0.3155
strategy,metis,aff_r3,metis,aff,frequent_pairs,single_shard_share,0.3355,0.3155,0.3575
strategy,metis,aff_r3,metis,aff,frequent_pairs,overlap_1,0.0003,0.0,0.0009
strategy,metis,aff_r3,metis,aff,frequent_pairs,overlap_2,0.0,0.0,0.0
strategy,metis,aff_r3,metis,aff,frequent_pairs,overlap_3,0.0,0.0,0.0
strategy,metis,aff_r3,metis,aff,frequent_pairs,overlap_5,0.0,0.0,0.0
strategy,metis,aff_r3,metis,aff,frequent_pairs,overlap_full,0.0,0.0,0.0
strategy,metis,aff_r3,metis,aff,frequent_pairs,volume_1,0.0914,0.0888,0.0938
strategy,metis,aff_r3,metis,aff,frequent_pairs,volume_2,0.098,0.0935,0.1023
strategy,metis,aff_r3,metis,aff,frequent_pairs,volume_3,0.098,0.0935,0.1023
strategy,metis,aff_r3,metis,aff,frequent_pairs,volume_5,0.098,0.0935,0.1023
strategy,metis,aff_r3,metis,aff,frequent_pairs,volume_full,0.098,0.0935,0.1023
strategy,metis,aff_r3,metis,aff,frequent_triples,fanout,-0.5965,-0.6225,-0.5685
strategy,metis,aff_r3,metis,aff,frequent_triples,single_shard_share,0.104,0.0905,0.1165
strategy,metis,aff_r3,metis,aff,frequent_triples,overlap_1,0.014,0.011,0.0169
strategy,metis,aff_r3,metis,aff,frequent_triples,overlap_2,0.0,0.0,0.0
strategy,metis,aff_r3,metis,aff,frequent_triples,overlap_3,0.0,0.0,0.0
strategy,metis,aff_r3,metis,aff,frequent_triples,overlap_5,0.0,0.0,0.0
strategy,metis,aff_r3,metis,aff,frequent_triples,overlap_full,0.0,0.0,0.0
strategy,metis,aff_r3,metis,aff,frequent_triples,volume_1,0.0936,0.0909,0.0961
strategy,metis,aff_r3,metis,aff,frequent_triples,volume_2,0.1486,0.1445,0.1527
strategy,metis,aff_r3,metis,aff,frequent_triples,volume_3,0.124,0.1186,0.1293
strategy,metis,aff_r3,metis,aff,frequent_triples,volume_5,0.124,0.1186,0.1293
strategy,metis,aff_r3,metis,aff,frequent_triples,volume_full,0.124,0.1186,0.1293
strategy,metis,bal,metis,aff,train,fanout,-0.034,-0.0377,-0.0301
strategy,metis,bal,metis,aff,train,single_shard_share,0.0022,0.0014,0.0032
strategy,metis,bal,metis,aff,train,overlap_1,0.03,0.0281,0.032
strategy,metis,bal,metis,aff,train,overlap_2,0.0056,0.0049,0.0063
strategy,metis,bal,metis,aff,train,overlap_3,0.0008,0.0005,0.001
strategy,metis,bal,metis,aff,train,overlap_5,0.0,0.0,0.0
strategy,metis,bal,metis,aff,train,overlap_full,0.0,0.0,0.0
strategy,metis,bal,metis,aff,train,volume_1,0.0813,0.0806,0.082
strategy,metis,bal,metis,aff,train,volume_2,0.1467,0.1457,0.1478
strategy,metis,bal,metis,aff,train,volume_3,0.1838,0.1823,0.1853
strategy,metis,bal,metis,aff,train,volume_5,0.2019,0.1999,0.2038
strategy,metis,bal,metis,aff,train,volume_full,0.2027,0.2006,0.2047
strategy,metis,bal,metis,aff,holdout,fanout,-0.0286,-0.0329,-0.0243
strategy,metis,bal,metis,aff,holdout,single_shard_share,0.002,0.001,0.0031
strategy,metis,bal,metis,aff,holdout,overlap_1,0.0303,0.0279,0.0327
strategy,metis,bal,metis,aff,holdout,overlap_2,0.006,0.0052,0.0069
strategy,metis,bal,metis,aff,holdout,overlap_3,0.0006,0.0003,0.0009
strategy,metis,bal,metis,aff,holdout,overlap_5,0.0001,0.0,0.0001
strategy,metis,bal,metis,aff,holdout,overlap_full,0.0,0.0,0.0
strategy,metis,bal,metis,aff,holdout,volume_1,0.0812,0.0803,0.082
strategy,metis,bal,metis,aff,holdout,volume_2,0.147,0.1456,0.1484
strategy,metis,bal,metis,aff,holdout,volume_3,0.1841,0.1822,0.1861
strategy,metis,bal,metis,aff,holdout,volume_5,0.2022,0.1998,0.2046
strategy,metis,bal,metis,aff,holdout,volume_full,0.2033,0.2007,0.2059
strategy,metis,bal,metis,aff,ood,fanout,-0.0413,-0.0455,-0.0372
strategy,metis,bal,metis,aff,ood,single_shard_share,0.0004,0.0001,0.0008
strategy,metis,bal,metis,aff,ood,overlap_1,0.0495,0.0473,0.0518
strategy,metis,bal,metis,aff,ood,overlap_2,0.0273,0.0258,0.0288
strategy,metis,bal,metis,aff,ood,overlap_3,0.0078,0.0071,0.0085
strategy,metis,bal,metis,aff,ood,overlap_5,0.0002,0.0001,0.0004
strategy,metis,bal,metis,aff,ood,overlap_full,0.0,0.0,0.0
strategy,metis,bal,metis,aff,ood,volume_1,0.0828,0.0821,0.0835
strategy,metis,bal,metis,aff,ood,volume_2,0.1589,0.1579,0.1599
strategy,metis,bal,metis,aff,ood,volume_3,0.2233,0.222,0.2246
strategy,metis,bal,metis,aff,ood,volume_5,0.2882,0.2864,0.2902
strategy,metis,bal,metis,aff,ood,volume_full,0.2967,0.2947,0.2988
strategy,metis,bal,metis,aff,connected_pairs,fanout,-0.01,-0.015,-0.006
strategy,metis,bal,metis,aff,connected_pairs,single_shard_share,0.01,0.006,0.015
strategy,metis,bal,metis,aff,connected_pairs,overlap_1,0.0043,0.0031,0.0057
strategy,metis,bal,metis,aff,connected_pairs,overlap_2,0.0,0.0,0.0
strategy,metis,bal,metis,aff,connected_pairs,overlap_3,0.0,0.0,0.0
strategy,metis,bal,metis,aff,connected_pairs,overlap_5,0.0,0.0,0.0
strategy,metis,bal,metis,aff,connected_pairs,overlap_full,0.0,0.0,0.0
strategy,metis,bal,metis,aff,connected_pairs,volume_1,0.0883,0.0865,0.0898
strategy,metis,bal,metis,aff,connected_pairs,volume_2,0.1208,0.1184,0.123
strategy,metis,bal,metis,aff,connected_pairs,volume_3,0.1208,0.1184,0.123
strategy,metis,bal,metis,aff,connected_pairs,volume_5,0.1208,0.1184,0.123
strategy,metis,bal,metis,aff,connected_pairs,volume_full,0.1208,0.1184,0.123
strategy,metis,bal,metis,aff,connected_triples,fanout,-0.0235,-0.0305,-0.017
strategy,metis,bal,metis,aff,connected_triples,single_shard_share,0.0015,0.0,0.0035
strategy,metis,bal,metis,aff,connected_triples,overlap_1,0.0091,0.0072,0.011
strategy,metis,bal,metis,aff,connected_triples,overlap_2,0.0,0.0,0.0
strategy,metis,bal,metis,aff,connected_triples,overlap_3,0.0,0.0,0.0
strategy,metis,bal,metis,aff,connected_triples,overlap_5,0.0,0.0,0.0
strategy,metis,bal,metis,aff,connected_triples,overlap_full,0.0,0.0,0.0
strategy,metis,bal,metis,aff,connected_triples,volume_1,0.0795,0.0778,0.0811
strategy,metis,bal,metis,aff,connected_triples,volume_2,0.152,0.1497,0.1543
strategy,metis,bal,metis,aff,connected_triples,volume_3,0.1887,0.1854,0.192
strategy,metis,bal,metis,aff,connected_triples,volume_5,0.1887,0.1854,0.192
strategy,metis,bal,metis,aff,connected_triples,volume_full,0.1887,0.1854,0.192
strategy,metis,bal,metis,aff,frequent_pairs,fanout,-0.011,-0.0155,-0.0065
strategy,metis,bal,metis,aff,frequent_pairs,single_shard_share,0.011,0.0065,0.0155
strategy,metis,bal,metis,aff,frequent_pairs,overlap_1,0.0,0.0,0.0
strategy,metis,bal,metis,aff,frequent_pairs,overlap_2,0.0,0.0,0.0
strategy,metis,bal,metis,aff,frequent_pairs,overlap_3,0.0,0.0,0.0
strategy,metis,bal,metis,aff,frequent_pairs,overlap_5,0.0,0.0,0.0
strategy,metis,bal,metis,aff,frequent_pairs,overlap_full,0.0,0.0,0.0
strategy,metis,bal,metis,aff,frequent_pairs,volume_1,0.073,0.0714,0.0745
strategy,metis,bal,metis,aff,frequent_pairs,volume_2,0.1244,0.1219,0.1271
strategy,metis,bal,metis,aff,frequent_pairs,volume_3,0.1244,0.1219,0.1271
strategy,metis,bal,metis,aff,frequent_pairs,volume_5,0.1244,0.1219,0.1271
strategy,metis,bal,metis,aff,frequent_pairs,volume_full,0.1244,0.1219,0.1271
strategy,metis,bal,metis,aff,frequent_triples,fanout,-0.0415,-0.0505,-0.0335
strategy,metis,bal,metis,aff,frequent_triples,single_shard_share,0.0015,0.0,0.0035
strategy,metis,bal,metis,aff,frequent_triples,overlap_1,0.0027,0.0018,0.0037
strategy,metis,bal,metis,aff,frequent_triples,overlap_2,0.0,0.0,0.0
strategy,metis,bal,metis,aff,frequent_triples,overlap_3,0.0,0.0,0.0
strategy,metis,bal,metis,aff,frequent_triples,overlap_5,0.0,0.0,0.0
strategy,metis,bal,metis,aff,frequent_triples,overlap_full,0.0,0.0,0.0
strategy,metis,bal,metis,aff,frequent_triples,volume_1,0.0747,0.0731,0.0761
strategy,metis,bal,metis,aff,frequent_triples,volume_2,0.1376,0.135,0.1398
strategy,metis,bal,metis,aff,frequent_triples,volume_3,0.1733,0.1699,0.1766
strategy,metis,bal,metis,aff,frequent_triples,volume_5,0.1733,0.1699,0.1766
strategy,metis,bal,metis,aff,frequent_triples,volume_full,0.1733,0.1699,0.1766
method,cpm,hash_base,leiden,hash_base,train,fanout,0.0071,0.0053,0.0091
method,cpm,hash_base,leiden,hash_base,train,single_shard_share,-0.0002,-0.0006,0.0001
method,cpm,hash_base,leiden,hash_base,train,overlap_1,-0.0115,-0.0128,-0.0104
method,cpm,hash_base,leiden,hash_base,train,overlap_2,-0.0035,-0.0041,-0.003
method,cpm,hash_base,leiden,hash_base,train,overlap_3,-0.0007,-0.0009,-0.0004
method,cpm,hash_base,leiden,hash_base,train,overlap_5,0.0,0.0,0.0
method,cpm,hash_base,leiden,hash_base,train,overlap_full,0.0,0.0,0.0
method,cpm,hash_base,leiden,hash_base,train,volume_1,-0.0322,-0.0326,-0.0318
method,cpm,hash_base,leiden,hash_base,train,volume_2,-0.062,-0.0625,-0.0614
method,cpm,hash_base,leiden,hash_base,train,volume_3,-0.0833,-0.084,-0.0825
method,cpm,hash_base,leiden,hash_base,train,volume_5,-0.0987,-0.0996,-0.0977
method,cpm,hash_base,leiden,hash_base,train,volume_full,-0.1009,-0.1018,-0.0998
method,cpm,hash_base,leiden,hash_base,holdout,fanout,0.0067,0.0046,0.0089
method,cpm,hash_base,leiden,hash_base,holdout,single_shard_share,-0.0002,-0.0005,0.0
method,cpm,hash_base,leiden,hash_base,holdout,overlap_1,-0.0108,-0.0121,-0.0094
method,cpm,hash_base,leiden,hash_base,holdout,overlap_2,-0.0032,-0.0038,-0.0025
method,cpm,hash_base,leiden,hash_base,holdout,overlap_3,-0.0004,-0.0007,-0.0002
method,cpm,hash_base,leiden,hash_base,holdout,overlap_5,-0.0,-0.0001,0.0
method,cpm,hash_base,leiden,hash_base,holdout,overlap_full,0.0,0.0,0.0
method,cpm,hash_base,leiden,hash_base,holdout,volume_1,-0.0319,-0.0324,-0.0314
method,cpm,hash_base,leiden,hash_base,holdout,volume_2,-0.0618,-0.0625,-0.0611
method,cpm,hash_base,leiden,hash_base,holdout,volume_3,-0.0826,-0.0835,-0.0816
method,cpm,hash_base,leiden,hash_base,holdout,volume_5,-0.0974,-0.0985,-0.0961
method,cpm,hash_base,leiden,hash_base,holdout,volume_full,-0.0995,-0.1007,-0.0982
method,cpm,hash_base,leiden,hash_base,ood,fanout,0.0122,0.0095,0.0149
method,cpm,hash_base,leiden,hash_base,ood,single_shard_share,0.0,0.0,0.0
method,cpm,hash_base,leiden,hash_base,ood,overlap_1,-0.0192,-0.0209,-0.0176
method,cpm,hash_base,leiden,hash_base,ood,overlap_2,-0.0123,-0.0134,-0.0112
method,cpm,hash_base,leiden,hash_base,ood,overlap_3,-0.004,-0.0046,-0.0034
method,cpm,hash_base,leiden,hash_base,ood,overlap_5,-0.0002,-0.0004,-0.0001
method,cpm,hash_base,leiden,hash_base,ood,overlap_full,0.0,0.0,0.0
method,cpm,hash_base,leiden,hash_base,ood,volume_1,-0.0328,-0.0332,-0.0324
method,cpm,hash_base,leiden,hash_base,ood,volume_2,-0.0657,-0.0663,-0.0652
method,cpm,hash_base,leiden,hash_base,ood,volume_3,-0.0988,-0.0995,-0.0982
method,cpm,hash_base,leiden,hash_base,ood,volume_5,-0.1441,-0.1452,-0.1431
method,cpm,hash_base,leiden,hash_base,ood,volume_full,-0.1531,-0.1544,-0.152
method,cpm,hash_base,leiden,hash_base,connected_pairs,fanout,0.0,-0.0015,0.0015
method,cpm,hash_base,leiden,hash_base,connected_pairs,single_shard_share,0.0,-0.0015,0.0015
method,cpm,hash_base,leiden,hash_base,connected_pairs,overlap_1,-0.0037,-0.0047,-0.0026
method,cpm,hash_base,leiden,hash_base,connected_pairs,overlap_2,0.0,0.0,0.0
method,cpm,hash_base,leiden,hash_base,connected_pairs,overlap_3,0.0,0.0,0.0
method,cpm,hash_base,leiden,hash_base,connected_pairs,overlap_5,0.0,0.0,0.0
method,cpm,hash_base,leiden,hash_base,connected_pairs,overlap_full,0.0,0.0,0.0
method,cpm,hash_base,leiden,hash_base,connected_pairs,volume_1,-0.0321,-0.0331,-0.0312
method,cpm,hash_base,leiden,hash_base,connected_pairs,volume_2,-0.0643,-0.0656,-0.0631
method,cpm,hash_base,leiden,hash_base,connected_pairs,volume_3,-0.0643,-0.0656,-0.0631
method,cpm,hash_base,leiden,hash_base,connected_pairs,volume_5,-0.0643,-0.0656,-0.0631
method,cpm,hash_base,leiden,hash_base,connected_pairs,volume_full,-0.0643,-0.0656,-0.0631
method,cpm,hash_base,leiden,hash_base,connected_triples,fanout,0.003,0.0,0.0065
method,cpm,hash_base,leiden,hash_base,connected_triples,single_shard_share,0.0,0.0,0.0
method,cpm,hash_base,leiden,hash_base,connected_triples,overlap_1,-0.0048,-0.0064,-0.0033
method,cpm,hash_base,leiden,hash_base,connected_triples,overlap_2,-0.0002,-0.0004,0.0
method,cpm,hash_base,leiden,hash_base,connected_triples,overlap_3,0.0,0.0,0.0
method,cpm,hash_base,leiden,hash_base,connected_triples,overlap_5,0.0,0.0,0.0
method,cpm,hash_base,leiden,hash_base,connected_triples,overlap_full,0.0,0.0,0.0
method,cpm,hash_base,leiden,hash_base,connected_triples,volume_1,-0.0321,-0.033,-0.0312
method,cpm,hash_base,leiden,hash_base,connected_triples,volume_2,-0.0645,-0.0659,-0.0633
method,cpm,hash_base,leiden,hash_base,connected_triples,volume_3,-0.0952,-0.0969,-0.0936
method,cpm,hash_base,leiden,hash_base,connected_triples,volume_5,-0.0952,-0.0969,-0.0936
method,cpm,hash_base,leiden,hash_base,connected_triples,volume_full,-0.0952,-0.0969,-0.0936
method,cpm,hash_base,leiden,hash_base,frequent_pairs,fanout,0.0005,-0.001,0.002
method,cpm,hash_base,leiden,hash_base,frequent_pairs,single_shard_share,-0.0005,-0.002,0.001
method,cpm,hash_base,leiden,hash_base,frequent_pairs,overlap_1,-0.0001,-0.0002,0.0
method,cpm,hash_base,leiden,hash_base,frequent_pairs,overlap_2,0.0,0.0,0.0
method,cpm,hash_base,leiden,hash_base,frequent_pairs,overlap_3,0.0,0.0,0.0
method,cpm,hash_base,leiden,hash_base,frequent_pairs,overlap_5,0.0,0.0,0.0
method,cpm,hash_base,leiden,hash_base,frequent_pairs,overlap_full,0.0,0.0,0.0
method,cpm,hash_base,leiden,hash_base,frequent_pairs,volume_1,-0.0318,-0.0327,-0.0308
method,cpm,hash_base,leiden,hash_base,frequent_pairs,volume_2,-0.0621,-0.0633,-0.0608
method,cpm,hash_base,leiden,hash_base,frequent_pairs,volume_3,-0.0621,-0.0633,-0.0608
method,cpm,hash_base,leiden,hash_base,frequent_pairs,volume_5,-0.0621,-0.0633,-0.0608
method,cpm,hash_base,leiden,hash_base,frequent_pairs,volume_full,-0.0621,-0.0633,-0.0608
method,cpm,hash_base,leiden,hash_base,frequent_triples,fanout,0.008,0.004,0.0125
method,cpm,hash_base,leiden,hash_base,frequent_triples,single_shard_share,0.0,0.0,0.0
method,cpm,hash_base,leiden,hash_base,frequent_triples,overlap_1,-0.0018,-0.0027,-0.0009
method,cpm,hash_base,leiden,hash_base,frequent_triples,overlap_2,0.0,0.0,0.0
method,cpm,hash_base,leiden,hash_base,frequent_triples,overlap_3,0.0,0.0,0.0
method,cpm,hash_base,leiden,hash_base,frequent_triples,overlap_5,0.0,0.0,0.0
method,cpm,hash_base,leiden,hash_base,frequent_triples,overlap_full,0.0,0.0,0.0
method,cpm,hash_base,leiden,hash_base,frequent_triples,volume_1,-0.0324,-0.0334,-0.0314
method,cpm,hash_base,leiden,hash_base,frequent_triples,volume_2,-0.062,-0.0633,-0.0607
method,cpm,hash_base,leiden,hash_base,frequent_triples,volume_3,-0.0927,-0.0945,-0.0912
method,cpm,hash_base,leiden,hash_base,frequent_triples,volume_5,-0.0927,-0.0945,-0.0912
method,cpm,hash_base,leiden,hash_base,frequent_triples,volume_full,-0.0927,-0.0945,-0.0912
method,cpm,base,leiden,base,train,fanout,0.4836,0.468,0.4984
method,cpm,base,leiden,base,train,single_shard_share,-0.0817,-0.0872,-0.0763
method,cpm,base,leiden,base,train,overlap_1,-0.1111,-0.1152,-0.1064
method,cpm,base,leiden,base,train,overlap_2,-0.0199,-0.0216,-0.0181
method,cpm,base,leiden,base,train,overlap_3,-0.0025,-0.0031,-0.0019
method,cpm,base,leiden,base,train,overlap_5,-0.0,-0.0001,0.0
method,cpm,base,leiden,base,train,overlap_full,0.0,0.0,0.0
method,cpm,base,leiden,base,train,volume_1,-0.3565,-0.3621,-0.3507
method,cpm,base,leiden,base,train,volume_2,-0.6513,-0.6598,-0.6434
method,cpm,base,leiden,base,train,volume_3,-0.7877,-0.7978,-0.7778
method,cpm,base,leiden,base,train,volume_5,-0.8377,-0.8492,-0.827
method,cpm,base,leiden,base,train,volume_full,-0.8402,-0.8519,-0.8294
method,cpm,base,leiden,base,holdout,fanout,0.4564,0.4384,0.4751
method,cpm,base,leiden,base,holdout,single_shard_share,-0.066,-0.0724,-0.06
method,cpm,base,leiden,base,holdout,overlap_1,-0.1168,-0.1225,-0.1107
method,cpm,base,leiden,base,holdout,overlap_2,-0.0238,-0.0264,-0.0215
method,cpm,base,leiden,base,holdout,overlap_3,-0.0032,-0.0041,-0.0024
method,cpm,base,leiden,base,holdout,overlap_5,-0.0002,-0.0004,-0.0
method,cpm,base,leiden,base,holdout,overlap_full,0.0,0.0,0.0
method,cpm,base,leiden,base,holdout,volume_1,-0.3353,-0.3424,-0.328
method,cpm,base,leiden,base,holdout,volume_2,-0.6375,-0.6479,-0.627
method,cpm,base,leiden,base,holdout,volume_3,-0.7959,-0.8092,-0.7834
method,cpm,base,leiden,base,holdout,volume_5,-0.8576,-0.8728,-0.8436
method,cpm,base,leiden,base,holdout,volume_full,-0.8613,-0.8764,-0.8473
method,cpm,base,leiden,base,ood,fanout,0.538,0.5228,0.5531
method,cpm,base,leiden,base,ood,single_shard_share,-0.009,-0.0108,-0.007
method,cpm,base,leiden,base,ood,overlap_1,-0.1845,-0.1901,-0.1792
method,cpm,base,leiden,base,ood,overlap_2,-0.0915,-0.0951,-0.0878
method,cpm,base,leiden,base,ood,overlap_3,-0.0245,-0.0263,-0.0228
method,cpm,base,leiden,base,ood,overlap_5,-0.001,-0.0013,-0.0007
method,cpm,base,leiden,base,ood,overlap_full,0.0,0.0,0.0
method,cpm,base,leiden,base,ood,volume_1,-0.3165,-0.3214,-0.311
method,cpm,base,leiden,base,ood,volume_2,-0.6084,-0.6152,-0.6011
method,cpm,base,leiden,base,ood,volume_3,-0.9306,-0.939,-0.9215
method,cpm,base,leiden,base,ood,volume_5,-1.2551,-1.2649,-1.2437
method,cpm,base,leiden,base,ood,volume_full,-1.2874,-1.2987,-1.2755
method,cpm,base,leiden,base,connected_pairs,fanout,0.004,-0.002,0.0095
method,cpm,base,leiden,base,connected_pairs,single_shard_share,-0.004,-0.0095,0.002
method,cpm,base,leiden,base,connected_pairs,overlap_1,-0.0008,-0.0018,-0.0002
method,cpm,base,leiden,base,connected_pairs,overlap_2,0.0,0.0,0.0
method,cpm,base,leiden,base,connected_pairs,overlap_3,0.0,0.0,0.0
method,cpm,base,leiden,base,connected_pairs,overlap_5,0.0,0.0,0.0
method,cpm,base,leiden,base,connected_pairs,overlap_full,0.0,0.0,0.0
method,cpm,base,leiden,base,connected_pairs,volume_1,-0.4232,-0.4347,-0.4121
method,cpm,base,leiden,base,connected_pairs,volume_2,-0.4276,-0.4397,-0.4169
method,cpm,base,leiden,base,connected_pairs,volume_3,-0.4276,-0.4397,-0.4169
method,cpm,base,leiden,base,connected_pairs,volume_5,-0.4276,-0.4397,-0.4169
method,cpm,base,leiden,base,connected_pairs,volume_full,-0.4276,-0.4397,-0.4169
method,cpm,base,leiden,base,connected_triples,fanout,0.3925,0.361,0.426
method,cpm,base,leiden,base,connected_triples,single_shard_share,-0.322,-0.348,-0.2955
method,cpm,base,leiden,base,connected_triples,overlap_1,-0.009,-0.0119,-0.006
method,cpm,base,leiden,base,connected_triples,overlap_2,0.0,0.0,0.0
method,cpm,base,leiden,base,connected_triples,overlap_3,0.0,0.0,0.0
method,cpm,base,leiden,base,connected_triples,overlap_5,0.0,0.0,0.0
method,cpm,base,leiden,base,connected_triples,overlap_full,0.0,0.0,0.0
method,cpm,base,leiden,base,connected_triples,volume_1,-0.5438,-0.5511,-0.5363
method,cpm,base,leiden,base,connected_triples,volume_2,-0.6615,-0.6747,-0.6481
method,cpm,base,leiden,base,connected_triples,volume_3,-0.6738,-0.6886,-0.6593
method,cpm,base,leiden,base,connected_triples,volume_5,-0.6738,-0.6886,-0.6593
method,cpm,base,leiden,base,connected_triples,volume_full,-0.6738,-0.6886,-0.6593
method,cpm,base,leiden,base,frequent_pairs,fanout,0.4125,0.389,0.4365
method,cpm,base,leiden,base,frequent_pairs,single_shard_share,-0.4125,-0.4365,-0.389
method,cpm,base,leiden,base,frequent_pairs,overlap_1,0.0002,0.0,0.0004
method,cpm,base,leiden,base,frequent_pairs,overlap_2,0.0,0.0,0.0
method,cpm,base,leiden,base,frequent_pairs,overlap_3,0.0,0.0,0.0
method,cpm,base,leiden,base,frequent_pairs,overlap_5,0.0,0.0,0.0
method,cpm,base,leiden,base,frequent_pairs,overlap_full,0.0,0.0,0.0
method,cpm,base,leiden,base,frequent_pairs,volume_1,-0.5628,-0.5692,-0.5567
method,cpm,base,leiden,base,frequent_pairs,volume_2,-0.7074,-0.7202,-0.6937
method,cpm,base,leiden,base,frequent_pairs,volume_3,-0.7074,-0.7202,-0.6937
method,cpm,base,leiden,base,frequent_pairs,volume_5,-0.7074,-0.7202,-0.6937
method,cpm,base,leiden,base,frequent_pairs,volume_full,-0.7074,-0.7202,-0.6937
method,cpm,base,leiden,base,frequent_triples,fanout,0.889,0.8525,0.924
method,cpm,base,leiden,base,frequent_triples,single_shard_share,-0.4105,-0.4335,-0.387
method,cpm,base,leiden,base,frequent_triples,overlap_1,-0.0176,-0.0211,-0.0142
method,cpm,base,leiden,base,frequent_triples,overlap_2,0.0,0.0,0.0
method,cpm,base,leiden,base,frequent_triples,overlap_3,0.0,0.0,0.0
method,cpm,base,leiden,base,frequent_triples,overlap_5,0.0,0.0,0.0
method,cpm,base,leiden,base,frequent_triples,overlap_full,0.0,0.0,0.0
method,cpm,base,leiden,base,frequent_triples,volume_1,-0.56,-0.566,-0.5536
method,cpm,base,leiden,base,frequent_triples,volume_2,-0.7953,-0.8092,-0.7811
method,cpm,base,leiden,base,frequent_triples,volume_3,-0.8303,-0.8487,-0.813
method,cpm,base,leiden,base,frequent_triples,volume_5,-0.8303,-0.8487,-0.813
method,cpm,base,leiden,base,frequent_triples,volume_full,-0.8303,-0.8487,-0.813
method,cpm,base_r2,leiden,base_r2,train,fanout,0.5813,0.5647,0.5961
method,cpm,base_r2,leiden,base_r2,train,single_shard_share,-0.132,-0.1385,-0.1251
method,cpm,base_r2,leiden,base_r2,train,overlap_1,-0.1043,-0.1084,-0.0998
method,cpm,base_r2,leiden,base_r2,train,overlap_2,-0.0174,-0.0191,-0.0158
method,cpm,base_r2,leiden,base_r2,train,overlap_3,-0.0019,-0.0024,-0.0015
method,cpm,base_r2,leiden,base_r2,train,overlap_5,-0.0,-0.0,0.0
method,cpm,base_r2,leiden,base_r2,train,overlap_full,0.0,0.0,0.0
method,cpm,base_r2,leiden,base_r2,train,volume_1,-0.4836,-0.4909,-0.4764
method,cpm,base_r2,leiden,base_r2,train,volume_2,-0.7658,-0.7756,-0.7562
method,cpm,base_r2,leiden,base_r2,train,volume_3,-0.8427,-0.8544,-0.8318
method,cpm,base_r2,leiden,base_r2,train,volume_5,-0.8507,-0.8623,-0.8396
method,cpm,base_r2,leiden,base_r2,train,volume_full,-0.8498,-0.8613,-0.8387
method,cpm,base_r2,leiden,base_r2,holdout,fanout,0.5941,0.5741,0.6142
method,cpm,base_r2,leiden,base_r2,holdout,single_shard_share,-0.1098,-0.1182,-0.1018
method,cpm,base_r2,leiden,base_r2,holdout,overlap_1,-0.118,-0.1239,-0.1119
method,cpm,base_r2,leiden,base_r2,holdout,overlap_2,-0.0228,-0.0253,-0.0206
method,cpm,base_r2,leiden,base_r2,holdout,overlap_3,-0.0029,-0.0037,-0.0021
method,cpm,base_r2,leiden,base_r2,holdout,overlap_5,-0.0001,-0.0004,0.0
method,cpm,base_r2,leiden,base_r2,holdout,overlap_full,0.0,0.0,0.0
method,cpm,base_r2,leiden,base_r2,holdout,volume_1,-0.4554,-0.4647,-0.4461
method,cpm,base_r2,leiden,base_r2,holdout,volume_2,-0.7545,-0.7664,-0.7423
method,cpm,base_r2,leiden,base_r2,holdout,volume_3,-0.8617,-0.8767,-0.8484
method,cpm,base_r2,leiden,base_r2,holdout,volume_5,-0.8738,-0.8884,-0.8602
method,cpm,base_r2,leiden,base_r2,holdout,volume_full,-0.873,-0.8878,-0.8594
method,cpm,base_r2,leiden,base_r2,ood,fanout,0.8755,0.8575,0.8931
method,cpm,base_r2,leiden,base_r2,ood,single_shard_share,-0.028,-0.0311,-0.0249
method,cpm,base_r2,leiden,base_r2,ood,overlap_1,-0.2379,-0.2438,-0.2318
method,cpm,base_r2,leiden,base_r2,ood,overlap_2,-0.097,-0.1007,-0.0933
method,cpm,base_r2,leiden,base_r2,ood,overlap_3,-0.0237,-0.0255,-0.022
method,cpm,base_r2,leiden,base_r2,ood,overlap_5,-0.0008,-0.0011,-0.0006
method,cpm,base_r2,leiden,base_r2,ood,overlap_full,0.0,0.0,0.0
method,cpm,base_r2,leiden,base_r2,ood,volume_1,-0.51,-0.5165,-0.5034
method,cpm,base_r2,leiden,base_r2,ood,volume_2,-0.8551,-0.8635,-0.8456
method,cpm,base_r2,leiden,base_r2,ood,volume_3,-1.1918,-1.2031,-1.1804
method,cpm,base_r2,leiden,base_r2,ood,volume_5,-1.3957,-1.4084,-1.384
method,cpm,base_r2,leiden,base_r2,ood,volume_full,-1.3994,-1.4121,-1.3876
method,cpm,base_r2,leiden,base_r2,connected_pairs,fanout,0.0005,0.0,0.0015
method,cpm,base_r2,leiden,base_r2,connected_pairs,single_shard_share,-0.0005,-0.0015,0.0
method,cpm,base_r2,leiden,base_r2,connected_pairs,overlap_1,0.0,0.0,0.0
method,cpm,base_r2,leiden,base_r2,connected_pairs,overlap_2,0.0,0.0,0.0
method,cpm,base_r2,leiden,base_r2,connected_pairs,overlap_3,0.0,0.0,0.0
method,cpm,base_r2,leiden,base_r2,connected_pairs,overlap_5,0.0,0.0,0.0
method,cpm,base_r2,leiden,base_r2,connected_pairs,overlap_full,0.0,0.0,0.0
method,cpm,base_r2,leiden,base_r2,connected_pairs,volume_1,-0.5545,-0.5701,-0.5407
method,cpm,base_r2,leiden,base_r2,connected_pairs,volume_2,-0.5545,-0.5701,-0.5407
method,cpm,base_r2,leiden,base_r2,connected_pairs,volume_3,-0.5545,-0.5701,-0.5407
method,cpm,base_r2,leiden,base_r2,connected_pairs,volume_5,-0.5545,-0.5701,-0.5407
method,cpm,base_r2,leiden,base_r2,connected_pairs,volume_full,-0.5545,-0.5701,-0.5407
method,cpm,base_r2,leiden,base_r2,connected_triples,fanout,0.3125,0.2895,0.335
method,cpm,base_r2,leiden,base_r2,connected_triples,single_shard_share,-0.3095,-0.331,-0.2865
method,cpm,base_r2,leiden,base_r2,connected_triples,overlap_1,-0.0003,-0.0007,0.0
method,cpm,base_r2,leiden,base_r2,connected_triples,overlap_2,0.0,0.0,0.0
method,cpm,base_r2,leiden,base_r2,connected_triples,overlap_3,0.0,0.0,0.0
method,cpm,base_r2,leiden,base_r2,connected_triples,overlap_5,0.0,0.0,0.0
method,cpm,base_r2,leiden,base_r2,connected_triples,overlap_full,0.0,0.0,0.0
method,cpm,base_r2,leiden,base_r2,connected_triples,volume_1,-0.6959,-0.7049,-0.687
method,cpm,base_r2,leiden,base_r2,connected_triples,volume_2,-0.6957,-0.7093,-0.6833
method,cpm,base_r2,leiden,base_r2,connected_triples,volume_3,-0.6951,-0.7083,-0.6828
method,cpm,base_r2,leiden,base_r2,connected_triples,volume_5,-0.6951,-0.7083,-0.6828
method,cpm,base_r2,leiden,base_r2,connected_triples,volume_full,-0.6951,-0.7083,-0.6828
method,cpm,base_r2,leiden,base_r2,frequent_pairs,fanout,0.418,0.3955,0.44
method,cpm,base_r2,leiden,base_r2,frequent_pairs,single_shard_share,-0.418,-0.44,-0.3955
method,cpm,base_r2,leiden,base_r2,frequent_pairs,overlap_1,0.0,0.0,0.0
method,cpm,base_r2,leiden,base_r2,frequent_pairs,overlap_2,0.0,0.0,0.0
method,cpm,base_r2,leiden,base_r2,frequent_pairs,overlap_3,0.0,0.0,0.0
method,cpm,base_r2,leiden,base_r2,frequent_pairs,overlap_5,0.0,0.0,0.0
method,cpm,base_r2,leiden,base_r2,frequent_pairs,overlap_full,0.0,0.0,0.0
method,cpm,base_r2,leiden,base_r2,frequent_pairs,volume_1,-0.6843,-0.6923,-0.6763
method,cpm,base_r2,leiden,base_r2,frequent_pairs,volume_2,-0.6728,-0.6867,-0.66
method,cpm,base_r2,leiden,base_r2,frequent_pairs,volume_3,-0.6728,-0.6867,-0.66
method,cpm,base_r2,leiden,base_r2,frequent_pairs,volume_5,-0.6728,-0.6867,-0.66
method,cpm,base_r2,leiden,base_r2,frequent_pairs,volume_full,-0.6728,-0.6867,-0.66
method,cpm,base_r2,leiden,base_r2,frequent_triples,fanout,0.883,0.8485,0.917
method,cpm,base_r2,leiden,base_r2,frequent_triples,single_shard_share,-0.549,-0.5705,-0.5255
method,cpm,base_r2,leiden,base_r2,frequent_triples,overlap_1,-0.0105,-0.0131,-0.008
method,cpm,base_r2,leiden,base_r2,frequent_triples,overlap_2,0.0,0.0,0.0
method,cpm,base_r2,leiden,base_r2,frequent_triples,overlap_3,0.0,0.0,0.0
method,cpm,base_r2,leiden,base_r2,frequent_triples,overlap_5,0.0,0.0,0.0
method,cpm,base_r2,leiden,base_r2,frequent_triples,overlap_full,0.0,0.0,0.0
method,cpm,base_r2,leiden,base_r2,frequent_triples,volume_1,-0.6808,-0.6896,-0.6725
method,cpm,base_r2,leiden,base_r2,frequent_triples,volume_2,-0.7329,-0.7512,-0.7167
method,cpm,base_r2,leiden,base_r2,frequent_triples,volume_3,-0.693,-0.7115,-0.6756
method,cpm,base_r2,leiden,base_r2,frequent_triples,volume_5,-0.693,-0.7115,-0.6756
method,cpm,base_r2,leiden,base_r2,frequent_triples,volume_full,-0.693,-0.7115,-0.6756
method,cpm,base_r3,leiden,base_r3,train,fanout,0.5868,0.5706,0.6011
method,cpm,base_r3,leiden,base_r3,train,single_shard_share,-0.1541,-0.1609,-0.1467
method,cpm,base_r3,leiden,base_r3,train,overlap_1,-0.0942,-0.0982,-0.0899
method,cpm,base_r3,leiden,base_r3,train,overlap_2,-0.015,-0.0166,-0.0135
method,cpm,base_r3,leiden,base_r3,train,overlap_3,-0.0016,-0.0021,-0.0012
method,cpm,base_r3,leiden,base_r3,train,overlap_5,-0.0,-0.0,0.0
method,cpm,base_r3,leiden,base_r3,train,overlap_full,0.0,0.0,0.0
method,cpm,base_r3,leiden,base_r3,train,volume_1,-0.5193,-0.527,-0.5122
method,cpm,base_r3,leiden,base_r3,train,volume_2,-0.7479,-0.7572,-0.7386
method,cpm,base_r3,leiden,base_r3,train,volume_3,-0.7826,-0.7934,-0.7727
method,cpm,base_r3,leiden,base_r3,train,volume_5,-0.7717,-0.7825,-0.7615
method,cpm,base_r3,leiden,base_r3,train,volume_full,-0.77,-0.7809,-0.7599
method,cpm,base_r3,leiden,base_r3,holdout,fanout,0.6281,0.6071,0.6478
method,cpm,base_r3,leiden,base_r3,holdout,single_shard_share,-0.1366,-0.1457,-0.1287
method,cpm,base_r3,leiden,base_r3,holdout,overlap_1,-0.1109,-0.1166,-0.105
method,cpm,base_r3,leiden,base_r3,holdout,overlap_2,-0.0201,-0.0224,-0.018
method,cpm,base_r3,leiden,base_r3,holdout,overlap_3,-0.0027,-0.0035,-0.002
method,cpm,base_r3,leiden,base_r3,holdout,overlap_5,-0.0001,-0.0003,0.0
method,cpm,base_r3,leiden,base_r3,holdout,overlap_full,0.0,0.0,0.0
method,cpm,base_r3,leiden,base_r3,holdout,volume_1,-0.4885,-0.4976,-0.4786
method,cpm,base_r3,leiden,base_r3,holdout,volume_2,-0.7307,-0.7423,-0.7188
method,cpm,base_r3,leiden,base_r3,holdout,volume_3,-0.786,-0.7995,-0.7732
method,cpm,base_r3,leiden,base_r3,holdout,volume_5,-0.7763,-0.7901,-0.7636
method,cpm,base_r3,leiden,base_r3,holdout,volume_full,-0.774,-0.7879,-0.7607
method,cpm,base_r3,leiden,base_r3,ood,fanout,1.0706,1.0512,1.0906
method,cpm,base_r3,leiden,base_r3,ood,single_shard_share,-0.0431,-0.0471,-0.0393
method,cpm,base_r3,leiden,base_r3,ood,overlap_1,-0.2619,-0.2679,-0.2561
method,cpm,base_r3,leiden,base_r3,ood,overlap_2,-0.0996,-0.1031,-0.0958
method,cpm,base_r3,leiden,base_r3,ood,overlap_3,-0.023,-0.0249,-0.0213
method,cpm,base_r3,leiden,base_r3,ood,overlap_5,-0.0006,-0.0008,-0.0004
method,cpm,base_r3,leiden,base_r3,ood,overlap_full,0.0,0.0,0.0
method,cpm,base_r3,leiden,base_r3,ood,volume_1,-0.6205,-0.6269,-0.6139
method,cpm,base_r3,leiden,base_r3,ood,volume_2,-0.9446,-0.9541,-0.9352
method,cpm,base_r3,leiden,base_r3,ood,volume_3,-1.1942,-1.2054,-1.1834
method,cpm,base_r3,leiden,base_r3,ood,volume_5,-1.2779,-1.2907,-1.2661
method,cpm,base_r3,leiden,base_r3,ood,volume_full,-1.2691,-1.2812,-1.2571
method,cpm,base_r3,leiden,base_r3,connected_pairs,fanout,0.0,0.0,0.0
method,cpm,base_r3,leiden,base_r3,connected_pairs,single_shard_share,0.0,0.0,0.0
method,cpm,base_r3,leiden,base_r3,connected_pairs,overlap_1,0.0,0.0,0.0
method,cpm,base_r3,leiden,base_r3,connected_pairs,overlap_2,0.0,0.0,0.0
method,cpm,base_r3,leiden,base_r3,connected_pairs,overlap_3,0.0,0.0,0.0
method,cpm,base_r3,leiden,base_r3,connected_pairs,overlap_5,0.0,0.0,0.0
method,cpm,base_r3,leiden,base_r3,connected_pairs,overlap_full,0.0,0.0,0.0
method,cpm,base_r3,leiden,base_r3,connected_pairs,volume_1,-0.6118,-0.6273,-0.5978
method,cpm,base_r3,leiden,base_r3,connected_pairs,volume_2,-0.6118,-0.6273,-0.5978
method,cpm,base_r3,leiden,base_r3,connected_pairs,volume_3,-0.6118,-0.6273,-0.5978
method,cpm,base_r3,leiden,base_r3,connected_pairs,volume_5,-0.6118,-0.6273,-0.5978
method,cpm,base_r3,leiden,base_r3,connected_pairs,volume_full,-0.6118,-0.6273,-0.5978
method,cpm,base_r3,leiden,base_r3,connected_triples,fanout,0.2485,0.229,0.269
method,cpm,base_r3,leiden,base_r3,connected_triples,single_shard_share,-0.2485,-0.269,-0.229
method,cpm,base_r3,leiden,base_r3,connected_triples,overlap_1,-0.0001,-0.0003,0.0
method,cpm,base_r3,leiden,base_r3,connected_triples,overlap_2,0.0,0.0,0.0
method,cpm,base_r3,leiden,base_r3,connected_triples,overlap_3,0.0,0.0,0.0
method,cpm,base_r3,leiden,base_r3,connected_triples,overlap_5,0.0,0.0,0.0
method,cpm,base_r3,leiden,base_r3,connected_triples,overlap_full,0.0,0.0,0.0
method,cpm,base_r3,leiden,base_r3,connected_triples,volume_1,-0.7474,-0.7559,-0.7387
method,cpm,base_r3,leiden,base_r3,connected_triples,volume_2,-0.7036,-0.7146,-0.6933
method,cpm,base_r3,leiden,base_r3,connected_triples,volume_3,-0.7036,-0.7146,-0.6933
method,cpm,base_r3,leiden,base_r3,connected_triples,volume_5,-0.7036,-0.7146,-0.6933
method,cpm,base_r3,leiden,base_r3,connected_triples,volume_full,-0.7036,-0.7146,-0.6933
method,cpm,base_r3,leiden,base_r3,frequent_pairs,fanout,0.3565,0.3345,0.377
method,cpm,base_r3,leiden,base_r3,frequent_pairs,single_shard_share,-0.3565,-0.377,-0.3345
method,cpm,base_r3,leiden,base_r3,frequent_pairs,overlap_1,0.0,0.0,0.0
method,cpm,base_r3,leiden,base_r3,frequent_pairs,overlap_2,0.0,0.0,0.0
method,cpm,base_r3,leiden,base_r3,frequent_pairs,overlap_3,0.0,0.0,0.0
method,cpm,base_r3,leiden,base_r3,frequent_pairs,overlap_5,0.0,0.0,0.0
method,cpm,base_r3,leiden,base_r3,frequent_pairs,overlap_full,0.0,0.0,0.0
method,cpm,base_r3,leiden,base_r3,frequent_pairs,volume_1,-0.702,-0.7105,-0.6936
method,cpm,base_r3,leiden,base_r3,frequent_pairs,volume_2,-0.6317,-0.6434,-0.6192
method,cpm,base_r3,leiden,base_r3,frequent_pairs,volume_3,-0.6317,-0.6434,-0.6192
method,cpm,base_r3,leiden,base_r3,frequent_pairs,volume_5,-0.6317,-0.6434,-0.6192
method,cpm,base_r3,leiden,base_r3,frequent_pairs,volume_full,-0.6317,-0.6434,-0.6192
method,cpm,base_r3,leiden,base_r3,frequent_triples,fanout,0.776,0.7455,0.809
method,cpm,base_r3,leiden,base_r3,frequent_triples,single_shard_share,-0.574,-0.5965,-0.5515
method,cpm,base_r3,leiden,base_r3,frequent_triples,overlap_1,-0.0066,-0.009,-0.0046
method,cpm,base_r3,leiden,base_r3,frequent_triples,overlap_2,0.0,0.0,0.0
method,cpm,base_r3,leiden,base_r3,frequent_triples,overlap_3,0.0,0.0,0.0
method,cpm,base_r3,leiden,base_r3,frequent_triples,overlap_5,0.0,0.0,0.0
method,cpm,base_r3,leiden,base_r3,frequent_triples,overlap_full,0.0,0.0,0.0
method,cpm,base_r3,leiden,base_r3,frequent_triples,volume_1,-0.7054,-0.7143,-0.6968
method,cpm,base_r3,leiden,base_r3,frequent_triples,volume_2,-0.6388,-0.6537,-0.6235
method,cpm,base_r3,leiden,base_r3,frequent_triples,volume_3,-0.5915,-0.6073,-0.5771
method,cpm,base_r3,leiden,base_r3,frequent_triples,volume_5,-0.5915,-0.6073,-0.5771
method,cpm,base_r3,leiden,base_r3,frequent_triples,volume_full,-0.5915,-0.6073,-0.5771
method,cpm,hash_aff,leiden,hash_aff,train,fanout,0.0076,0.0055,0.0098
method,cpm,hash_aff,leiden,hash_aff,train,single_shard_share,-0.0006,-0.0012,-0.0001
method,cpm,hash_aff,leiden,hash_aff,train,overlap_1,-0.016,-0.0173,-0.0144
method,cpm,hash_aff,leiden,hash_aff,train,overlap_2,-0.0042,-0.0048,-0.0035
method,cpm,hash_aff,leiden,hash_aff,train,overlap_3,-0.0008,-0.0011,-0.0006
method,cpm,hash_aff,leiden,hash_aff,train,overlap_5,-0.0,-0.0,0.0
method,cpm,hash_aff,leiden,hash_aff,train,overlap_full,0.0,0.0,0.0
method,cpm,hash_aff,leiden,hash_aff,train,volume_1,-0.0515,-0.052,-0.051
method,cpm,hash_aff,leiden,hash_aff,train,volume_2,-0.1,-0.1007,-0.0992
method,cpm,hash_aff,leiden,hash_aff,train,volume_3,-0.136,-0.137,-0.135
method,cpm,hash_aff,leiden,hash_aff,train,volume_5,-0.1622,-0.1637,-0.1607
method,cpm,hash_aff,leiden,hash_aff,train,volume_full,-0.1654,-0.1669,-0.1638
method,cpm,hash_aff,leiden,hash_aff,holdout,fanout,0.0105,0.0077,0.0136
method,cpm,hash_aff,leiden,hash_aff,holdout,single_shard_share,-0.0003,-0.001,0.0002
method,cpm,hash_aff,leiden,hash_aff,holdout,overlap_1,-0.018,-0.0198,-0.016
method,cpm,hash_aff,leiden,hash_aff,holdout,overlap_2,-0.0053,-0.0063,-0.0044
method,cpm,hash_aff,leiden,hash_aff,holdout,overlap_3,-0.0007,-0.001,-0.0004
method,cpm,hash_aff,leiden,hash_aff,holdout,overlap_5,-0.0,-0.0001,0.0
method,cpm,hash_aff,leiden,hash_aff,holdout,overlap_full,0.0,0.0,0.0
method,cpm,hash_aff,leiden,hash_aff,holdout,volume_1,-0.0525,-0.0532,-0.0519
method,cpm,hash_aff,leiden,hash_aff,holdout,volume_2,-0.1004,-0.1014,-0.0994
method,cpm,hash_aff,leiden,hash_aff,holdout,volume_3,-0.1353,-0.1366,-0.134
method,cpm,hash_aff,leiden,hash_aff,holdout,volume_5,-0.1601,-0.162,-0.1583
method,cpm,hash_aff,leiden,hash_aff,holdout,volume_full,-0.1633,-0.1652,-0.1613
method,cpm,hash_aff,leiden,hash_aff,ood,fanout,0.017,0.014,0.0202
method,cpm,hash_aff,leiden,hash_aff,ood,single_shard_share,-0.0001,-0.0003,0.0
method,cpm,hash_aff,leiden,hash_aff,ood,overlap_1,-0.029,-0.0308,-0.027
method,cpm,hash_aff,leiden,hash_aff,ood,overlap_2,-0.0196,-0.0208,-0.0181
method,cpm,hash_aff,leiden,hash_aff,ood,overlap_3,-0.0062,-0.007,-0.0053
method,cpm,hash_aff,leiden,hash_aff,ood,overlap_5,-0.0002,-0.0004,-0.0001
method,cpm,hash_aff,leiden,hash_aff,ood,overlap_full,0.0,0.0,0.0
method,cpm,hash_aff,leiden,hash_aff,ood,volume_1,-0.0514,-0.0519,-0.0509
method,cpm,hash_aff,leiden,hash_aff,ood,volume_2,-0.1021,-0.1028,-0.1014
method,cpm,hash_aff,leiden,hash_aff,ood,volume_3,-0.1513,-0.1521,-0.1504
method,cpm,hash_aff,leiden,hash_aff,ood,volume_5,-0.2165,-0.2178,-0.2153
method,cpm,hash_aff,leiden,hash_aff,ood,volume_full,-0.2287,-0.2303,-0.2272
method,cpm,hash_aff,leiden,hash_aff,connected_pairs,fanout,0.002,0.0005,0.004
method,cpm,hash_aff,leiden,hash_aff,connected_pairs,single_shard_share,-0.002,-0.004,-0.0005
method,cpm,hash_aff,leiden,hash_aff,connected_pairs,overlap_1,-0.0064,-0.0079,-0.005
method,cpm,hash_aff,leiden,hash_aff,connected_pairs,overlap_2,0.0,0.0,0.0
method,cpm,hash_aff,leiden,hash_aff,connected_pairs,overlap_3,0.0,0.0,0.0
method,cpm,hash_aff,leiden,hash_aff,connected_pairs,overlap_5,0.0,0.0,0.0
method,cpm,hash_aff,leiden,hash_aff,connected_pairs,overlap_full,0.0,0.0,0.0
method,cpm,hash_aff,leiden,hash_aff,connected_pairs,volume_1,-0.0521,-0.0533,-0.051
method,cpm,hash_aff,leiden,hash_aff,connected_pairs,volume_2,-0.104,-0.1057,-0.1024
method,cpm,hash_aff,leiden,hash_aff,connected_pairs,volume_3,-0.104,-0.1057,-0.1024
method,cpm,hash_aff,leiden,hash_aff,connected_pairs,volume_5,-0.104,-0.1057,-0.1024
method,cpm,hash_aff,leiden,hash_aff,connected_pairs,volume_full,-0.104,-0.1057,-0.1024
method,cpm,hash_aff,leiden,hash_aff,connected_triples,fanout,0.003,0.0,0.0065
method,cpm,hash_aff,leiden,hash_aff,connected_triples,single_shard_share,0.0,0.0,0.0
method,cpm,hash_aff,leiden,hash_aff,connected_triples,overlap_1,-0.0076,-0.0094,-0.0059
method,cpm,hash_aff,leiden,hash_aff,connected_triples,overlap_2,-0.0001,-0.0003,0.0
method,cpm,hash_aff,leiden,hash_aff,connected_triples,overlap_3,0.0,0.0,0.0
method,cpm,hash_aff,leiden,hash_aff,connected_triples,overlap_5,0.0,0.0,0.0
method,cpm,hash_aff,leiden,hash_aff,connected_triples,overlap_full,0.0,0.0,0.0
method,cpm,hash_aff,leiden,hash_aff,connected_triples,volume_1,-0.0527,-0.0538,-0.0516
method,cpm,hash_aff,leiden,hash_aff,connected_triples,volume_2,-0.1044,-0.1061,-0.1028
method,cpm,hash_aff,leiden,hash_aff,connected_triples,volume_3,-0.154,-0.1561,-0.1519
method,cpm,hash_aff,leiden,hash_aff,connected_triples,volume_5,-0.154,-0.1561,-0.1519
method,cpm,hash_aff,leiden,hash_aff,connected_triples,volume_full,-0.154,-0.1561,-0.1519
method,cpm,hash_aff,leiden,hash_aff,frequent_pairs,fanout,0.002,0.0005,0.004
method,cpm,hash_aff,leiden,hash_aff,frequent_pairs,single_shard_share,-0.002,-0.004,-0.0005
method,cpm,hash_aff,leiden,hash_aff,frequent_pairs,overlap_1,0.0,0.0,0.0
method,cpm,hash_aff,leiden,hash_aff,frequent_pairs,overlap_2,0.0,0.0,0.0
method,cpm,hash_aff,leiden,hash_aff,frequent_pairs,overlap_3,0.0,0.0,0.0
method,cpm,hash_aff,leiden,hash_aff,frequent_pairs,overlap_5,0.0,0.0,0.0
method,cpm,hash_aff,leiden,hash_aff,frequent_pairs,overlap_full,0.0,0.0,0.0
method,cpm,hash_aff,leiden,hash_aff,frequent_pairs,volume_1,-0.0496,-0.0508,-0.0485
method,cpm,hash_aff,leiden,hash_aff,frequent_pairs,volume_2,-0.0963,-0.098,-0.0945
method,cpm,hash_aff,leiden,hash_aff,frequent_pairs,volume_3,-0.0963,-0.098,-0.0945
method,cpm,hash_aff,leiden,hash_aff,frequent_pairs,volume_5,-0.0963,-0.098,-0.0945
method,cpm,hash_aff,leiden,hash_aff,frequent_pairs,volume_full,-0.0963,-0.098,-0.0945
method,cpm,hash_aff,leiden,hash_aff,frequent_triples,fanout,0.0045,0.001,0.008
method,cpm,hash_aff,leiden,hash_aff,frequent_triples,single_shard_share,0.0,0.0,0.0
method,cpm,hash_aff,leiden,hash_aff,frequent_triples,overlap_1,-0.0028,-0.0039,-0.0018
method,cpm,hash_aff,leiden,hash_aff,frequent_triples,overlap_2,0.0,0.0,0.0
method,cpm,hash_aff,leiden,hash_aff,frequent_triples,overlap_3,0.0,0.0,0.0
method,cpm,hash_aff,leiden,hash_aff,frequent_triples,overlap_5,0.0,0.0,0.0
method,cpm,hash_aff,leiden,hash_aff,frequent_triples,overlap_full,0.0,0.0,0.0
method,cpm,hash_aff,leiden,hash_aff,frequent_triples,volume_1,-0.0507,-0.0518,-0.0496
method,cpm,hash_aff,leiden,hash_aff,frequent_triples,volume_2,-0.1011,-0.1027,-0.0995
method,cpm,hash_aff,leiden,hash_aff,frequent_triples,volume_3,-0.1447,-0.1468,-0.1427
method,cpm,hash_aff,leiden,hash_aff,frequent_triples,volume_5,-0.1447,-0.1468,-0.1427
method,cpm,hash_aff,leiden,hash_aff,frequent_triples,volume_full,-0.1447,-0.1468,-0.1427
method,cpm,aff,leiden,aff,train,fanout,0.6548,0.6366,0.6721
method,cpm,aff,leiden,aff,train,single_shard_share,-0.151,-0.1584,-0.143
method,cpm,aff,leiden,aff,train,overlap_1,-0.1783,-0.1832,-0.1727
method,cpm,aff,leiden,aff,train,overlap_2,-0.0221,-0.024,-0.0202
method,cpm,aff,leiden,aff,train,overlap_3,-0.0022,-0.0028,-0.0018
method,cpm,aff,leiden,aff,train,overlap_5,-0.0,-0.0,0.0
method,cpm,aff,leiden,aff,train,overlap_full,0.0,0.0,0.0
method,cpm,aff,leiden,aff,train,volume_1,-0.5646,-0.5693,-0.5604
method,cpm,aff,leiden,aff,train,volume_2,-0.9674,-0.9748,-0.9599
method,cpm,aff,leiden,aff,train,volume_3,-1.1372,-1.1476,-1.1269
method,cpm,aff,leiden,aff,train,volume_5,-1.1834,-1.1956,-1.1713
method,cpm,aff,leiden,aff,train,volume_full,-1.1833,-1.1957,-1.1706
method,cpm,aff,leiden,aff,holdout,fanout,0.6384,0.6167,0.6606
method,cpm,aff,leiden,aff,holdout,single_shard_share,-0.1408,-0.1506,-0.1317
method,cpm,aff,leiden,aff,holdout,overlap_1,-0.1946,-0.2012,-0.1879
method,cpm,aff,leiden,aff,holdout,overlap_2,-0.0274,-0.0301,-0.0248
method,cpm,aff,leiden,aff,holdout,overlap_3,-0.0026,-0.0034,-0.0019
method,cpm,aff,leiden,aff,holdout,overlap_5,-0.0001,-0.0004,-0.0
method,cpm,aff,leiden,aff,holdout,overlap_full,0.0,0.0,0.0
method,cpm,aff,leiden,aff,holdout,volume_1,-0.5618,-0.5675,-0.5559
method,cpm,aff,leiden,aff,holdout,volume_2,-0.9743,-0.9832,-0.9649
method,cpm,aff,leiden,aff,holdout,volume_3,-1.1638,-1.177,-1.1506
method,cpm,aff,leiden,aff,holdout,volume_5,-1.2228,-1.2378,-1.2078
method,cpm,aff,leiden,aff,holdout,volume_full,-1.223,-1.2384,-1.2077
method,cpm,aff,leiden,aff,ood,fanout,0.8173,0.7991,0.8365
method,cpm,aff,leiden,aff,ood,single_shard_share,-0.0223,-0.0252,-0.0194
method,cpm,aff,leiden,aff,ood,overlap_1,-0.2852,-0.2915,-0.2794
method,cpm,aff,leiden,aff,ood,overlap_2,-0.1235,-0.1275,-0.1191
method,cpm,aff,leiden,aff,ood,overlap_3,-0.0296,-0.0316,-0.0276
method,cpm,aff,leiden,aff,ood,overlap_5,-0.0008,-0.0011,-0.0005
method,cpm,aff,leiden,aff,ood,overlap_full,0.0,0.0,0.0
method,cpm,aff,leiden,aff,ood,volume_1,-0.4926,-0.4964,-0.4883
method,cpm,aff,leiden,aff,ood,volume_2,-0.9829,-0.9887,-0.9766
method,cpm,aff,leiden,aff,ood,volume_3,-1.4136,-1.4215,-1.4053
method,cpm,aff,leiden,aff,ood,volume_5,-1.7222,-1.7337,-1.7103
method,cpm,aff,leiden,aff,ood,volume_full,-1.7345,-1.7464,-1.7216
method,cpm,aff,leiden,aff,connected_pairs,fanout,0.004,-0.002,0.0095
method,cpm,aff,leiden,aff,connected_pairs,single_shard_share,-0.004,-0.0095,0.002
method,cpm,aff,leiden,aff,connected_pairs,overlap_1,-0.0008,-0.0018,-0.0002
method,cpm,aff,leiden,aff,connected_pairs,overlap_2,0.0,0.0,0.0
method,cpm,aff,leiden,aff,connected_pairs,overlap_3,0.0,0.0,0.0
method,cpm,aff,leiden,aff,connected_pairs,overlap_5,0.0,0.0,0.0
method,cpm,aff,leiden,aff,connected_pairs,overlap_full,0.0,0.0,0.0
method,cpm,aff,leiden,aff,connected_pairs,volume_1,-0.4803,-0.4929,-0.4687
method,cpm,aff,leiden,aff,connected_pairs,volume_2,-0.4852,-0.4983,-0.4735
method,cpm,aff,leiden,aff,connected_pairs,volume_3,-0.4852,-0.4983,-0.4735
method,cpm,aff,leiden,aff,connected_pairs,volume_5,-0.4852,-0.4983,-0.4735
method,cpm,aff,leiden,aff,connected_pairs,volume_full,-0.4852,-0.4983,-0.4735
method,cpm,aff,leiden,aff,connected_triples,fanout,0.3925,0.361,0.426
method,cpm,aff,leiden,aff,connected_triples,single_shard_share,-0.322,-0.348,-0.2955
method,cpm,aff,leiden,aff,connected_triples,overlap_1,-0.0092,-0.0121,-0.0063
method,cpm,aff,leiden,aff,connected_triples,overlap_2,0.0,0.0,0.0
method,cpm,aff,leiden,aff,connected_triples,overlap_3,0.0,0.0,0.0
method,cpm,aff,leiden,aff,connected_triples,overlap_5,0.0,0.0,0.0
method,cpm,aff,leiden,aff,connected_triples,overlap_full,0.0,0.0,0.0
method,cpm,aff,leiden,aff,connected_triples,volume_1,-0.6133,-0.6208,-0.6059
method,cpm,aff,leiden,aff,connected_triples,volume_2,-0.7358,-0.75,-0.7213
method,cpm,aff,leiden,aff,connected_triples,volume_3,-0.7481,-0.7642,-0.7321
method,cpm,aff,leiden,aff,connected_triples,volume_5,-0.7481,-0.7642,-0.7321
method,cpm,aff,leiden,aff,connected_triples,volume_full,-0.7481,-0.7642,-0.7321
method,cpm,aff,leiden,aff,frequent_pairs,fanout,0.4125,0.389,0.4365
method,cpm,aff,leiden,aff,frequent_pairs,single_shard_share,-0.4125,-0.4365,-0.389
method,cpm,aff,leiden,aff,frequent_pairs,overlap_1,0.0001,0.0,0.0003
method,cpm,aff,leiden,aff,frequent_pairs,overlap_2,0.0,0.0,0.0
method,cpm,aff,leiden,aff,frequent_pairs,overlap_3,0.0,0.0,0.0
method,cpm,aff,leiden,aff,frequent_pairs,overlap_5,0.0,0.0,0.0
method,cpm,aff,leiden,aff,frequent_pairs,overlap_full,0.0,0.0,0.0
method,cpm,aff,leiden,aff,frequent_pairs,volume_1,-0.6249,-0.6314,-0.6186
method,cpm,aff,leiden,aff,frequent_pairs,volume_2,-0.7717,-0.7861,-0.7569
method,cpm,aff,leiden,aff,frequent_pairs,volume_3,-0.7717,-0.7861,-0.7569
method,cpm,aff,leiden,aff,frequent_pairs,volume_5,-0.7717,-0.7861,-0.7569
method,cpm,aff,leiden,aff,frequent_pairs,volume_full,-0.7717,-0.7861,-0.7569
method,cpm,aff,leiden,aff,frequent_triples,fanout,0.889,0.8525,0.924
method,cpm,aff,leiden,aff,frequent_triples,single_shard_share,-0.4105,-0.4335,-0.387
method,cpm,aff,leiden,aff,frequent_triples,overlap_1,-0.0177,-0.0211,-0.0143
method,cpm,aff,leiden,aff,frequent_triples,overlap_2,0.0,0.0,0.0
method,cpm,aff,leiden,aff,frequent_triples,overlap_3,0.0,0.0,0.0
method,cpm,aff,leiden,aff,frequent_triples,overlap_5,0.0,0.0,0.0
method,cpm,aff,leiden,aff,frequent_triples,overlap_full,0.0,0.0,0.0
method,cpm,aff,leiden,aff,frequent_triples,volume_1,-0.6213,-0.6275,-0.6149
method,cpm,aff,leiden,aff,frequent_triples,volume_2,-0.872,-0.8871,-0.8566
method,cpm,aff,leiden,aff,frequent_triples,volume_3,-0.9004,-0.9204,-0.8812
method,cpm,aff,leiden,aff,frequent_triples,volume_5,-0.9004,-0.9204,-0.8812
method,cpm,aff,leiden,aff,frequent_triples,volume_full,-0.9004,-0.9204,-0.8812
method,cpm,aff_r2,leiden,aff_r2,train,fanout,0.7573,0.7398,0.7743
method,cpm,aff_r2,leiden,aff_r2,train,single_shard_share,-0.2217,-0.23,-0.2133
method,cpm,aff_r2,leiden,aff_r2,train,overlap_1,-0.161,-0.166,-0.1556
method,cpm,aff_r2,leiden,aff_r2,train,overlap_2,-0.0171,-0.0187,-0.0155
method,cpm,aff_r2,leiden,aff_r2,train,overlap_3,-0.0016,-0.0021,-0.0013
method,cpm,aff_r2,leiden,aff_r2,train,overlap_5,0.0,0.0,0.0
method,cpm,aff_r2,leiden,aff_r2,train,overlap_full,0.0,0.0,0.0
method,cpm,aff_r2,leiden,aff_r2,train,volume_1,-0.6706,-0.6756,-0.6657
method,cpm,aff_r2,leiden,aff_r2,train,volume_2,-1.0675,-1.0762,-1.0585
method,cpm,aff_r2,leiden,aff_r2,train,volume_3,-1.1592,-1.1707,-1.1467
method,cpm,aff_r2,leiden,aff_r2,train,volume_5,-1.1533,-1.1657,-1.1405
method,cpm,aff_r2,leiden,aff_r2,train,volume_full,-1.1507,-1.1633,-1.1378
method,cpm,aff_r2,leiden,aff_r2,holdout,fanout,0.7912,0.7691,0.815
method,cpm,aff_r2,leiden,aff_r2,holdout,single_shard_share,-0.2096,-0.2206,-0.1988
method,cpm,aff_r2,leiden,aff_r2,holdout,overlap_1,-0.182,-0.1886,-0.1759
method,cpm,aff_r2,leiden,aff_r2,holdout,overlap_2,-0.0223,-0.0245,-0.0202
method,cpm,aff_r2,leiden,aff_r2,holdout,overlap_3,-0.0018,-0.0024,-0.0013
method,cpm,aff_r2,leiden,aff_r2,holdout,overlap_5,-0.0001,-0.0003,0.0
method,cpm,aff_r2,leiden,aff_r2,holdout,overlap_full,0.0,0.0,0.0
method,cpm,aff_r2,leiden,aff_r2,holdout,volume_1,-0.6623,-0.6689,-0.6561
method,cpm,aff_r2,leiden,aff_r2,holdout,volume_2,-1.0787,-1.0906,-1.0672
method,cpm,aff_r2,leiden,aff_r2,holdout,volume_3,-1.1887,-1.204,-1.1741
method,cpm,aff_r2,leiden,aff_r2,holdout,volume_5,-1.1851,-1.2011,-1.1701
method,cpm,aff_r2,leiden,aff_r2,holdout,volume_full,-1.1814,-1.1972,-1.1666
method,cpm,aff_r2,leiden,aff_r2,ood,fanout,1.1632,1.1428,1.1823
method,cpm,aff_r2,leiden,aff_r2,ood,single_shard_share,-0.0487,-0.0531,-0.0444
method,cpm,aff_r2,leiden,aff_r2,ood,overlap_1,-0.2925,-0.2985,-0.2866
method,cpm,aff_r2,leiden,aff_r2,ood,overlap_2,-0.1083,-0.1121,-0.1046
method,cpm,aff_r2,leiden,aff_r2,ood,overlap_3,-0.0238,-0.0256,-0.0221
method,cpm,aff_r2,leiden,aff_r2,ood,overlap_5,-0.0005,-0.0007,-0.0003
method,cpm,aff_r2,leiden,aff_r2,ood,overlap_full,0.0,0.0,0.0
method,cpm,aff_r2,leiden,aff_r2,ood,volume_1,-0.6252,-0.6298,-0.6207
method,cpm,aff_r2,leiden,aff_r2,ood,volume_2,-1.2048,-1.2118,-1.1974
method,cpm,aff_r2,leiden,aff_r2,ood,volume_3,-1.6222,-1.6326,-1.6121
method,cpm,aff_r2,leiden,aff_r2,ood,volume_5,-1.7373,-1.7511,-1.724
method,cpm,aff_r2,leiden,aff_r2,ood,volume_full,-1.7245,-1.7381,-1.711
method,cpm,aff_r2,leiden,aff_r2,connected_pairs,fanout,0.0005,0.0,0.0015
method,cpm,aff_r2,leiden,aff_r2,connected_pairs,single_shard_share,-0.0005,-0.0015,0.0
method,cpm,aff_r2,leiden,aff_r2,connected_pairs,overlap_1,0.0,0.0,0.0
method,cpm,aff_r2,leiden,aff_r2,connected_pairs,overlap_2,0.0,0.0,0.0
method,cpm,aff_r2,leiden,aff_r2,connected_pairs,overlap_3,0.0,0.0,0.0
method,cpm,aff_r2,leiden,aff_r2,connected_pairs,overlap_5,0.0,0.0,0.0
method,cpm,aff_r2,leiden,aff_r2,connected_pairs,overlap_full,0.0,0.0,0.0
method,cpm,aff_r2,leiden,aff_r2,connected_pairs,volume_1,-0.5789,-0.5941,-0.5649
method,cpm,aff_r2,leiden,aff_r2,connected_pairs,volume_2,-0.5788,-0.5941,-0.5648
method,cpm,aff_r2,leiden,aff_r2,connected_pairs,volume_3,-0.5788,-0.5941,-0.5648
method,cpm,aff_r2,leiden,aff_r2,connected_pairs,volume_5,-0.5788,-0.5941,-0.5648
method,cpm,aff_r2,leiden,aff_r2,connected_pairs,volume_full,-0.5788,-0.5941,-0.5648
method,cpm,aff_r2,leiden,aff_r2,connected_triples,fanout,0.3125,0.2895,0.335
method,cpm,aff_r2,leiden,aff_r2,connected_triples,single_shard_share,-0.3095,-0.331,-0.2865
method,cpm,aff_r2,leiden,aff_r2,connected_triples,overlap_1,-0.0003,-0.0007,0.0
method,cpm,aff_r2,leiden,aff_r2,connected_triples,overlap_2,0.0,0.0,0.0
method,cpm,aff_r2,leiden,aff_r2,connected_triples,overlap_3,0.0,0.0,0.0
method,cpm,aff_r2,leiden,aff_r2,connected_triples,overlap_5,0.0,0.0,0.0
method,cpm,aff_r2,leiden,aff_r2,connected_triples,overlap_full,0.0,0.0,0.0
method,cpm,aff_r2,leiden,aff_r2,connected_triples,volume_1,-0.7201,-0.7288,-0.7111
method,cpm,aff_r2,leiden,aff_r2,connected_triples,volume_2,-0.7131,-0.7268,-0.7005
method,cpm,aff_r2,leiden,aff_r2,connected_triples,volume_3,-0.7124,-0.7259,-0.6998
method,cpm,aff_r2,leiden,aff_r2,connected_triples,volume_5,-0.7124,-0.7259,-0.6998
method,cpm,aff_r2,leiden,aff_r2,connected_triples,volume_full,-0.7124,-0.7259,-0.6998
method,cpm,aff_r2,leiden,aff_r2,frequent_pairs,fanout,0.418,0.3955,0.44
method,cpm,aff_r2,leiden,aff_r2,frequent_pairs,single_shard_share,-0.418,-0.44,-0.3955
method,cpm,aff_r2,leiden,aff_r2,frequent_pairs,overlap_1,-0.0,-0.0001,0.0
method,cpm,aff_r2,leiden,aff_r2,frequent_pairs,overlap_2,0.0,0.0,0.0
method,cpm,aff_r2,leiden,aff_r2,frequent_pairs,overlap_3,0.0,0.0,0.0
method,cpm,aff_r2,leiden,aff_r2,frequent_pairs,overlap_5,0.0,0.0,0.0
method,cpm,aff_r2,leiden,aff_r2,frequent_pairs,overlap_full,0.0,0.0,0.0
method,cpm,aff_r2,leiden,aff_r2,frequent_pairs,volume_1,-0.695,-0.7035,-0.6868
method,cpm,aff_r2,leiden,aff_r2,frequent_pairs,volume_2,-0.6738,-0.6881,-0.6606
method,cpm,aff_r2,leiden,aff_r2,frequent_pairs,volume_3,-0.6738,-0.6881,-0.6606
method,cpm,aff_r2,leiden,aff_r2,frequent_pairs,volume_5,-0.6738,-0.6881,-0.6606
method,cpm,aff_r2,leiden,aff_r2,frequent_pairs,volume_full,-0.6738,-0.6881,-0.6606
method,cpm,aff_r2,leiden,aff_r2,frequent_triples,fanout,0.883,0.8485,0.917
method,cpm,aff_r2,leiden,aff_r2,frequent_triples,single_shard_share,-0.549,-0.5705,-0.5255
method,cpm,aff_r2,leiden,aff_r2,frequent_triples,overlap_1,-0.0102,-0.0127,-0.0077
method,cpm,aff_r2,leiden,aff_r2,frequent_triples,overlap_2,0.0,0.0,0.0
method,cpm,aff_r2,leiden,aff_r2,frequent_triples,overlap_3,0.0,0.0,0.0
method,cpm,aff_r2,leiden,aff_r2,frequent_triples,overlap_5,0.0,0.0,0.0
method,cpm,aff_r2,leiden,aff_r2,frequent_triples,overlap_full,0.0,0.0,0.0
method,cpm,aff_r2,leiden,aff_r2,frequent_triples,volume_1,-0.6927,-0.7019,-0.684
method,cpm,aff_r2,leiden,aff_r2,frequent_triples,volume_2,-0.7341,-0.7526,-0.7168
method,cpm,aff_r2,leiden,aff_r2,frequent_triples,volume_3,-0.6872,-0.7062,-0.6689
method,cpm,aff_r2,leiden,aff_r2,frequent_triples,volume_5,-0.6872,-0.7062,-0.6689
method,cpm,aff_r2,leiden,aff_r2,frequent_triples,volume_full,-0.6872,-0.7062,-0.6689
method,cpm,aff_r3,leiden,aff_r3,train,fanout,0.7719,0.7548,0.7882
method,cpm,aff_r3,leiden,aff_r3,train,single_shard_share,-0.2605,-0.2694,-0.2513
method,cpm,aff_r3,leiden,aff_r3,train,overlap_1,-0.1503,-0.1552,-0.1448
method,cpm,aff_r3,leiden,aff_r3,train,overlap_2,-0.0144,-0.016,-0.013
method,cpm,aff_r3,leiden,aff_r3,train,overlap_3,-0.0013,-0.0017,-0.0009
method,cpm,aff_r3,leiden,aff_r3,train,overlap_5,0.0,0.0,0.0
method,cpm,aff_r3,leiden,aff_r3,train,overlap_full,0.0,0.0,0.0
method,cpm,aff_r3,leiden,aff_r3,train,volume_1,-0.7052,-0.7102,-0.7004
method,cpm,aff_r3,leiden,aff_r3,train,volume_2,-1.0587,-1.0686,-1.0491
method,cpm,aff_r3,leiden,aff_r3,train,volume_3,-1.1033,-1.1159,-1.0914
method,cpm,aff_r3,leiden,aff_r3,train,volume_5,-1.0804,-1.0927,-1.0685
method,cpm,aff_r3,leiden,aff_r3,train,volume_full,-1.0775,-1.0899,-1.0657
method,cpm,aff_r3,leiden,aff_r3,holdout,fanout,0.8283,0.8057,0.8513
method,cpm,aff_r3,leiden,aff_r3,holdout,single_shard_share,-0.2509,-0.2626,-0.2399
method,cpm,aff_r3,leiden,aff_r3,holdout,overlap_1,-0.1722,-0.1789,-0.166
method,cpm,aff_r3,leiden,aff_r3,holdout,overlap_2,-0.0185,-0.0206,-0.0165
method,cpm,aff_r3,leiden,aff_r3,holdout,overlap_3,-0.0016,-0.0021,-0.001
method,cpm,aff_r3,leiden,aff_r3,holdout,overlap_5,-0.0001,-0.0002,0.0
method,cpm,aff_r3,leiden,aff_r3,holdout,overlap_full,0.0,0.0,0.0
method,cpm,aff_r3,leiden,aff_r3,holdout,volume_1,-0.6943,-0.7006,-0.688
method,cpm,aff_r3,leiden,aff_r3,holdout,volume_2,-1.0688,-1.0812,-1.0569
method,cpm,aff_r3,leiden,aff_r3,holdout,volume_3,-1.1256,-1.1404,-1.1102
method,cpm,aff_r3,leiden,aff_r3,holdout,volume_5,-1.0977,-1.1129,-1.0826
method,cpm,aff_r3,leiden,aff_r3,holdout,volume_full,-1.0933,-1.1083,-1.0785
method,cpm,aff_r3,leiden,aff_r3,ood,fanout,1.3472,1.3258,1.3685
method,cpm,aff_r3,leiden,aff_r3,ood,single_shard_share,-0.0711,-0.0761,-0.0662
method,cpm,aff_r3,leiden,aff_r3,ood,overlap_1,-0.2923,-0.2983,-0.2865
method,cpm,aff_r3,leiden,aff_r3,ood,overlap_2,-0.1003,-0.104,-0.0967
method,cpm,aff_r3,leiden,aff_r3,ood,overlap_3,-0.021,-0.0228,-0.0195
method,cpm,aff_r3,leiden,aff_r3,ood,overlap_5,-0.0003,-0.0005,-0.0002
method,cpm,aff_r3,leiden,aff_r3,ood,overlap_full,0.0,0.0,0.0
method,cpm,aff_r3,leiden,aff_r3,ood,volume_1,-0.6959,-0.7001,-0.6917
method,cpm,aff_r3,leiden,aff_r3,ood,volume_2,-1.2867,-1.2941,-1.2788
method,cpm,aff_r3,leiden,aff_r3,ood,volume_3,-1.6062,-1.6186,-1.5953
method,cpm,aff_r3,leiden,aff_r3,ood,volume_5,-1.6041,-1.6184,-1.5897
method,cpm,aff_r3,leiden,aff_r3,ood,volume_full,-1.5833,-1.5977,-1.5698
method,cpm,aff_r3,leiden,aff_r3,connected_pairs,fanout,0.0,0.0,0.0
method,cpm,aff_r3,leiden,aff_r3,connected_pairs,single_shard_share,0.0,0.0,0.0
method,cpm,aff_r3,leiden,aff_r3,connected_pairs,overlap_1,0.0,0.0,0.0
method,cpm,aff_r3,leiden,aff_r3,connected_pairs,overlap_2,0.0,0.0,0.0
method,cpm,aff_r3,leiden,aff_r3,connected_pairs,overlap_3,0.0,0.0,0.0
method,cpm,aff_r3,leiden,aff_r3,connected_pairs,overlap_5,0.0,0.0,0.0
method,cpm,aff_r3,leiden,aff_r3,connected_pairs,overlap_full,0.0,0.0,0.0
method,cpm,aff_r3,leiden,aff_r3,connected_pairs,volume_1,-0.6242,-0.6397,-0.6098
method,cpm,aff_r3,leiden,aff_r3,connected_pairs,volume_2,-0.6242,-0.6397,-0.6098
method,cpm,aff_r3,leiden,aff_r3,connected_pairs,volume_3,-0.6242,-0.6397,-0.6098
method,cpm,aff_r3,leiden,aff_r3,connected_pairs,volume_5,-0.6242,-0.6397,-0.6098
method,cpm,aff_r3,leiden,aff_r3,connected_pairs,volume_full,-0.6242,-0.6397,-0.6098
method,cpm,aff_r3,leiden,aff_r3,connected_triples,fanout,0.2485,0.229,0.269
method,cpm,aff_r3,leiden,aff_r3,connected_triples,single_shard_share,-0.2485,-0.269,-0.229
method,cpm,aff_r3,leiden,aff_r3,connected_triples,overlap_1,-0.0001,-0.0003,0.0
method,cpm,aff_r3,leiden,aff_r3,connected_triples,overlap_2,0.0,0.0,0.0
method,cpm,aff_r3,leiden,aff_r3,connected_triples,overlap_3,0.0,0.0,0.0
method,cpm,aff_r3,leiden,aff_r3,connected_triples,overlap_5,0.0,0.0,0.0
method,cpm,aff_r3,leiden,aff_r3,connected_triples,overlap_full,0.0,0.0,0.0
method,cpm,aff_r3,leiden,aff_r3,connected_triples,volume_1,-0.7555,-0.7643,-0.7469
method,cpm,aff_r3,leiden,aff_r3,connected_triples,volume_2,-0.7068,-0.7178,-0.6961
method,cpm,aff_r3,leiden,aff_r3,connected_triples,volume_3,-0.7068,-0.7178,-0.6961
method,cpm,aff_r3,leiden,aff_r3,connected_triples,volume_5,-0.7068,-0.7178,-0.6961
method,cpm,aff_r3,leiden,aff_r3,connected_triples,volume_full,-0.7068,-0.7178,-0.6961
method,cpm,aff_r3,leiden,aff_r3,frequent_pairs,fanout,0.3565,0.3345,0.377
method,cpm,aff_r3,leiden,aff_r3,frequent_pairs,single_shard_share,-0.3565,-0.377,-0.3345
method,cpm,aff_r3,leiden,aff_r3,frequent_pairs,overlap_1,0.0,0.0,0.0
method,cpm,aff_r3,leiden,aff_r3,frequent_pairs,overlap_2,0.0,0.0,0.0
method,cpm,aff_r3,leiden,aff_r3,frequent_pairs,overlap_3,0.0,0.0,0.0
method,cpm,aff_r3,leiden,aff_r3,frequent_pairs,overlap_5,0.0,0.0,0.0
method,cpm,aff_r3,leiden,aff_r3,frequent_pairs,overlap_full,0.0,0.0,0.0
method,cpm,aff_r3,leiden,aff_r3,frequent_pairs,volume_1,-0.6996,-0.7084,-0.6904
method,cpm,aff_r3,leiden,aff_r3,frequent_pairs,volume_2,-0.6206,-0.6332,-0.6074
method,cpm,aff_r3,leiden,aff_r3,frequent_pairs,volume_3,-0.6206,-0.6332,-0.6074
method,cpm,aff_r3,leiden,aff_r3,frequent_pairs,volume_5,-0.6206,-0.6332,-0.6074
method,cpm,aff_r3,leiden,aff_r3,frequent_pairs,volume_full,-0.6206,-0.6332,-0.6074
method,cpm,aff_r3,leiden,aff_r3,frequent_triples,fanout,0.776,0.7455,0.809
method,cpm,aff_r3,leiden,aff_r3,frequent_triples,single_shard_share,-0.574,-0.5965,-0.5515
method,cpm,aff_r3,leiden,aff_r3,frequent_triples,overlap_1,-0.0065,-0.0088,-0.0046
method,cpm,aff_r3,leiden,aff_r3,frequent_triples,overlap_2,0.0,0.0,0.0
method,cpm,aff_r3,leiden,aff_r3,frequent_triples,overlap_3,0.0,0.0,0.0
method,cpm,aff_r3,leiden,aff_r3,frequent_triples,overlap_5,0.0,0.0,0.0
method,cpm,aff_r3,leiden,aff_r3,frequent_triples,overlap_full,0.0,0.0,0.0
method,cpm,aff_r3,leiden,aff_r3,frequent_triples,volume_1,-0.7047,-0.7139,-0.6954
method,cpm,aff_r3,leiden,aff_r3,frequent_triples,volume_2,-0.6241,-0.6392,-0.6089
method,cpm,aff_r3,leiden,aff_r3,frequent_triples,volume_3,-0.5717,-0.5879,-0.5567
method,cpm,aff_r3,leiden,aff_r3,frequent_triples,volume_5,-0.5717,-0.5879,-0.5567
method,cpm,aff_r3,leiden,aff_r3,frequent_triples,volume_full,-0.5717,-0.5879,-0.5567
method,cpm,hash_bal,leiden,hash_bal,train,fanout,-0.0054,-0.0102,-0.0005
method,cpm,hash_bal,leiden,hash_bal,train,single_shard_share,0.0004,-0.0005,0.0013
method,cpm,hash_bal,leiden,hash_bal,train,overlap_1,0.0013,-0.0017,0.0041
method,cpm,hash_bal,leiden,hash_bal,train,overlap_2,0.0004,-0.0007,0.0015
method,cpm,hash_bal,leiden,hash_bal,train,overlap_3,0.0002,-0.0002,0.0005
method,cpm,hash_bal,leiden,hash_bal,train,overlap_5,0.0,-0.0,0.0
method,cpm,hash_bal,leiden,hash_bal,train,overlap_full,0.0,0.0,0.0
method,cpm,hash_bal,leiden,hash_bal,train,volume_1,-0.005,-0.006,-0.0039
method,cpm,hash_bal,leiden,hash_bal,train,volume_2,-0.0083,-0.0098,-0.0069
method,cpm,hash_bal,leiden,hash_bal,train,volume_3,-0.012,-0.0138,-0.0102
method,cpm,hash_bal,leiden,hash_bal,train,volume_5,-0.0131,-0.015,-0.011
method,cpm,hash_bal,leiden,hash_bal,train,volume_full,-0.0132,-0.0151,-0.011
method,cpm,hash_bal,leiden,hash_bal,holdout,fanout,-0.0039,-0.0105,0.0026
method,cpm,hash_bal,leiden,hash_bal,holdout,single_shard_share,0.001,-0.0003,0.0025
method,cpm,hash_bal,leiden,hash_bal,holdout,overlap_1,-0.0003,-0.0041,0.0034
method,cpm,hash_bal,leiden,hash_bal,holdout,overlap_2,-0.0002,-0.0017,0.0013
method,cpm,hash_bal,leiden,hash_bal,holdout,overlap_3,-0.0001,-0.0005,0.0003
method,cpm,hash_bal,leiden,hash_bal,holdout,overlap_5,0.0001,0.0,0.0001
method,cpm,hash_bal,leiden,hash_bal,holdout,overlap_full,0.0,0.0,0.0
method,cpm,hash_bal,leiden,hash_bal,holdout,volume_1,-0.0047,-0.0061,-0.0034
method,cpm,hash_bal,leiden,hash_bal,holdout,volume_2,-0.0089,-0.0109,-0.0071
method,cpm,hash_bal,leiden,hash_bal,holdout,volume_3,-0.0134,-0.0156,-0.0112
method,cpm,hash_bal,leiden,hash_bal,holdout,volume_5,-0.0148,-0.0172,-0.0122
method,cpm,hash_bal,leiden,hash_bal,holdout,volume_full,-0.0149,-0.0174,-0.0123
method,cpm,hash_bal,leiden,hash_bal,ood,fanout,-0.0052,-0.0117,0.0022
method,cpm,hash_bal,leiden,hash_bal,ood,single_shard_share,0.0001,0.0,0.0003
method,cpm,hash_bal,leiden,hash_bal,ood,overlap_1,0.0,-0.0039,0.0038
method,cpm,hash_bal,leiden,hash_bal,ood,overlap_2,-0.0014,-0.0037,0.001
method,cpm,hash_bal,leiden,hash_bal,ood,overlap_3,0.0003,-0.0008,0.0014
method,cpm,hash_bal,leiden,hash_bal,ood,overlap_5,0.0,-0.0002,0.0002
method,cpm,hash_bal,leiden,hash_bal,ood,overlap_full,0.0,0.0,0.0
method,cpm,hash_bal,leiden,hash_bal,ood,volume_1,-0.0041,-0.0052,-0.003
method,cpm,hash_bal,leiden,hash_bal,ood,volume_2,-0.0104,-0.0119,-0.0089
method,cpm,hash_bal,leiden,hash_bal,ood,volume_3,-0.0154,-0.0171,-0.0137
method,cpm,hash_bal,leiden,hash_bal,ood,volume_5,-0.0222,-0.0243,-0.0198
method,cpm,hash_bal,leiden,hash_bal,ood,volume_full,-0.0234,-0.0258,-0.0209
method,cpm,hash_bal,leiden,hash_bal,connected_pairs,fanout,0.0055,0.0015,0.01
method,cpm,hash_bal,leiden,hash_bal,connected_pairs,single_shard_share,-0.0055,-0.01,-0.0015
method,cpm,hash_bal,leiden,hash_bal,connected_pairs,overlap_1,-0.0017,-0.0047,0.0014
method,cpm,hash_bal,leiden,hash_bal,connected_pairs,overlap_2,0.0,0.0,0.0
method,cpm,hash_bal,leiden,hash_bal,connected_pairs,overlap_3,0.0,0.0,0.0
method,cpm,hash_bal,leiden,hash_bal,connected_pairs,overlap_5,0.0,0.0,0.0
method,cpm,hash_bal,leiden,hash_bal,connected_pairs,overlap_full,0.0,0.0,0.0
method,cpm,hash_bal,leiden,hash_bal,connected_pairs,volume_1,-0.0037,-0.0063,-0.0013
method,cpm,hash_bal,leiden,hash_bal,connected_pairs,volume_2,-0.0089,-0.0128,-0.0052
method,cpm,hash_bal,leiden,hash_bal,connected_pairs,volume_3,-0.0089,-0.0128,-0.0052
method,cpm,hash_bal,leiden,hash_bal,connected_pairs,volume_5,-0.0089,-0.0128,-0.0052
method,cpm,hash_bal,leiden,hash_bal,connected_pairs,volume_full,-0.0089,-0.0128,-0.0052
method,cpm,hash_bal,leiden,hash_bal,connected_triples,fanout,-0.002,-0.011,0.007
method,cpm,hash_bal,leiden,hash_bal,connected_triples,single_shard_share,0.0,0.0,0.0
method,cpm,hash_bal,leiden,hash_bal,connected_triples,overlap_1,0.001,-0.0027,0.0048
method,cpm,hash_bal,leiden,hash_bal,connected_triples,overlap_2,-0.0003,-0.0007,0.0001
method,cpm,hash_bal,leiden,hash_bal,connected_triples,overlap_3,0.0,0.0,0.0
method,cpm,hash_bal,leiden,hash_bal,connected_triples,overlap_5,0.0,0.0,0.0
method,cpm,hash_bal,leiden,hash_bal,connected_triples,overlap_full,0.0,0.0,0.0
method,cpm,hash_bal,leiden,hash_bal,connected_triples,volume_1,-0.004,-0.0064,-0.0014
method,cpm,hash_bal,leiden,hash_bal,connected_triples,volume_2,-0.0096,-0.013,-0.0062
method,cpm,hash_bal,leiden,hash_bal,connected_triples,volume_3,-0.0132,-0.0173,-0.009
method,cpm,hash_bal,leiden,hash_bal,connected_triples,volume_5,-0.0132,-0.0173,-0.009
method,cpm,hash_bal,leiden,hash_bal,connected_triples,volume_full,-0.0132,-0.0173,-0.009
method,cpm,hash_bal,leiden,hash_bal,frequent_pairs,fanout,-0.0005,-0.0055,0.0045
method,cpm,hash_bal,leiden,hash_bal,frequent_pairs,single_shard_share,0.0005,-0.0045,0.0055
method,cpm,hash_bal,leiden,hash_bal,frequent_pairs,overlap_1,0.0,0.0,0.0
method,cpm,hash_bal,leiden,hash_bal,frequent_pairs,overlap_2,0.0,0.0,0.0
method,cpm,hash_bal,leiden,hash_bal,frequent_pairs,overlap_3,0.0,0.0,0.0
method,cpm,hash_bal,leiden,hash_bal,frequent_pairs,overlap_5,0.0,0.0,0.0
method,cpm,hash_bal,leiden,hash_bal,frequent_pairs,overlap_full,0.0,0.0,0.0
method,cpm,hash_bal,leiden,hash_bal,frequent_pairs,volume_1,-0.0032,-0.0056,-0.0007
method,cpm,hash_bal,leiden,hash_bal,frequent_pairs,volume_2,-0.001,-0.0048,0.0024
method,cpm,hash_bal,leiden,hash_bal,frequent_pairs,volume_3,-0.001,-0.0048,0.0024
method,cpm,hash_bal,leiden,hash_bal,frequent_pairs,volume_5,-0.001,-0.0048,0.0024
method,cpm,hash_bal,leiden,hash_bal,frequent_pairs,volume_full,-0.001,-0.0048,0.0024
method,cpm,hash_bal,leiden,hash_bal,frequent_triples,fanout,-0.007,-0.017,0.003
method,cpm,hash_bal,leiden,hash_bal,frequent_triples,single_shard_share,0.0005,0.0,0.0015
method,cpm,hash_bal,leiden,hash_bal,frequent_triples,overlap_1,0.0002,-0.0019,0.0022
method,cpm,hash_bal,leiden,hash_bal,frequent_triples,overlap_2,0.0,0.0,0.0
method,cpm,hash_bal,leiden,hash_bal,frequent_triples,overlap_3,0.0,0.0,0.0
method,cpm,hash_bal,leiden,hash_bal,frequent_triples,overlap_5,0.0,0.0,0.0
method,cpm,hash_bal,leiden,hash_bal,frequent_triples,overlap_full,0.0,0.0,0.0
method,cpm,hash_bal,leiden,hash_bal,frequent_triples,volume_1,-0.0033,-0.0057,-0.0009
method,cpm,hash_bal,leiden,hash_bal,frequent_triples,volume_2,-0.005,-0.0087,-0.0015
method,cpm,hash_bal,leiden,hash_bal,frequent_triples,volume_3,0.0005,-0.0039,0.0052
method,cpm,hash_bal,leiden,hash_bal,frequent_triples,volume_5,0.0005,-0.0039,0.0052
method,cpm,hash_bal,leiden,hash_bal,frequent_triples,volume_full,0.0005,-0.0039,0.0052
method,cpm,bal,leiden,bal,train,fanout,0.0715,0.0608,0.0816
method,cpm,bal,leiden,bal,train,single_shard_share,-0.0046,-0.0081,-0.0011
method,cpm,bal,leiden,bal,train,overlap_1,-0.0189,-0.0227,-0.015
method,cpm,bal,leiden,bal,train,overlap_2,-0.0033,-0.0045,-0.0021
method,cpm,bal,leiden,bal,train,overlap_3,-0.0002,-0.0005,0.0002
method,cpm,bal,leiden,bal,train,overlap_5,-0.0,-0.0,0.0
method,cpm,bal,leiden,bal,train,overlap_full,0.0,0.0,0.0
method,cpm,bal,leiden,bal,train,volume_1,-0.0004,-0.0004,-0.0003
method,cpm,bal,leiden,bal,train,volume_2,0.0003,-0.0002,0.0008
method,cpm,bal,leiden,bal,train,volume_3,0.0055,0.0044,0.0066
method,cpm,bal,leiden,bal,train,volume_5,0.0098,0.0082,0.0112
method,cpm,bal,leiden,bal,train,volume_full,0.0104,0.0088,0.0119
method,cpm,bal,leiden,bal,holdout,fanout,0.0458,0.0323,0.0586
method,cpm,bal,leiden,bal,holdout,single_shard_share,-0.0059,-0.01,-0.0016
method,cpm,bal,leiden,bal,holdout,overlap_1,-0.0221,-0.0271,-0.017
method,cpm,bal,leiden,bal,holdout,overlap_2,-0.0032,-0.0049,-0.0015
method,cpm,bal,leiden,bal,holdout,overlap_3,0.0002,-0.0002,0.0007
method,cpm,bal,leiden,bal,holdout,overlap_5,0.0,-0.0,0.0002
method,cpm,bal,leiden,bal,holdout,overlap_full,0.0,0.0,0.0
method,cpm,bal,leiden,bal,holdout,volume_1,-0.0002,-0.0003,-0.0002
method,cpm,bal,leiden,bal,holdout,volume_2,0.0006,0.0,0.0013
method,cpm,bal,leiden,bal,holdout,volume_3,0.0027,0.0013,0.004
method,cpm,bal,leiden,bal,holdout,volume_5,0.0058,0.0039,0.0076
method,cpm,bal,leiden,bal,holdout,volume_full,0.0067,0.0047,0.0086
method,cpm,bal,leiden,bal,ood,fanout,0.0058,-0.0036,0.0156
method,cpm,bal,leiden,bal,ood,single_shard_share,-0.0007,-0.0016,0.0001
method,cpm,bal,leiden,bal,ood,overlap_1,-0.013,-0.0176,-0.0088
method,cpm,bal,leiden,bal,ood,overlap_2,-0.0052,-0.0077,-0.0027
method,cpm,bal,leiden,bal,ood,overlap_3,-0.0005,-0.0017,0.0005
method,cpm,bal,leiden,bal,ood,overlap_5,0.0001,-0.0001,0.0002
method,cpm,bal,leiden,bal,ood,overlap_full,0.0,0.0,0.0
method,cpm,bal,leiden,bal,ood,volume_1,-0.0002,-0.0003,-0.0001
method,cpm,bal,leiden,bal,ood,volume_2,-0.0001,-0.0003,0.0
method,cpm,bal,leiden,bal,ood,volume_3,0.0001,-0.0004,0.0006
method,cpm,bal,leiden,bal,ood,volume_5,0.001,-0.0003,0.0024
method,cpm,bal,leiden,bal,ood,volume_full,0.0008,-0.0007,0.0022
method,cpm,bal,leiden,bal,connected_pairs,fanout,0.0035,-0.003,0.0095
method,cpm,bal,leiden,bal,connected_pairs,single_shard_share,-0.0035,-0.0095,0.003
method,cpm,bal,leiden,bal,connected_pairs,overlap_1,-0.0007,-0.0015,-0.0
method,cpm,bal,leiden,bal,connected_pairs,overlap_2,0.0,0.0,0.0
method,cpm,bal,leiden,bal,connected_pairs,overlap_3,0.0,0.0,0.0
method,cpm,bal,leiden,bal,connected_pairs,overlap_5,0.0,0.0,0.0
method,cpm,bal,leiden,bal,connected_pairs,overlap_full,0.0,0.0,0.0
method,cpm,bal,leiden,bal,connected_pairs,volume_1,-0.0002,-0.0003,0.0001
method,cpm,bal,leiden,bal,connected_pairs,volume_2,0.0004,-0.0005,0.0012
method,cpm,bal,leiden,bal,connected_pairs,volume_3,0.0004,-0.0005,0.0012
method,cpm,bal,leiden,bal,connected_pairs,volume_5,0.0004,-0.0005,0.0012
method,cpm,bal,leiden,bal,connected_pairs,volume_full,0.0004,-0.0005,0.0012
method,cpm,bal,leiden,bal,connected_triples,fanout,0.0795,0.052,0.106
method,cpm,bal,leiden,bal,connected_triples,single_shard_share,-0.0655,-0.086,-0.045
method,cpm,bal,leiden,bal,connected_triples,overlap_1,-0.0023,-0.0051,0.0004
method,cpm,bal,leiden,bal,connected_triples,overlap_2,0.0,0.0,0.0
method,cpm,bal,leiden,bal,connected_triples,overlap_3,0.0,0.0,0.0
method,cpm,bal,leiden,bal,connected_triples,overlap_5,0.0,0.0,0.0
method,cpm,bal,leiden,bal,connected_triples,overlap_full,0.0,0.0,0.0
method,cpm,bal,leiden,bal,connected_triples,volume_1,-0.0,-0.0001,0.0
method,cpm,bal,leiden,bal,connected_triples,volume_2,0.0098,0.0067,0.0129
method,cpm,bal,leiden,bal,connected_triples,volume_3,0.0119,0.0078,0.0159
method,cpm,bal,leiden,bal,connected_triples,volume_5,0.0119,0.0078,0.0159
method,cpm,bal,leiden,bal,connected_triples,volume_full,0.0119,0.0078,0.0159
method,cpm,bal,leiden,bal,frequent_pairs,fanout,0.025,0.0075,0.0445
method,cpm,bal,leiden,bal,frequent_pairs,single_shard_share,-0.025,-0.0445,-0.0075
method,cpm,bal,leiden,bal,frequent_pairs,overlap_1,0.0002,0.0,0.0006
method,cpm,bal,leiden,bal,frequent_pairs,overlap_2,0.0,0.0,0.0
method,cpm,bal,leiden,bal,frequent_pairs,overlap_3,0.0,0.0,0.0
method,cpm,bal,leiden,bal,frequent_pairs,overlap_5,0.0,0.0,0.0
method,cpm,bal,leiden,bal,frequent_pairs,overlap_full,0.0,0.0,0.0
method,cpm,bal,leiden,bal,frequent_pairs,volume_1,0.0001,0.0,0.0001
method,cpm,bal,leiden,bal,frequent_pairs,volume_2,0.0038,0.0012,0.0068
method,cpm,bal,leiden,bal,frequent_pairs,volume_3,0.0038,0.0012,0.0068
method,cpm,bal,leiden,bal,frequent_pairs,volume_5,0.0038,0.0012,0.0068
method,cpm,bal,leiden,bal,frequent_pairs,volume_full,0.0038,0.0012,0.0068
method,cpm,bal,leiden,bal,frequent_triples,fanout,0.067,0.0395,0.093
method,cpm,bal,leiden,bal,frequent_triples,single_shard_share,-0.009,-0.0235,0.0055
method,cpm,bal,leiden,bal,frequent_triples,overlap_1,-0.0035,-0.0058,-0.0013
method,cpm,bal,leiden,bal,frequent_triples,overlap_2,0.0,0.0,0.0
method,cpm,bal,leiden,bal,frequent_triples,overlap_3,0.0,0.0,0.0
method,cpm,bal,leiden,bal,frequent_triples,overlap_5,0.0,0.0,0.0
method,cpm,bal,leiden,bal,frequent_triples,overlap_full,0.0,0.0,0.0
method,cpm,bal,leiden,bal,frequent_triples,volume_1,0.0,0.0,0.0
method,cpm,bal,leiden,bal,frequent_triples,volume_2,0.0014,-0.0007,0.0036
method,cpm,bal,leiden,bal,frequent_triples,volume_3,0.0102,0.006,0.0141
method,cpm,bal,leiden,bal,frequent_triples,volume_5,0.0102,0.006,0.0141
method,cpm,bal,leiden,bal,frequent_triples,volume_full,0.0102,0.006,0.0141
method,infomap,hash_base,leiden,hash_base,train,fanout,0.0067,0.0049,0.0087
method,infomap,hash_base,leiden,hash_base,train,single_shard_share,-0.0002,-0.0006,0.0002
method,infomap,hash_base,leiden,hash_base,train,overlap_1,-0.0094,-0.0107,-0.0082
method,infomap,hash_base,leiden,hash_base,train,overlap_2,-0.0029,-0.0036,-0.0024
method,infomap,hash_base,leiden,hash_base,train,overlap_3,-0.0005,-0.0008,-0.0003
method,infomap,hash_base,leiden,hash_base,train,overlap_5,0.0,0.0,0.0
method,infomap,hash_base,leiden,hash_base,train,overlap_full,0.0,0.0,0.0
method,infomap,hash_base,leiden,hash_base,train,volume_1,-0.0263,-0.0267,-0.0259
method,infomap,hash_base,leiden,hash_base,train,volume_2,-0.0502,-0.0508,-0.0496
method,infomap,hash_base,leiden,hash_base,train,volume_3,-0.0679,-0.0686,-0.0672
method,infomap,hash_base,leiden,hash_base,train,volume_5,-0.0798,-0.0807,-0.0788
method,infomap,hash_base,leiden,hash_base,train,volume_full,-0.0814,-0.0824,-0.0804
method,infomap,hash_base,leiden,hash_base,holdout,fanout,0.0054,0.003,0.0077
method,infomap,hash_base,leiden,hash_base,holdout,single_shard_share,-0.0002,-0.0005,0.0
method,infomap,hash_base,leiden,hash_base,holdout,overlap_1,-0.0085,-0.0101,-0.0068
method,infomap,hash_base,leiden,hash_base,holdout,overlap_2,-0.0024,-0.0031,-0.0017
method,infomap,hash_base,leiden,hash_base,holdout,overlap_3,-0.0003,-0.0006,-0.0
method,infomap,hash_base,leiden,hash_base,holdout,overlap_5,0.0,-0.0001,0.0001
method,infomap,hash_base,leiden,hash_base,holdout,overlap_full,0.0,0.0,0.0
method,infomap,hash_base,leiden,hash_base,holdout,volume_1,-0.0262,-0.0268,-0.0257
method,infomap,hash_base,leiden,hash_base,holdout,volume_2,-0.0503,-0.0511,-0.0495
method,infomap,hash_base,leiden,hash_base,holdout,volume_3,-0.0672,-0.0682,-0.0662
method,infomap,hash_base,leiden,hash_base,holdout,volume_5,-0.0789,-0.0801,-0.0776
method,infomap,hash_base,leiden,hash_base,holdout,volume_full,-0.0804,-0.0817,-0.0792
method,infomap,hash_base,leiden,hash_base,ood,fanout,0.0109,0.0082,0.0136
method,infomap,hash_base,leiden,hash_base,ood,single_shard_share,0.0,0.0,0.0
method,infomap,hash_base,leiden,hash_base,ood,overlap_1,-0.0158,-0.0174,-0.0141
method,infomap,hash_base,leiden,hash_base,ood,overlap_2,-0.01,-0.0113,-0.0089
method,infomap,hash_base,leiden,hash_base,ood,overlap_3,-0.0033,-0.0039,-0.0027
method,infomap,hash_base,leiden,hash_base,ood,overlap_5,-0.0002,-0.0004,-0.0001
method,infomap,hash_base,leiden,hash_base,ood,overlap_full,0.0,0.0,0.0
method,infomap,hash_base,leiden,hash_base,ood,volume_1,-0.0271,-0.0275,-0.0267
method,infomap,hash_base,leiden,hash_base,ood,volume_2,-0.0541,-0.0547,-0.0535
method,infomap,hash_base,leiden,hash_base,ood,volume_3,-0.0813,-0.082,-0.0806
method,infomap,hash_base,leiden,hash_base,ood,volume_5,-0.1186,-0.1196,-0.1177
method,infomap,hash_base,leiden,hash_base,ood,volume_full,-0.1259,-0.127,-0.1247
method,infomap,hash_base,leiden,hash_base,connected_pairs,fanout,-0.0005,-0.0025,0.001
method,infomap,hash_base,leiden,hash_base,connected_pairs,single_shard_share,0.0005,-0.001,0.0025
method,infomap,hash_base,leiden,hash_base,connected_pairs,overlap_1,-0.0026,-0.0038,-0.0014
method,infomap,hash_base,leiden,hash_base,connected_pairs,overlap_2,0.0,0.0,0.0
method,infomap,hash_base,leiden,hash_base,connected_pairs,overlap_3,0.0,0.0,0.0
method,infomap,hash_base,leiden,hash_base,connected_pairs,overlap_5,0.0,0.0,0.0
method,infomap,hash_base,leiden,hash_base,connected_pairs,overlap_full,0.0,0.0,0.0
method,infomap,hash_base,leiden,hash_base,connected_pairs,volume_1,-0.0262,-0.0273,-0.0253
method,infomap,hash_base,leiden,hash_base,connected_pairs,volume_2,-0.0531,-0.0546,-0.0518
method,infomap,hash_base,leiden,hash_base,connected_pairs,volume_3,-0.0531,-0.0546,-0.0518
method,infomap,hash_base,leiden,hash_base,connected_pairs,volume_5,-0.0531,-0.0546,-0.0518
method,infomap,hash_base,leiden,hash_base,connected_pairs,volume_full,-0.0531,-0.0546,-0.0518
method,infomap,hash_base,leiden,hash_base,connected_triples,fanout,0.0025,-0.0005,0.006
method,infomap,hash_base,leiden,hash_base,connected_triples,single_shard_share,0.0,0.0,0.0
method,infomap,hash_base,leiden,hash_base,connected_triples,overlap_1,-0.0044,-0.0062,-0.0029
method,infomap,hash_base,leiden,hash_base,connected_triples,overlap_2,-0.0001,-0.0002,0.0
method,infomap,hash_base,leiden,hash_base,connected_triples,overlap_3,0.0,0.0,0.0
method,infomap,hash_base,leiden,hash_base,connected_triples,overlap_5,0.0,0.0,0.0
method,infomap,hash_base,leiden,hash_base,connected_triples,overlap_full,0.0,0.0,0.0
method,infomap,hash_base,leiden,hash_base,connected_triples,volume_1,-0.026,-0.027,-0.025
method,infomap,hash_base,leiden,hash_base,connected_triples,volume_2,-0.0528,-0.0542,-0.0514
method,infomap,hash_base,leiden,hash_base,connected_triples,volume_3,-0.0797,-0.0814,-0.078
method,infomap,hash_base,leiden,hash_base,connected_triples,volume_5,-0.0797,-0.0814,-0.078
method,infomap,hash_base,leiden,hash_base,connected_triples,volume_full,-0.0797,-0.0814,-0.078
method,infomap,hash_base,leiden,hash_base,frequent_pairs,fanout,0.0005,-0.0015,0.002
method,infomap,hash_base,leiden,hash_base,frequent_pairs,single_shard_share,-0.0005,-0.002,0.0015
method,infomap,hash_base,leiden,hash_base,frequent_pairs,overlap_1,-0.0001,-0.0002,0.0
method,infomap,hash_base,leiden,hash_base,frequent_pairs,overlap_2,0.0,0.0,0.0
method,infomap,hash_base,leiden,hash_base,frequent_pairs,overlap_3,0.0,0.0,0.0
method,infomap,hash_base,leiden,hash_base,frequent_pairs,overlap_5,0.0,0.0,0.0
method,infomap,hash_base,leiden,hash_base,frequent_pairs,overlap_full,0.0,0.0,0.0
method,infomap,hash_base,leiden,hash_base,frequent_pairs,volume_1,-0.0263,-0.0273,-0.0253
method,infomap,hash_base,leiden,hash_base,frequent_pairs,volume_2,-0.0537,-0.0551,-0.0523
method,infomap,hash_base,leiden,hash_base,frequent_pairs,volume_3,-0.0537,-0.0551,-0.0523
method,infomap,hash_base,leiden,hash_base,frequent_pairs,volume_5,-0.0537,-0.0551,-0.0523
method,infomap,hash_base,leiden,hash_base,frequent_pairs,volume_full,-0.0537,-0.0551,-0.0523
method,infomap,hash_base,leiden,hash_base,frequent_triples,fanout,0.008,0.004,0.0125
method,infomap,hash_base,leiden,hash_base,frequent_triples,single_shard_share,0.0,0.0,0.0
method,infomap,hash_base,leiden,hash_base,frequent_triples,overlap_1,-0.0017,-0.0027,-0.0008
method,infomap,hash_base,leiden,hash_base,frequent_triples,overlap_2,0.0,0.0,0.0
method,infomap,hash_base,leiden,hash_base,frequent_triples,overlap_3,0.0,0.0,0.0
method,infomap,hash_base,leiden,hash_base,frequent_triples,overlap_5,0.0,0.0,0.0
method,infomap,hash_base,leiden,hash_base,frequent_triples,overlap_full,0.0,0.0,0.0
method,infomap,hash_base,leiden,hash_base,frequent_triples,volume_1,-0.0267,-0.0279,-0.0257
method,infomap,hash_base,leiden,hash_base,frequent_triples,volume_2,-0.0512,-0.0526,-0.0498
method,infomap,hash_base,leiden,hash_base,frequent_triples,volume_3,-0.0792,-0.0809,-0.0776
method,infomap,hash_base,leiden,hash_base,frequent_triples,volume_5,-0.0792,-0.0809,-0.0776
method,infomap,hash_base,leiden,hash_base,frequent_triples,volume_full,-0.0792,-0.0809,-0.0776
method,infomap,base,leiden,base,train,fanout,0.4136,0.3998,0.4274
method,infomap,base,leiden,base,train,single_shard_share,-0.0759,-0.081,-0.0706
method,infomap,base,leiden,base,train,overlap_1,-0.0911,-0.0951,-0.087
method,infomap,base,leiden,base,train,overlap_2,-0.017,-0.0186,-0.0153
method,infomap,base,leiden,base,train,overlap_3,-0.0023,-0.0028,-0.0018
method,infomap,base,leiden,base,train,overlap_5,-0.0,-0.0,0.0
method,infomap,base,leiden,base,train,overlap_full,0.0,0.0,0.0
method,infomap,base,leiden,base,train,volume_1,-0.3381,-0.3437,-0.3326
method,infomap,base,leiden,base,train,volume_2,-0.6162,-0.6242,-0.6084
method,infomap,base,leiden,base,train,volume_3,-0.7417,-0.7517,-0.7321
method,infomap,base,leiden,base,train,volume_5,-0.786,-0.797,-0.7759
method,infomap,base,leiden,base,train,volume_full,-0.788,-0.7993,-0.7774
method,infomap,base,leiden,base,holdout,fanout,0.3949,0.378,0.4113
method,infomap,base,leiden,base,holdout,single_shard_share,-0.0617,-0.0679,-0.056
method,infomap,base,leiden,base,holdout,overlap_1,-0.0992,-0.105,-0.0935
method,infomap,base,leiden,base,holdout,overlap_2,-0.0203,-0.0227,-0.0182
method,infomap,base,leiden,base,holdout,overlap_3,-0.0029,-0.0037,-0.0021
method,infomap,base,leiden,base,holdout,overlap_5,-0.0002,-0.0004,-0.0
method,infomap,base,leiden,base,holdout,overlap_full,0.0,0.0,0.0
method,infomap,base,leiden,base,holdout,volume_1,-0.317,-0.3239,-0.3102
method,infomap,base,leiden,base,holdout,volume_2,-0.6023,-0.6124,-0.5925
method,infomap,base,leiden,base,holdout,volume_3,-0.749,-0.7618,-0.7369
method,infomap,base,leiden,base,holdout,volume_5,-0.8043,-0.8183,-0.7908
method,infomap,base,leiden,base,holdout,volume_full,-0.8076,-0.8217,-0.7936
method,infomap,base,leiden,base,ood,fanout,0.5123,0.4967,0.5273
method,infomap,base,leiden,base,ood,single_shard_share,-0.0087,-0.0105,-0.0067
method,infomap,base,leiden,base,ood,overlap_1,-0.1751,-0.1806,-0.1695
method,infomap,base,leiden,base,ood,overlap_2,-0.0865,-0.09,-0.083
method,infomap,base,leiden,base,ood,overlap_3,-0.0228,-0.0245,-0.0212
method,infomap,base,leiden,base,ood,overlap_5,-0.0009,-0.0012,-0.0006
method,infomap,base,leiden,base,ood,overlap_full,0.0,0.0,0.0
method,infomap,base,leiden,base,ood,volume_1,-0.3026,-0.3073,-0.2972
method,infomap,base,leiden,base,ood,volume_2,-0.5808,-0.5874,-0.5738
method,infomap,base,leiden,base,ood,volume_3,-0.8887,-0.8969,-0.8801
method,infomap,base,leiden,base,ood,volume_5,-1.1941,-1.2036,-1.1831
method,infomap,base,leiden,base,ood,volume_full,-1.2227,-1.2333,-1.2112
method,infomap,base,leiden,base,connected_pairs,fanout,0.0015,-0.004,0.0065
method,infomap,base,leiden,base,connected_pairs,single_shard_share,-0.0015,-0.0065,0.004
method,infomap,base,leiden,base,connected_pairs,overlap_1,-0.0005,-0.0015,0.0
method,infomap,base,leiden,base,connected_pairs,overlap_2,0.0,0.0,0.0
method,infomap,base,leiden,base,connected_pairs,overlap_3,0.0,0.0,0.0
method,infomap,base,leiden,base,connected_pairs,overlap_5,0.0,0.0,0.0
method,infomap,base,leiden,base,connected_pairs,overlap_full,0.0,0.0,0.0
method,infomap,base,leiden,base,connected_pairs,volume_1,-0.4135,-0.4252,-0.4025
method,infomap,base,leiden,base,connected_pairs,volume_2,-0.4179,-0.43,-0.407
method,infomap,base,leiden,base,connected_pairs,volume_3,-0.4179,-0.43,-0.407
method,infomap,base,leiden,base,connected_pairs,volume_5,-0.4179,-0.43,-0.407
method,infomap,base,leiden,base,connected_pairs,volume_full,-0.4179,-0.43,-0.407
method,infomap,base,leiden,base,connected_triples,fanout,0.3025,0.272,0.332
method,infomap,base,leiden,base,connected_triples,single_shard_share,-0.249,-0.274,-0.2245
method,infomap,base,leiden,base,connected_triples,overlap_1,-0.0061,-0.0083,-0.0042
method,infomap,base,leiden,base,connected_triples,overlap_2,0.0,0.0,0.0
method,infomap,base,leiden,base,connected_triples,overlap_3,0.0,0.0,0.0
method,infomap,base,leiden,base,connected_triples,overlap_5,0.0,0.0,0.0
method,infomap,base,leiden,base,connected_triples,overlap_full,0.0,0.0,0.0
method,infomap,base,leiden,base,connected_triples,volume_1,-0.5205,-0.5277,-0.5133
method,infomap,base,leiden,base,connected_triples,volume_2,-0.6244,-0.6376,-0.6114
method,infomap,base,leiden,base,connected_triples,volume_3,-0.6352,-0.6499,-0.621
method,infomap,base,leiden,base,connected_triples,volume_5,-0.6352,-0.6499,-0.621
method,infomap,base,leiden,base,connected_triples,volume_full,-0.6352,-0.6499,-0.621
method,infomap,base,leiden,base,frequent_pairs,fanout,0.3415,0.3185,0.366
method,infomap,base,leiden,base,frequent_pairs,single_shard_share,-0.3415,-0.366,-0.3185
method,infomap,base,leiden,base,frequent_pairs,overlap_1,0.0002,0.0,0.0004
method,infomap,base,leiden,base,frequent_pairs,overlap_2,0.0,0.0,0.0
method,infomap,base,leiden,base,frequent_pairs,overlap_3,0.0,0.0,0.0
method,infomap,base,leiden,base,frequent_pairs,overlap_5,0.0,0.0,0.0
method,infomap,base,leiden,base,frequent_pairs,overlap_full,0.0,0.0,0.0
method,infomap,base,leiden,base,frequent_pairs,volume_1,-0.5277,-0.5344,-0.5211
method,infomap,base,leiden,base,frequent_pairs,volume_2,-0.6518,-0.665,-0.6375
method,infomap,base,leiden,base,frequent_pairs,volume_3,-0.6518,-0.665,-0.6375
method,infomap,base,leiden,base,frequent_pairs,volume_5,-0.6518,-0.665,-0.6375
method,infomap,base,leiden,base,frequent_pairs,volume_full,-0.6518,-0.665,-0.6375
method,infomap,base,leiden,base,frequent_triples,fanout,0.7325,0.699,0.7685
method,infomap,base,leiden,base,frequent_triples,single_shard_share,-0.3635,-0.3875,-0.3415
method,infomap,base,leiden,base,frequent_triples,overlap_1,-0.0143,-0.0173,-0.0112
method,infomap,base,leiden,base,frequent_triples,overlap_2,0.0,0.0,0.0
method,infomap,base,leiden,base,frequent_triples,overlap_3,0.0,0.0,0.0
method,infomap,base,leiden,base,frequent_triples,overlap_5,0.0,0.0,0.0
method,infomap,base,leiden,base,frequent_triples,overlap_full,0.0,0.0,0.0
method,infomap,base,leiden,base,frequent_triples,volume_1,-0.5232,-0.5296,-0.5166
method,infomap,base,leiden,base,frequent_triples,volume_2,-0.7315,-0.7453,-0.7176
method,infomap,base,leiden,base,frequent_triples,volume_3,-0.7563,-0.7746,-0.7392
method,infomap,base,leiden,base,frequent_triples,volume_5,-0.7563,-0.7746,-0.7392
method,infomap,base,leiden,base,frequent_triples,volume_full,-0.7563,-0.7746,-0.7392
method,infomap,base_r2,leiden,base_r2,train,fanout,0.4758,0.461,0.4894
method,infomap,base_r2,leiden,base_r2,train,single_shard_share,-0.1196,-0.1259,-0.1129
method,infomap,base_r2,leiden,base_r2,train,overlap_1,-0.0851,-0.0889,-0.0812
method,infomap,base_r2,leiden,base_r2,train,overlap_2,-0.0136,-0.0151,-0.0123
method,infomap,base_r2,leiden,base_r2,train,overlap_3,-0.0015,-0.002,-0.0011
method,infomap,base_r2,leiden,base_r2,train,overlap_5,0.0,0.0,0.0
method,infomap,base_r2,leiden,base_r2,train,overlap_full,0.0,0.0,0.0
method,infomap,base_r2,leiden,base_r2,train,volume_1,-0.4372,-0.4444,-0.4301
method,infomap,base_r2,leiden,base_r2,train,volume_2,-0.6751,-0.6846,-0.6662
method,infomap,base_r2,leiden,base_r2,train,volume_3,-0.7273,-0.7387,-0.717
method,infomap,base_r2,leiden,base_r2,train,volume_5,-0.7254,-0.737,-0.7149
method,infomap,base_r2,leiden,base_r2,train,volume_full,-0.7234,-0.735,-0.7129
method,infomap,base_r2,leiden,base_r2,holdout,fanout,0.4935,0.4752,0.512
method,infomap,base_r2,leiden,base_r2,holdout,single_shard_share,-0.0996,-0.108,-0.0918
method,infomap,base_r2,leiden,base_r2,holdout,overlap_1,-0.0961,-0.1013,-0.0906
method,infomap,base_r2,leiden,base_r2,holdout,overlap_2,-0.0181,-0.0202,-0.016
method,infomap,base_r2,leiden,base_r2,holdout,overlap_3,-0.0023,-0.003,-0.0016
method,infomap,base_r2,leiden,base_r2,holdout,overlap_5,-0.0001,-0.0004,0.0
method,infomap,base_r2,leiden,base_r2,holdout,overlap_full,0.0,0.0,0.0
method,infomap,base_r2,leiden,base_r2,holdout,volume_1,-0.407,-0.4157,-0.3986
method,infomap,base_r2,leiden,base_r2,holdout,volume_2,-0.6595,-0.6712,-0.648
method,infomap,base_r2,leiden,base_r2,holdout,volume_3,-0.7351,-0.7486,-0.7223
method,infomap,base_r2,leiden,base_r2,holdout,volume_5,-0.7335,-0.7472,-0.7208
method,infomap,base_r2,leiden,base_r2,holdout,volume_full,-0.7313,-0.7454,-0.7184
method,infomap,base_r2,leiden,base_r2,ood,fanout,0.8077,0.7903,0.8245
method,infomap,base_r2,leiden,base_r2,ood,single_shard_share,-0.0271,-0.0302,-0.024
method,infomap,base_r2,leiden,base_r2,ood,overlap_1,-0.2161,-0.2218,-0.2099
method,infomap,base_r2,leiden,base_r2,ood,overlap_2,-0.0874,-0.091,-0.0837
method,infomap,base_r2,leiden,base_r2,ood,overlap_3,-0.0209,-0.0226,-0.0192
method,infomap,base_r2,leiden,base_r2,ood,overlap_5,-0.0007,-0.001,-0.0005
method,infomap,base_r2,leiden,base_r2,ood,overlap_full,0.0,0.0,0.0
method,infomap,base_r2,leiden,base_r2,ood,volume_1,-0.4783,-0.4843,-0.4721
method,infomap,base_r2,leiden,base_r2,ood,volume_2,-0.7963,-0.8047,-0.787
method,infomap,base_r2,leiden,base_r2,ood,volume_3,-1.0982,-1.1092,-1.0879
method,infomap,base_r2,leiden,base_r2,ood,volume_5,-1.2472,-1.2597,-1.2356
method,infomap,base_r2,leiden,base_r2,ood,volume_full,-1.2417,-1.2539,-1.2302
method,infomap,base_r2,leiden,base_r2,connected_pairs,fanout,0.0,0.0,0.0
method,infomap,base_r2,leiden,base_r2,connected_pairs,single_shard_share,0.0,0.0,0.0
method,infomap,base_r2,leiden,base_r2,connected_pairs,overlap_1,0.0,0.0,0.0
method,infomap,base_r2,leiden,base_r2,connected_pairs,overlap_2,0.0,0.0,0.0
method,infomap,base_r2,leiden,base_r2,connected_pairs,overlap_3,0.0,0.0,0.0
method,infomap,base_r2,leiden,base_r2,connected_pairs,overlap_5,0.0,0.0,0.0
method,infomap,base_r2,leiden,base_r2,connected_pairs,overlap_full,0.0,0.0,0.0
method,infomap,base_r2,leiden,base_r2,connected_pairs,volume_1,-0.5341,-0.5485,-0.5205
method,infomap,base_r2,leiden,base_r2,connected_pairs,volume_2,-0.5341,-0.5485,-0.5205
method,infomap,base_r2,leiden,base_r2,connected_pairs,volume_3,-0.5341,-0.5485,-0.5205
method,infomap,base_r2,leiden,base_r2,connected_pairs,volume_5,-0.5341,-0.5485,-0.5205
method,infomap,base_r2,leiden,base_r2,connected_pairs,volume_full,-0.5341,-0.5485,-0.5205
method,infomap,base_r2,leiden,base_r2,connected_triples,fanout,0.249,0.228,0.271
method,infomap,base_r2,leiden,base_r2,connected_triples,single_shard_share,-0.246,-0.2685,-0.225
method,infomap,base_r2,leiden,base_r2,connected_triples,overlap_1,0.0,0.0,0.0
method,infomap,base_r2,leiden,base_r2,connected_triples,overlap_2,0.0,0.0,0.0
method,infomap,base_r2,leiden,base_r2,connected_triples,overlap_3,0.0,0.0,0.0
method,infomap,base_r2,leiden,base_r2,connected_triples,overlap_5,0.0,0.0,0.0
method,infomap,base_r2,leiden,base_r2,connected_triples,overlap_full,0.0,0.0,0.0
method,infomap,base_r2,leiden,base_r2,connected_triples,volume_1,-0.6419,-0.6518,-0.632
method,infomap,base_r2,leiden,base_r2,connected_triples,volume_2,-0.6115,-0.6256,-0.599
method,infomap,base_r2,leiden,base_r2,connected_triples,volume_3,-0.6108,-0.6248,-0.5982
method,infomap,base_r2,leiden,base_r2,connected_triples,volume_5,-0.6108,-0.6248,-0.5982
method,infomap,base_r2,leiden,base_r2,connected_triples,volume_full,-0.6108,-0.6248,-0.5982
method,infomap,base_r2,leiden,base_r2,frequent_pairs,fanout,0.2755,0.254,0.2955
method,infomap,base_r2,leiden,base_r2,frequent_pairs,single_shard_share,-0.2755,-0.2955,-0.254
method,infomap,base_r2,leiden,base_r2,frequent_pairs,overlap_1,0.0,0.0,0.0
method,infomap,base_r2,leiden,base_r2,frequent_pairs,overlap_2,0.0,0.0,0.0
method,infomap,base_r2,leiden,base_r2,frequent_pairs,overlap_3,0.0,0.0,0.0
method,infomap,base_r2,leiden,base_r2,frequent_pairs,overlap_5,0.0,0.0,0.0
method,infomap,base_r2,leiden,base_r2,frequent_pairs,overlap_full,0.0,0.0,0.0
method,infomap,base_r2,leiden,base_r2,frequent_pairs,volume_1,-0.581,-0.5908,-0.5717
method,infomap,base_r2,leiden,base_r2,frequent_pairs,volume_2,-0.5497,-0.5637,-0.5357
method,infomap,base_r2,leiden,base_r2,frequent_pairs,volume_3,-0.5497,-0.5637,-0.5357
method,infomap,base_r2,leiden,base_r2,frequent_pairs,volume_5,-0.5497,-0.5637,-0.5357
method,infomap,base_r2,leiden,base_r2,frequent_pairs,volume_full,-0.5497,-0.5637,-0.5357
method,infomap,base_r2,leiden,base_r2,frequent_triples,fanout,0.557,0.5305,0.585
method,infomap,base_r2,leiden,base_r2,frequent_triples,single_shard_share,-0.4115,-0.4335,-0.3885
method,infomap,base_r2,leiden,base_r2,frequent_triples,overlap_1,-0.0074,-0.0097,-0.0055
method,infomap,base_r2,leiden,base_r2,frequent_triples,overlap_2,0.0,0.0,0.0
method,infomap,base_r2,leiden,base_r2,frequent_triples,overlap_3,0.0,0.0,0.0
method,infomap,base_r2,leiden,base_r2,frequent_triples,overlap_5,0.0,0.0,0.0
method,infomap,base_r2,leiden,base_r2,frequent_triples,overlap_full,0.0,0.0,0.0
method,infomap,base_r2,leiden,base_r2,frequent_triples,volume_1,-0.5694,-0.5797,-0.56
method,infomap,base_r2,leiden,base_r2,frequent_triples,volume_2,-0.5799,-0.5968,-0.564
method,infomap,base_r2,leiden,base_r2,frequent_triples,volume_3,-0.5448,-0.5621,-0.5291
method,infomap,base_r2,leiden,base_r2,frequent_triples,volume_5,-0.5448,-0.5621,-0.5291
method,infomap,base_r2,leiden,base_r2,frequent_triples,volume_full,-0.5448,-0.5621,-0.5291
method,infomap,base_r3,leiden,base_r3,train,fanout,0.4765,0.4626,0.49
method,infomap,base_r3,leiden,base_r3,train,single_shard_share,-0.1362,-0.1423,-0.1294
method,infomap,base_r3,leiden,base_r3,train,overlap_1,-0.0774,-0.081,-0.0736
method,infomap,base_r3,leiden,base_r3,train,overlap_2,-0.012,-0.0134,-0.0107
method,infomap,base_r3,leiden,base_r3,train,overlap_3,-0.0013,-0.0017,-0.001
method,infomap,base_r3,leiden,base_r3,train,overlap_5,0.0,0.0,0.0
method,infomap,base_r3,leiden,base_r3,train,overlap_full,0.0,0.0,0.0
method,infomap,base_r3,leiden,base_r3,train,volume_1,-0.4581,-0.4653,-0.4512
method,infomap,base_r3,leiden,base_r3,train,volume_2,-0.6467,-0.656,-0.6378
method,infomap,base_r3,leiden,base_r3,train,volume_3,-0.6697,-0.6803,-0.6594
method,infomap,base_r3,leiden,base_r3,train,volume_5,-0.6527,-0.6633,-0.6426
method,infomap,base_r3,leiden,base_r3,train,volume_full,-0.6505,-0.6609,-0.6405
method,infomap,base_r3,leiden,base_r3,holdout,fanout,0.5213,0.503,0.5397
method,infomap,base_r3,leiden,base_r3,holdout,single_shard_share,-0.1218,-0.1304,-0.1136
method,infomap,base_r3,leiden,base_r3,holdout,overlap_1,-0.09,-0.0951,-0.0849
method,infomap,base_r3,leiden,base_r3,holdout,overlap_2,-0.0158,-0.0178,-0.0138
method,infomap,base_r3,leiden,base_r3,holdout,overlap_3,-0.0019,-0.0026,-0.0013
method,infomap,base_r3,leiden,base_r3,holdout,overlap_5,-0.0001,-0.0003,0.0
method,infomap,base_r3,leiden,base_r3,holdout,overlap_full,0.0,0.0,0.0
method,infomap,base_r3,leiden,base_r3,holdout,volume_1,-0.4282,-0.4369,-0.4191
method,infomap,base_r3,leiden,base_r3,holdout,volume_2,-0.6249,-0.6364,-0.6134
method,infomap,base_r3,leiden,base_r3,holdout,volume_3,-0.6604,-0.673,-0.6479
method,infomap,base_r3,leiden,base_r3,holdout,volume_5,-0.6441,-0.6564,-0.6313
method,infomap,base_r3,leiden,base_r3,holdout,volume_full,-0.6417,-0.6543,-0.6288
method,infomap,base_r3,leiden,base_r3,ood,fanout,0.9608,0.9433,0.9781
method,infomap,base_r3,leiden,base_r3,ood,single_shard_share,-0.0418,-0.0457,-0.0383
method,infomap,base_r3,leiden,base_r3,ood,overlap_1,-0.2322,-0.2382,-0.2266
method,infomap,base_r3,leiden,base_r3,ood,overlap_2,-0.086,-0.0894,-0.0825
method,infomap,base_r3,leiden,base_r3,ood,overlap_3,-0.0192,-0.0209,-0.0176
method,infomap,base_r3,leiden,base_r3,ood,overlap_5,-0.0005,-0.0007,-0.0003
method,infomap,base_r3,leiden,base_r3,ood,overlap_full,0.0,0.0,0.0
method,infomap,base_r3,leiden,base_r3,ood,volume_1,-0.5679,-0.5741,-0.5616
method,infomap,base_r3,leiden,base_r3,ood,volume_2,-0.8596,-0.8685,-0.8506
method,infomap,base_r3,leiden,base_r3,ood,volume_3,-1.069,-1.0804,-1.0585
method,infomap,base_r3,leiden,base_r3,ood,volume_5,-1.1029,-1.1154,-1.0909
method,infomap,base_r3,leiden,base_r3,ood,volume_full,-1.0877,-1.1004,-1.0762
method,infomap,base_r3,leiden,base_r3,connected_pairs,fanout,0.0,0.0,0.0
method,infomap,base_r3,leiden,base_r3,connected_pairs,single_shard_share,0.0,0.0,0.0
method,infomap,base_r3,leiden,base_r3,connected_pairs,overlap_1,0.0,0.0,0.0
method,infomap,base_r3,leiden,base_r3,connected_pairs,overlap_2,0.0,0.0,0.0
method,infomap,base_r3,leiden,base_r3,connected_pairs,overlap_3,0.0,0.0,0.0
method,infomap,base_r3,leiden,base_r3,connected_pairs,overlap_5,0.0,0.0,0.0
method,infomap,base_r3,leiden,base_r3,connected_pairs,overlap_full,0.0,0.0,0.0
method,infomap,base_r3,leiden,base_r3,connected_pairs,volume_1,-0.5844,-0.5994,-0.5699
method,infomap,base_r3,leiden,base_r3,connected_pairs,volume_2,-0.5844,-0.5994,-0.5699
method,infomap,base_r3,leiden,base_r3,connected_pairs,volume_3,-0.5844,-0.5994,-0.5699
method,infomap,base_r3,leiden,base_r3,connected_pairs,volume_5,-0.5844,-0.5994,-0.5699
method,infomap,base_r3,leiden,base_r3,connected_pairs,volume_full,-0.5844,-0.5994,-0.5699
method,infomap,base_r3,leiden,base_r3,connected_triples,fanout,0.2005,0.1825,0.2195
method,infomap,base_r3,leiden,base_r3,connected_triples,single_shard_share,-0.2005,-0.2195,-0.1825
method,infomap,base_r3,leiden,base_r3,connected_triples,overlap_1,0.0,0.0,0.0
method,infomap,base_r3,leiden,base_r3,connected_triples,overlap_2,0.0,0.0,0.0
method,infomap,base_r3,leiden,base_r3,connected_triples,overlap_3,0.0,0.0,0.0
method,infomap,base_r3,leiden,base_r3,connected_triples,overlap_5,0.0,0.0,0.0
method,infomap,base_r3,leiden,base_r3,connected_triples,overlap_full,0.0,0.0,0.0
method,infomap,base_r3,leiden,base_r3,connected_triples,volume_1,-0.6752,-0.6847,-0.6655
method,infomap,base_r3,leiden,base_r3,connected_triples,volume_2,-0.6416,-0.653,-0.6308
method,infomap,base_r3,leiden,base_r3,connected_triples,volume_3,-0.6416,-0.653,-0.6308
method,infomap,base_r3,leiden,base_r3,connected_triples,volume_5,-0.6416,-0.653,-0.6308
method,infomap,base_r3,leiden,base_r3,connected_triples,volume_full,-0.6416,-0.653,-0.6308
method,infomap,base_r3,leiden,base_r3,frequent_pairs,fanout,0.2065,0.1865,0.2255
method,infomap,base_r3,leiden,base_r3,frequent_pairs,single_shard_share,-0.2065,-0.2255,-0.1865
method,infomap,base_r3,leiden,base_r3,frequent_pairs,overlap_1,0.0,0.0,0.0
method,infomap,base_r3,leiden,base_r3,frequent_pairs,overlap_2,0.0,0.0,0.0
method,infomap,base_r3,leiden,base_r3,frequent_pairs,overlap_3,0.0,0.0,0.0
method,infomap,base_r3,leiden,base_r3,frequent_pairs,overlap_5,0.0,0.0,0.0
method,infomap,base_r3,leiden,base_r3,frequent_pairs,overlap_full,0.0,0.0,0.0
method,infomap,base_r3,leiden,base_r3,frequent_pairs,volume_1,-0.5794,-0.5889,-0.5695
method,infomap,base_r3,leiden,base_r3,frequent_pairs,volume_2,-0.5337,-0.5473,-0.52
method,infomap,base_r3,leiden,base_r3,frequent_pairs,volume_3,-0.5337,-0.5473,-0.52
method,infomap,base_r3,leiden,base_r3,frequent_pairs,volume_5,-0.5337,-0.5473,-0.52
method,infomap,base_r3,leiden,base_r3,frequent_pairs,volume_full,-0.5337,-0.5473,-0.52
method,infomap,base_r3,leiden,base_r3,frequent_triples,fanout,0.455,0.43,0.48
method,infomap,base_r3,leiden,base_r3,frequent_triples,single_shard_share,-0.39,-0.411,-0.3675
method,infomap,base_r3,leiden,base_r3,frequent_triples,overlap_1,-0.0024,-0.0037,-0.0015
method,infomap,base_r3,leiden,base_r3,frequent_triples,overlap_2,0.0,0.0,0.0
method,infomap,base_r3,leiden,base_r3,frequent_triples,overlap_3,0.0,0.0,0.0
method,infomap,base_r3,leiden,base_r3,frequent_triples,overlap_5,0.0,0.0,0.0
method,infomap,base_r3,leiden,base_r3,frequent_triples,overlap_full,0.0,0.0,0.0
method,infomap,base_r3,leiden,base_r3,frequent_triples,volume_1,-0.5763,-0.5865,-0.5666
method,infomap,base_r3,leiden,base_r3,frequent_triples,volume_2,-0.5131,-0.5287,-0.4969
method,infomap,base_r3,leiden,base_r3,frequent_triples,volume_3,-0.4892,-0.5045,-0.4729
method,infomap,base_r3,leiden,base_r3,frequent_triples,volume_5,-0.4892,-0.5045,-0.4729
method,infomap,base_r3,leiden,base_r3,frequent_triples,volume_full,-0.4892,-0.5045,-0.4729
method,infomap,hash_aff,leiden,hash_aff,train,fanout,0.0055,0.0033,0.0078
method,infomap,hash_aff,leiden,hash_aff,train,single_shard_share,-0.0002,-0.0009,0.0005
method,infomap,hash_aff,leiden,hash_aff,train,overlap_1,-0.0124,-0.0138,-0.0109
method,infomap,hash_aff,leiden,hash_aff,train,overlap_2,-0.003,-0.0038,-0.0023
method,infomap,hash_aff,leiden,hash_aff,train,overlap_3,-0.0005,-0.0008,-0.0003
method,infomap,hash_aff,leiden,hash_aff,train,overlap_5,0.0,-0.0,0.0
method,infomap,hash_aff,leiden,hash_aff,train,overlap_full,0.0,0.0,0.0
method,infomap,hash_aff,leiden,hash_aff,train,volume_1,-0.0408,-0.0414,-0.0403
method,infomap,hash_aff,leiden,hash_aff,train,volume_2,-0.0797,-0.0804,-0.0788
method,infomap,hash_aff,leiden,hash_aff,train,volume_3,-0.1082,-0.1092,-0.1071
method,infomap,hash_aff,leiden,hash_aff,train,volume_5,-0.1291,-0.1303,-0.1276
method,infomap,hash_aff,leiden,hash_aff,train,volume_full,-0.1316,-0.1329,-0.1301
method,infomap,hash_aff,leiden,hash_aff,holdout,fanout,0.0092,0.0061,0.0123
method,infomap,hash_aff,leiden,hash_aff,holdout,single_shard_share,-0.0005,-0.0011,0.0
method,infomap,hash_aff,leiden,hash_aff,holdout,overlap_1,-0.0151,-0.0171,-0.0131
method,infomap,hash_aff,leiden,hash_aff,holdout,overlap_2,-0.004,-0.0049,-0.003
method,infomap,hash_aff,leiden,hash_aff,holdout,overlap_3,-0.0006,-0.0009,-0.0004
method,infomap,hash_aff,leiden,hash_aff,holdout,overlap_5,-0.0,-0.0,0.0
method,infomap,hash_aff,leiden,hash_aff,holdout,overlap_full,0.0,0.0,0.0
method,infomap,hash_aff,leiden,hash_aff,holdout,volume_1,-0.0417,-0.0424,-0.041
method,infomap,hash_aff,leiden,hash_aff,holdout,volume_2,-0.0797,-0.0808,-0.0787
method,infomap,hash_aff,leiden,hash_aff,holdout,volume_3,-0.1075,-0.1088,-0.1062
method,infomap,hash_aff,leiden,hash_aff,holdout,volume_5,-0.1272,-0.1288,-0.1256
method,infomap,hash_aff,leiden,hash_aff,holdout,volume_full,-0.1297,-0.1314,-0.128
method,infomap,hash_aff,leiden,hash_aff,ood,fanout,0.0143,0.0109,0.0175
method,infomap,hash_aff,leiden,hash_aff,ood,single_shard_share,-0.0001,-0.0003,0.0
method,infomap,hash_aff,leiden,hash_aff,ood,overlap_1,-0.0237,-0.0256,-0.0217
method,infomap,hash_aff,leiden,hash_aff,ood,overlap_2,-0.0148,-0.0162,-0.0132
method,infomap,hash_aff,leiden,hash_aff,ood,overlap_3,-0.0047,-0.0056,-0.0039
method,infomap,hash_aff,leiden,hash_aff,ood,overlap_5,-0.0002,-0.0004,-0.0
method,infomap,hash_aff,leiden,hash_aff,ood,overlap_full,0.0,0.0,0.0
method,infomap,hash_aff,leiden,hash_aff,ood,volume_1,-0.0408,-0.0414,-0.0403
method,infomap,hash_aff,leiden,hash_aff,ood,volume_2,-0.0806,-0.0814,-0.0799
method,infomap,hash_aff,leiden,hash_aff,ood,volume_3,-0.1193,-0.1202,-0.1184
method,infomap,hash_aff,leiden,hash_aff,ood,volume_5,-0.1696,-0.171,-0.1685
method,infomap,hash_aff,leiden,hash_aff,ood,volume_full,-0.1793,-0.1806,-0.1779
method,infomap,hash_aff,leiden,hash_aff,connected_pairs,fanout,0.0005,-0.002,0.003
method,infomap,hash_aff,leiden,hash_aff,connected_pairs,single_shard_share,-0.0005,-0.003,0.002
method,infomap,hash_aff,leiden,hash_aff,connected_pairs,overlap_1,-0.0046,-0.0064,-0.0027
method,infomap,hash_aff,leiden,hash_aff,connected_pairs,overlap_2,0.0,0.0,0.0
method,infomap,hash_aff,leiden,hash_aff,connected_pairs,overlap_3,0.0,0.0,0.0
method,infomap,hash_aff,leiden,hash_aff,connected_pairs,overlap_5,0.0,0.0,0.0
method,infomap,hash_aff,leiden,hash_aff,connected_pairs,overlap_full,0.0,0.0,0.0
method,infomap,hash_aff,leiden,hash_aff,connected_pairs,volume_1,-0.0413,-0.0426,-0.0401
method,infomap,hash_aff,leiden,hash_aff,connected_pairs,volume_2,-0.0822,-0.0841,-0.0804
method,infomap,hash_aff,leiden,hash_aff,connected_pairs,volume_3,-0.0822,-0.0841,-0.0804
method,infomap,hash_aff,leiden,hash_aff,connected_pairs,volume_5,-0.0822,-0.0841,-0.0804
method,infomap,hash_aff,leiden,hash_aff,connected_pairs,volume_full,-0.0822,-0.0841,-0.0804
method,infomap,hash_aff,leiden,hash_aff,connected_triples,fanout,0.0015,-0.002,0.0055
method,infomap,hash_aff,leiden,hash_aff,connected_triples,single_shard_share,0.0,0.0,0.0
method,infomap,hash_aff,leiden,hash_aff,connected_triples,overlap_1,-0.0047,-0.0066,-0.0025
method,infomap,hash_aff,leiden,hash_aff,connected_triples,overlap_2,0.0002,-0.0001,0.0006
method,infomap,hash_aff,leiden,hash_aff,connected_triples,overlap_3,0.0,0.0,0.0
method,infomap,hash_aff,leiden,hash_aff,connected_triples,overlap_5,0.0,0.0,0.0
method,infomap,hash_aff,leiden,hash_aff,connected_triples,overlap_full,0.0,0.0,0.0
method,infomap,hash_aff,leiden,hash_aff,connected_triples,volume_1,-0.0413,-0.0424,-0.04
method,infomap,hash_aff,leiden,hash_aff,connected_triples,volume_2,-0.0827,-0.0844,-0.0808
method,infomap,hash_aff,leiden,hash_aff,connected_triples,volume_3,-0.1223,-0.1245,-0.12
method,infomap,hash_aff,leiden,hash_aff,connected_triples,volume_5,-0.1223,-0.1245,-0.12
method,infomap,hash_aff,leiden,hash_aff,connected_triples,volume_full,-0.1223,-0.1245,-0.12
method,infomap,hash_aff,leiden,hash_aff,frequent_pairs,fanout,0.0005,-0.002,0.003
method,infomap,hash_aff,leiden,hash_aff,frequent_pairs,single_shard_share,-0.0005,-0.003,0.002
method,infomap,hash_aff,leiden,hash_aff,frequent_pairs,overlap_1,0.0,0.0,0.0
method,infomap,hash_aff,leiden,hash_aff,frequent_pairs,overlap_2,0.0,0.0,0.0
method,infomap,hash_aff,leiden,hash_aff,frequent_pairs,overlap_3,0.0,0.0,0.0
method,infomap,hash_aff,leiden,hash_aff,frequent_pairs,overlap_5,0.0,0.0,0.0
method,infomap,hash_aff,leiden,hash_aff,frequent_pairs,overlap_full,0.0,0.0,0.0
method,infomap,hash_aff,leiden,hash_aff,frequent_pairs,volume_1,-0.0396,-0.0407,-0.0383
method,infomap,hash_aff,leiden,hash_aff,frequent_pairs,volume_2,-0.0784,-0.0801,-0.0766
method,infomap,hash_aff,leiden,hash_aff,frequent_pairs,volume_3,-0.0784,-0.0801,-0.0766
method,infomap,hash_aff,leiden,hash_aff,frequent_pairs,volume_5,-0.0784,-0.0801,-0.0766
method,infomap,hash_aff,leiden,hash_aff,frequent_pairs,volume_full,-0.0784,-0.0801,-0.0766
method,infomap,hash_aff,leiden,hash_aff,frequent_triples,fanout,0.0025,-0.0015,0.0065
method,infomap,hash_aff,leiden,hash_aff,frequent_triples,single_shard_share,0.0,0.0,0.0
method,infomap,hash_aff,leiden,hash_aff,frequent_triples,overlap_1,-0.0023,-0.0034,-0.0014
method,infomap,hash_aff,leiden,hash_aff,frequent_triples,overlap_2,0.0,0.0,0.0
method,infomap,hash_aff,leiden,hash_aff,frequent_triples,overlap_3,0.0,0.0,0.0
method,infomap,hash_aff,leiden,hash_aff,frequent_triples,overlap_5,0.0,0.0,0.0
method,infomap,hash_aff,leiden,hash_aff,frequent_triples,overlap_full,0.0,0.0,0.0
method,infomap,hash_aff,leiden,hash_aff,frequent_triples,volume_1,-0.0404,-0.0416,-0.0392
method,infomap,hash_aff,leiden,hash_aff,frequent_triples,volume_2,-0.0809,-0.0826,-0.0792
method,infomap,hash_aff,leiden,hash_aff,frequent_triples,volume_3,-0.1177,-0.1197,-0.1156
method,infomap,hash_aff,leiden,hash_aff,frequent_triples,volume_5,-0.1177,-0.1197,-0.1156
method,infomap,hash_aff,leiden,hash_aff,frequent_triples,volume_full,-0.1177,-0.1197,-0.1156
method,infomap,aff,leiden,aff,train,fanout,0.5772,0.5606,0.5921
method,infomap,aff,leiden,aff,train,single_shard_share,-0.1424,-0.1499,-0.1349
method,infomap,aff,leiden,aff,train,overlap_1,-0.1527,-0.1576,-0.1479
method,infomap,aff,leiden,aff,train,overlap_2,-0.0191,-0.0208,-0.0174
method,infomap,aff,leiden,aff,train,overlap_3,-0.002,-0.0025,-0.0016
method,infomap,aff,leiden,aff,train,overlap_5,0.0,0.0,0.0
method,infomap,aff,leiden,aff,train,overlap_full,0.0,0.0,0.0
method,infomap,aff,leiden,aff,train,volume_1,-0.5318,-0.5364,-0.5278
method,infomap,aff,leiden,aff,train,volume_2,-0.9079,-0.9151,-0.9008
method,infomap,aff,leiden,aff,train,volume_3,-1.0604,-1.0703,-1.0508
method,infomap,aff,leiden,aff,train,volume_5,-1.0979,-1.1097,-1.0861
method,infomap,aff,leiden,aff,train,volume_full,-1.0972,-1.1091,-1.0854
method,infomap,aff,leiden,aff,holdout,fanout,0.5651,0.5454,0.5848
method,infomap,aff,leiden,aff,holdout,single_shard_share,-0.1329,-0.1425,-0.1233
method,infomap,aff,leiden,aff,holdout,overlap_1,-0.1684,-0.1748,-0.1617
method,infomap,aff,leiden,aff,holdout,overlap_2,-0.0227,-0.025,-0.0205
method,infomap,aff,leiden,aff,holdout,overlap_3,-0.0023,-0.003,-0.0016
method,infomap,aff,leiden,aff,holdout,overlap_5,-0.0001,-0.0003,0.0
method,infomap,aff,leiden,aff,holdout,overlap_full,0.0,0.0,0.0
method,infomap,aff,leiden,aff,holdout,volume_1,-0.5287,-0.5342,-0.523
method,infomap,aff,leiden,aff,holdout,volume_2,-0.9142,-0.9227,-0.9049
method,infomap,aff,leiden,aff,holdout,volume_3,-1.0851,-1.0978,-1.0725
method,infomap,aff,leiden,aff,holdout,volume_5,-1.1349,-1.1492,-1.1201
method,infomap,aff,leiden,aff,holdout,volume_full,-1.1346,-1.1492,-1.1199
method,infomap,aff,leiden,aff,ood,fanout,0.7718,0.754,0.7899
method,infomap,aff,leiden,aff,ood,single_shard_share,-0.0209,-0.0236,-0.0181
method,infomap,aff,leiden,aff,ood,overlap_1,-0.2627,-0.2686,-0.2568
method,infomap,aff,leiden,aff,ood,overlap_2,-0.1125,-0.1163,-0.1086
method,infomap,aff,leiden,aff,ood,overlap_3,-0.0262,-0.0282,-0.0244
method,infomap,aff,leiden,aff,ood,overlap_5,-0.0006,-0.0008,-0.0004
method,infomap,aff,leiden,aff,ood,overlap_full,0.0,0.0,0.0
method,infomap,aff,leiden,aff,ood,volume_1,-0.4643,-0.4684,-0.4602
method,infomap,aff,leiden,aff,ood,volume_2,-0.9304,-0.9361,-0.924
method,infomap,aff,leiden,aff,ood,volume_3,-1.34,-1.3476,-1.3319
method,infomap,aff,leiden,aff,ood,volume_5,-1.6234,-1.6349,-1.6115
method,infomap,aff,leiden,aff,ood,volume_full,-1.6315,-1.6435,-1.6193
method,infomap,aff,leiden,aff,connected_pairs,fanout,0.0015,-0.004,0.0065
method,infomap,aff,leiden,aff,connected_pairs,single_shard_share,-0.0015,-0.0065,0.004
method,infomap,aff,leiden,aff,connected_pairs,overlap_1,-0.0005,-0.0015,0.0
method,infomap,aff,leiden,aff,connected_pairs,overlap_2,0.0,0.0,0.0
method,infomap,aff,leiden,aff,connected_pairs,overlap_3,0.0,0.0,0.0
method,infomap,aff,leiden,aff,connected_pairs,overlap_5,0.0,0.0,0.0
method,infomap,aff,leiden,aff,connected_pairs,overlap_full,0.0,0.0,0.0
method,infomap,aff,leiden,aff,connected_pairs,volume_1,-0.4667,-0.479,-0.4552
method,infomap,aff,leiden,aff,connected_pairs,volume_2,-0.4717,-0.4846,-0.46
method,infomap,aff,leiden,aff,connected_pairs,volume_3,-0.4717,-0.4846,-0.46
method,infomap,aff,leiden,aff,connected_pairs,volume_5,-0.4717,-0.4846,-0.46
method,infomap,aff,leiden,aff,connected_pairs,volume_full,-0.4717,-0.4846,-0.46
method,infomap,aff,leiden,aff,connected_triples,fanout,0.3025,0.272,0.332
method,infomap,aff,leiden,aff,connected_triples,single_shard_share,-0.249,-0.274,-0.2245
method,infomap,aff,leiden,aff,connected_triples,overlap_1,-0.0064,-0.0086,-0.0044
method,infomap,aff,leiden,aff,connected_triples,overlap_2,0.0,0.0,0.0
method,infomap,aff,leiden,aff,connected_triples,overlap_3,0.0,0.0,0.0
method,infomap,aff,leiden,aff,connected_triples,overlap_5,0.0,0.0,0.0
method,infomap,aff,leiden,aff,connected_triples,overlap_full,0.0,0.0,0.0
method,infomap,aff,leiden,aff,connected_triples,volume_1,-0.5813,-0.589,-0.574
method,infomap,aff,leiden,aff,connected_triples,volume_2,-0.6865,-0.7006,-0.6722
method,infomap,aff,leiden,aff,connected_triples,volume_3,-0.6974,-0.7136,-0.6818
method,infomap,aff,leiden,aff,connected_triples,volume_5,-0.6974,-0.7136,-0.6818
method,infomap,aff,leiden,aff,connected_triples,volume_full,-0.6974,-0.7136,-0.6818
method,infomap,aff,leiden,aff,frequent_pairs,fanout,0.3415,0.3185,0.366
method,infomap,aff,leiden,aff,frequent_pairs,single_shard_share,-0.3415,-0.366,-0.3185
method,infomap,aff,leiden,aff,frequent_pairs,overlap_1,0.0001,0.0,0.0003
method,infomap,aff,leiden,aff,frequent_pairs,overlap_2,0.0,0.0,0.0
method,infomap,aff,leiden,aff,frequent_pairs,overlap_3,0.0,0.0,0.0
method,infomap,aff,leiden,aff,frequent_pairs,overlap_5,0.0,0.0,0.0
method,infomap,aff,leiden,aff,frequent_pairs,overlap_full,0.0,0.0,0.0
method,infomap,aff,leiden,aff,frequent_pairs,volume_1,-0.5792,-0.5864,-0.5719
method,infomap,aff,leiden,aff,frequent_pairs,volume_2,-0.7016,-0.7167,-0.6854
method,infomap,aff,leiden,aff,frequent_pairs,volume_3,-0.7016,-0.7167,-0.6854
method,infomap,aff,leiden,aff,frequent_pairs,volume_5,-0.7016,-0.7167,-0.6854
method,infomap,aff,leiden,aff,frequent_pairs,volume_full,-0.7016,-0.7167,-0.6854
method,infomap,aff,leiden,aff,frequent_triples,fanout,0.7325,0.699,0.7685
method,infomap,aff,leiden,aff,frequent_triples,single_shard_share,-0.3635,-0.3875,-0.3415
method,infomap,aff,leiden,aff,frequent_triples,overlap_1,-0.0143,-0.0172,-0.0113
method,infomap,aff,leiden,aff,frequent_triples,overlap_2,0.0,0.0,0.0
method,infomap,aff,leiden,aff,frequent_triples,overlap_3,0.0,0.0,0.0
method,infomap,aff,leiden,aff,frequent_triples,overlap_5,0.0,0.0,0.0
method,infomap,aff,leiden,aff,frequent_triples,overlap_full,0.0,0.0,0.0
method,infomap,aff,leiden,aff,frequent_triples,volume_1,-0.5736,-0.5803,-0.5664
method,infomap,aff,leiden,aff,frequent_triples,volume_2,-0.791,-0.8063,-0.7752
method,infomap,aff,leiden,aff,frequent_triples,volume_3,-0.8074,-0.8278,-0.7886
method,infomap,aff,leiden,aff,frequent_triples,volume_5,-0.8074,-0.8278,-0.7886
method,infomap,aff,leiden,aff,frequent_triples,volume_full,-0.8074,-0.8278,-0.7886
method,infomap,aff_r2,leiden,aff_r2,train,fanout,0.642,0.6258,0.6567
method,infomap,aff_r2,leiden,aff_r2,train,single_shard_share,-0.2049,-0.2129,-0.1966
method,infomap,aff_r2,leiden,aff_r2,train,overlap_1,-0.1372,-0.1419,-0.1323
method,infomap,aff_r2,leiden,aff_r2,train,overlap_2,-0.0135,-0.015,-0.0122
method,infomap,aff_r2,leiden,aff_r2,train,overlap_3,-0.0014,-0.0019,-0.001
method,infomap,aff_r2,leiden,aff_r2,train,overlap_5,0.0,0.0,0.0
method,infomap,aff_r2,leiden,aff_r2,train,overlap_full,0.0,0.0,0.0
method,infomap,aff_r2,leiden,aff_r2,train,volume_1,-0.6071,-0.6124,-0.6022
method,infomap,aff_r2,leiden,aff_r2,train,volume_2,-0.9448,-0.9542,-0.9356
method,infomap,aff_r2,leiden,aff_r2,train,volume_3,-1.0053,-1.0169,-0.9928
method,infomap,aff_r2,leiden,aff_r2,train,volume_5,-0.9891,-1.001,-0.9769
method,infomap,aff_r2,leiden,aff_r2,train,volume_full,-0.9857,-0.9977,-0.9736
method,infomap,aff_r2,leiden,aff_r2,holdout,fanout,0.6752,0.6539,0.6962
method,infomap,aff_r2,leiden,aff_r2,holdout,single_shard_share,-0.1925,-0.2036,-0.1822
method,infomap,aff_r2,leiden,aff_r2,holdout,overlap_1,-0.1538,-0.1599,-0.1478
method,infomap,aff_r2,leiden,aff_r2,holdout,overlap_2,-0.0169,-0.0188,-0.015
method,infomap,aff_r2,leiden,aff_r2,holdout,overlap_3,-0.0015,-0.002,-0.001
method,infomap,aff_r2,leiden,aff_r2,holdout,overlap_5,-0.0001,-0.0003,0.0
method,infomap,aff_r2,leiden,aff_r2,holdout,overlap_full,0.0,0.0,0.0
method,infomap,aff_r2,leiden,aff_r2,holdout,volume_1,-0.5969,-0.6042,-0.5897
method,infomap,aff_r2,leiden,aff_r2,holdout,volume_2,-0.953,-0.9644,-0.9412
method,infomap,aff_r2,leiden,aff_r2,holdout,volume_3,-1.0271,-1.0414,-1.0129
method,infomap,aff_r2,leiden,aff_r2,holdout,volume_5,-1.0076,-1.0223,-0.9931
method,infomap,aff_r2,leiden,aff_r2,holdout,volume_full,-1.0031,-1.0184,-0.9885
method,infomap,aff_r2,leiden,aff_r2,ood,fanout,1.0738,1.0545,1.0925
method,infomap,aff_r2,leiden,aff_r2,ood,single_shard_share,-0.0463,-0.0505,-0.0422
method,infomap,aff_r2,leiden,aff_r2,ood,overlap_1,-0.2591,-0.2649,-0.2538
method,infomap,aff_r2,leiden,aff_r2,ood,overlap_2,-0.0936,-0.097,-0.0901
method,infomap,aff_r2,leiden,aff_r2,ood,overlap_3,-0.0197,-0.0212,-0.018
method,infomap,aff_r2,leiden,aff_r2,ood,overlap_5,-0.0004,-0.0006,-0.0002
method,infomap,aff_r2,leiden,aff_r2,ood,overlap_full,0.0,0.0,0.0
method,infomap,aff_r2,leiden,aff_r2,ood,volume_1,-0.5768,-0.5817,-0.5719
method,infomap,aff_r2,leiden,aff_r2,ood,volume_2,-1.1138,-1.1211,-1.1062
method,infomap,aff_r2,leiden,aff_r2,ood,volume_3,-1.487,-1.4978,-1.4767
method,infomap,aff_r2,leiden,aff_r2,ood,volume_5,-1.5429,-1.5564,-1.5294
method,infomap,aff_r2,leiden,aff_r2,ood,volume_full,-1.5224,-1.5364,-1.5094
method,infomap,aff_r2,leiden,aff_r2,connected_pairs,fanout,0.0,0.0,0.0
method,infomap,aff_r2,leiden,aff_r2,connected_pairs,single_shard_share,0.0,0.0,0.0
method,infomap,aff_r2,leiden,aff_r2,connected_pairs,overlap_1,0.0,0.0,0.0
method,infomap,aff_r2,leiden,aff_r2,connected_pairs,overlap_2,0.0,0.0,0.0
method,infomap,aff_r2,leiden,aff_r2,connected_pairs,overlap_3,0.0,0.0,0.0
method,infomap,aff_r2,leiden,aff_r2,connected_pairs,overlap_5,0.0,0.0,0.0
method,infomap,aff_r2,leiden,aff_r2,connected_pairs,overlap_full,0.0,0.0,0.0
method,infomap,aff_r2,leiden,aff_r2,connected_pairs,volume_1,-0.5563,-0.5707,-0.5423
method,infomap,aff_r2,leiden,aff_r2,connected_pairs,volume_2,-0.5563,-0.5707,-0.5423
method,infomap,aff_r2,leiden,aff_r2,connected_pairs,volume_3,-0.5563,-0.5707,-0.5423
method,infomap,aff_r2,leiden,aff_r2,connected_pairs,volume_5,-0.5563,-0.5707,-0.5423
method,infomap,aff_r2,leiden,aff_r2,connected_pairs,volume_full,-0.5563,-0.5707,-0.5423
method,infomap,aff_r2,leiden,aff_r2,connected_triples,fanout,0.249,0.228,0.271
method,infomap,aff_r2,leiden,aff_r2,connected_triples,single_shard_share,-0.246,-0.2685,-0.225
method,infomap,aff_r2,leiden,aff_r2,connected_triples,overlap_1,0.0,0.0,0.0
method,infomap,aff_r2,leiden,aff_r2,connected_triples,overlap_2,0.0,0.0,0.0
method,infomap,aff_r2,leiden,aff_r2,connected_triples,overlap_3,0.0,0.0,0.0
method,infomap,aff_r2,leiden,aff_r2,connected_triples,overlap_5,0.0,0.0,0.0
method,infomap,aff_r2,leiden,aff_r2,connected_triples,overlap_full,0.0,0.0,0.0
method,infomap,aff_r2,leiden,aff_r2,connected_triples,volume_1,-0.6606,-0.6705,-0.6508
method,infomap,aff_r2,leiden,aff_r2,connected_triples,volume_2,-0.6221,-0.6364,-0.6091
method,infomap,aff_r2,leiden,aff_r2,connected_triples,volume_3,-0.6213,-0.6355,-0.6085
method,infomap,aff_r2,leiden,aff_r2,connected_triples,volume_5,-0.6213,-0.6355,-0.6085
method,infomap,aff_r2,leiden,aff_r2,connected_triples,volume_full,-0.6213,-0.6355,-0.6085
method,infomap,aff_r2,leiden,aff_r2,frequent_pairs,fanout,0.2755,0.254,0.2955
method,infomap,aff_r2,leiden,aff_r2,frequent_pairs,single_shard_share,-0.2755,-0.2955,-0.254
method,infomap,aff_r2,leiden,aff_r2,frequent_pairs,overlap_1,-0.0,-0.0001,0.0
method,infomap,aff_r2,leiden,aff_r2,frequent_pairs,overlap_2,0.0,0.0,0.0
method,infomap,aff_r2,leiden,aff_r2,frequent_pairs,overlap_3,0.0,0.0,0.0
method,infomap,aff_r2,leiden,aff_r2,frequent_pairs,overlap_5,0.0,0.0,0.0
method,infomap,aff_r2,leiden,aff_r2,frequent_pairs,overlap_full,0.0,0.0,0.0
method,infomap,aff_r2,leiden,aff_r2,frequent_pairs,volume_1,-0.5839,-0.5942,-0.5734
method,infomap,aff_r2,leiden,aff_r2,frequent_pairs,volume_2,-0.5422,-0.5567,-0.5276
method,infomap,aff_r2,leiden,aff_r2,frequent_pairs,volume_3,-0.5422,-0.5567,-0.5276
method,infomap,aff_r2,leiden,aff_r2,frequent_pairs,volume_5,-0.5422,-0.5567,-0.5276
method,infomap,aff_r2,leiden,aff_r2,frequent_pairs,volume_full,-0.5422,-0.5567,-0.5276
method,infomap,aff_r2,leiden,aff_r2,frequent_triples,fanout,0.557,0.5305,0.585
method,infomap,aff_r2,leiden,aff_r2,frequent_triples,single_shard_share,-0.4115,-0.4335,-0.3885
method,infomap,aff_r2,leiden,aff_r2,frequent_triples,overlap_1,-0.007,-0.0092,-0.0052
method,infomap,aff_r2,leiden,aff_r2,frequent_triples,overlap_2,0.0,0.0,0.0
method,infomap,aff_r2,leiden,aff_r2,frequent_triples,overlap_3,0.0,0.0,0.0
method,infomap,aff_r2,leiden,aff_r2,frequent_triples,overlap_5,0.0,0.0,0.0
method,infomap,aff_r2,leiden,aff_r2,frequent_triples,overlap_full,0.0,0.0,0.0
method,infomap,aff_r2,leiden,aff_r2,frequent_triples,volume_1,-0.5736,-0.584,-0.5639
method,infomap,aff_r2,leiden,aff_r2,frequent_triples,volume_2,-0.5708,-0.5884,-0.5545
method,infomap,aff_r2,leiden,aff_r2,frequent_triples,volume_3,-0.5299,-0.5479,-0.5137
method,infomap,aff_r2,leiden,aff_r2,frequent_triples,volume_5,-0.5299,-0.5479,-0.5137
method,infomap,aff_r2,leiden,aff_r2,frequent_triples,volume_full,-0.5299,-0.5479,-0.5137
method,infomap,aff_r3,leiden,aff_r3,train,fanout,0.649,0.6341,0.6641
method,infomap,aff_r3,leiden,aff_r3,train,single_shard_share,-0.2361,-0.2444,-0.2273
method,infomap,aff_r3,leiden,aff_r3,train,overlap_1,-0.1282,-0.1329,-0.1234
method,infomap,aff_r3,leiden,aff_r3,train,overlap_2,-0.0114,-0.0128,-0.0102
method,infomap,aff_r3,leiden,aff_r3,train,overlap_3,-0.001,-0.0014,-0.0007
method,infomap,aff_r3,leiden,aff_r3,train,overlap_5,0.0,0.0,0.0
method,infomap,aff_r3,leiden,aff_r3,train,overlap_full,0.0,0.0,0.0
method,infomap,aff_r3,leiden,aff_r3,train,volume_1,-0.6257,-0.6313,-0.6204
method,infomap,aff_r3,leiden,aff_r3,train,volume_2,-0.9244,-0.9349,-0.9141
method,infomap,aff_r3,leiden,aff_r3,train,volume_3,-0.9497,-0.962,-0.9376
method,infomap,aff_r3,leiden,aff_r3,train,volume_5,-0.9212,-0.9339,-0.9092
method,infomap,aff_r3,leiden,aff_r3,train,volume_full,-0.9186,-0.9312,-0.907
method,infomap,aff_r3,leiden,aff_r3,holdout,fanout,0.7062,0.6852,0.7285
method,infomap,aff_r3,leiden,aff_r3,holdout,single_shard_share,-0.2273,-0.2393,-0.2164
method,infomap,aff_r3,leiden,aff_r3,holdout,overlap_1,-0.1441,-0.1502,-0.1381
method,infomap,aff_r3,leiden,aff_r3,holdout,overlap_2,-0.0138,-0.0156,-0.0121
method,infomap,aff_r3,leiden,aff_r3,holdout,overlap_3,-0.001,-0.0014,-0.0006
method,infomap,aff_r3,leiden,aff_r3,holdout,overlap_5,-0.0001,-0.0002,0.0
method,infomap,aff_r3,leiden,aff_r3,holdout,overlap_full,0.0,0.0,0.0
method,infomap,aff_r3,leiden,aff_r3,holdout,volume_1,-0.615,-0.6222,-0.6078
method,infomap,aff_r3,leiden,aff_r3,holdout,volume_2,-0.93,-0.9428,-0.9183
method,infomap,aff_r3,leiden,aff_r3,holdout,volume_3,-0.9632,-0.9784,-0.9479
method,infomap,aff_r3,leiden,aff_r3,holdout,volume_5,-0.9264,-0.9416,-0.9114
method,infomap,aff_r3,leiden,aff_r3,holdout,volume_full,-0.9225,-0.9376,-0.9074
method,infomap,aff_r3,leiden,aff_r3,ood,fanout,1.2134,1.1931,1.233
method,infomap,aff_r3,leiden,aff_r3,ood,single_shard_share,-0.0678,-0.0726,-0.0631
method,infomap,aff_r3,leiden,aff_r3,ood,overlap_1,-0.2509,-0.257,-0.2452
method,infomap,aff_r3,leiden,aff_r3,ood,overlap_2,-0.0824,-0.0858,-0.0792
method,infomap,aff_r3,leiden,aff_r3,ood,overlap_3,-0.016,-0.0174,-0.0146
method,infomap,aff_r3,leiden,aff_r3,ood,overlap_5,-0.0002,-0.0004,-0.0001
method,infomap,aff_r3,leiden,aff_r3,ood,overlap_full,0.0,0.0,0.0
method,infomap,aff_r3,leiden,aff_r3,ood,volume_1,-0.6229,-0.6278,-0.6182
method,infomap,aff_r3,leiden,aff_r3,ood,volume_2,-1.1625,-1.1706,-1.1543
method,infomap,aff_r3,leiden,aff_r3,ood,volume_3,-1.4326,-1.4444,-1.4211
method,infomap,aff_r3,leiden,aff_r3,ood,volume_5,-1.3814,-1.3962,-1.3676
method,infomap,aff_r3,leiden,aff_r3,ood,volume_full,-1.3569,-1.3713,-1.3438
method,infomap,aff_r3,leiden,aff_r3,connected_pairs,fanout,0.0,0.0,0.0
method,infomap,aff_r3,leiden,aff_r3,connected_pairs,single_shard_share,0.0,0.0,0.0
method,infomap,aff_r3,leiden,aff_r3,connected_pairs,overlap_1,0.0,0.0,0.0
method,infomap,aff_r3,leiden,aff_r3,connected_pairs,overlap_2,0.0,0.0,0.0
method,infomap,aff_r3,leiden,aff_r3,connected_pairs,overlap_3,0.0,0.0,0.0
method,infomap,aff_r3,leiden,aff_r3,connected_pairs,overlap_5,0.0,0.0,0.0
method,infomap,aff_r3,leiden,aff_r3,connected_pairs,overlap_full,0.0,0.0,0.0
method,infomap,aff_r3,leiden,aff_r3,connected_pairs,volume_1,-0.5952,-0.6102,-0.5806
method,infomap,aff_r3,leiden,aff_r3,connected_pairs,volume_2,-0.5952,-0.6102,-0.5806
method,infomap,aff_r3,leiden,aff_r3,connected_pairs,volume_3,-0.5952,-0.6102,-0.5806
method,infomap,aff_r3,leiden,aff_r3,connected_pairs,volume_5,-0.5952,-0.6102,-0.5806
method,infomap,aff_r3,leiden,aff_r3,connected_pairs,volume_full,-0.5952,-0.6102,-0.5806
method,infomap,aff_r3,leiden,aff_r3,connected_triples,fanout,0.2005,0.1825,0.2195
method,infomap,aff_r3,leiden,aff_r3,connected_triples,single_shard_share,-0.2005,-0.2195,-0.1825
method,infomap,aff_r3,leiden,aff_r3,connected_triples,overlap_1,0.0,0.0,0.0
method,infomap,aff_r3,leiden,aff_r3,connected_triples,overlap_2,0.0,0.0,0.0
method,infomap,aff_r3,leiden,aff_r3,connected_triples,overlap_3,0.0,0.0,0.0
method,infomap,aff_r3,leiden,aff_r3,connected_triples,overlap_5,0.0,0.0,0.0
method,infomap,aff_r3,leiden,aff_r3,connected_triples,overlap_full,0.0,0.0,0.0
method,infomap,aff_r3,leiden,aff_r3,connected_triples,volume_1,-0.6793,-0.6892,-0.6689
method,infomap,aff_r3,leiden,aff_r3,connected_triples,volume_2,-0.6418,-0.6538,-0.6303
method,infomap,aff_r3,leiden,aff_r3,connected_triples,volume_3,-0.6418,-0.6538,-0.6303
method,infomap,aff_r3,leiden,aff_r3,connected_triples,volume_5,-0.6418,-0.6538,-0.6303
method,infomap,aff_r3,leiden,aff_r3,connected_triples,volume_full,-0.6418,-0.6538,-0.6303
method,infomap,aff_r3,leiden,aff_r3,frequent_pairs,fanout,0.2065,0.1865,0.2255
method,infomap,aff_r3,leiden,aff_r3,frequent_pairs,single_shard_share,-0.2065,-0.2255,-0.1865
method,infomap,aff_r3,leiden,aff_r3,frequent_pairs,overlap_1,0.0,0.0,0.0
method,infomap,aff_r3,leiden,aff_r3,frequent_pairs,overlap_2,0.0,0.0,0.0
method,infomap,aff_r3,leiden,aff_r3,frequent_pairs,overlap_3,0.0,0.0,0.0
method,infomap,aff_r3,leiden,aff_r3,frequent_pairs,overlap_5,0.0,0.0,0.0
method,infomap,aff_r3,leiden,aff_r3,frequent_pairs,overlap_full,0.0,0.0,0.0
method,infomap,aff_r3,leiden,aff_r3,frequent_pairs,volume_1,-0.5723,-0.5823,-0.562
method,infomap,aff_r3,leiden,aff_r3,frequent_pairs,volume_2,-0.5211,-0.5352,-0.507
method,infomap,aff_r3,leiden,aff_r3,frequent_pairs,volume_3,-0.5211,-0.5352,-0.507
method,infomap,aff_r3,leiden,aff_r3,frequent_pairs,volume_5,-0.5211,-0.5352,-0.507
method,infomap,aff_r3,leiden,aff_r3,frequent_pairs,volume_full,-0.5211,-0.5352,-0.507
method,infomap,aff_r3,leiden,aff_r3,frequent_triples,fanout,0.455,0.43,0.48
method,infomap,aff_r3,leiden,aff_r3,frequent_triples,single_shard_share,-0.39,-0.411,-0.3675
method,infomap,aff_r3,leiden,aff_r3,frequent_triples,overlap_1,-0.0024,-0.0037,-0.0015
method,infomap,aff_r3,leiden,aff_r3,frequent_triples,overlap_2,0.0,0.0,0.0
method,infomap,aff_r3,leiden,aff_r3,frequent_triples,overlap_3,0.0,0.0,0.0
method,infomap,aff_r3,leiden,aff_r3,frequent_triples,overlap_5,0.0,0.0,0.0
method,infomap,aff_r3,leiden,aff_r3,frequent_triples,overlap_full,0.0,0.0,0.0
method,infomap,aff_r3,leiden,aff_r3,frequent_triples,volume_1,-0.5705,-0.5809,-0.5603
method,infomap,aff_r3,leiden,aff_r3,frequent_triples,volume_2,-0.4954,-0.5111,-0.4787
method,infomap,aff_r3,leiden,aff_r3,frequent_triples,volume_3,-0.469,-0.4849,-0.452
method,infomap,aff_r3,leiden,aff_r3,frequent_triples,volume_5,-0.469,-0.4849,-0.452
method,infomap,aff_r3,leiden,aff_r3,frequent_triples,volume_full,-0.469,-0.4849,-0.452
method,infomap,hash_bal,leiden,hash_bal,train,fanout,-0.0039,-0.009,0.0011
method,infomap,hash_bal,leiden,hash_bal,train,single_shard_share,0.0013,0.0002,0.0024
method,infomap,hash_bal,leiden,hash_bal,train,overlap_1,0.0007,-0.0022,0.0033
method,infomap,hash_bal,leiden,hash_bal,train,overlap_2,0.0004,-0.0009,0.0015
method,infomap,hash_bal,leiden,hash_bal,train,overlap_3,-0.0002,-0.0006,0.0002
method,infomap,hash_bal,leiden,hash_bal,train,overlap_5,0.0,-0.0,0.0
method,infomap,hash_bal,leiden,hash_bal,train,overlap_full,0.0,0.0,0.0
method,infomap,hash_bal,leiden,hash_bal,train,volume_1,-0.0022,-0.0032,-0.0011
method,infomap,hash_bal,leiden,hash_bal,train,volume_2,-0.0032,-0.0047,-0.0017
method,infomap,hash_bal,leiden,hash_bal,train,volume_3,-0.0028,-0.0044,-0.001
method,infomap,hash_bal,leiden,hash_bal,train,volume_5,-0.0007,-0.0027,0.0013
method,infomap,hash_bal,leiden,hash_bal,train,volume_full,-0.0011,-0.0031,0.0012
method,infomap,hash_bal,leiden,hash_bal,holdout,fanout,-0.0025,-0.0085,0.0033
method,infomap,hash_bal,leiden,hash_bal,holdout,single_shard_share,0.0002,-0.001,0.0013
method,infomap,hash_bal,leiden,hash_bal,holdout,overlap_1,0.0008,-0.0027,0.0042
method,infomap,hash_bal,leiden,hash_bal,holdout,overlap_2,-0.0004,-0.002,0.0012
method,infomap,hash_bal,leiden,hash_bal,holdout,overlap_3,0.0003,-0.0001,0.0007
method,infomap,hash_bal,leiden,hash_bal,holdout,overlap_5,0.0001,0.0,0.0002
method,infomap,hash_bal,leiden,hash_bal,holdout,overlap_full,0.0,0.0,0.0
method,infomap,hash_bal,leiden,hash_bal,holdout,volume_1,-0.0018,-0.0031,-0.0006
method,infomap,hash_bal,leiden,hash_bal,holdout,volume_2,-0.0032,-0.005,-0.0013
method,infomap,hash_bal,leiden,hash_bal,holdout,volume_3,-0.0029,-0.0051,-0.0006
method,infomap,hash_bal,leiden,hash_bal,holdout,volume_5,-0.0019,-0.0045,0.0007
method,infomap,hash_bal,leiden,hash_bal,holdout,volume_full,-0.0019,-0.0045,0.0006
method,infomap,hash_bal,leiden,hash_bal,ood,fanout,0.0054,-0.0015,0.012
method,infomap,hash_bal,leiden,hash_bal,ood,single_shard_share,0.0002,0.0,0.0005
method,infomap,hash_bal,leiden,hash_bal,ood,overlap_1,-0.0026,-0.0062,0.0011
method,infomap,hash_bal,leiden,hash_bal,ood,overlap_2,-0.0026,-0.0047,-0.0003
method,infomap,hash_bal,leiden,hash_bal,ood,overlap_3,-0.0004,-0.0014,0.0007
method,infomap,hash_bal,leiden,hash_bal,ood,overlap_5,-0.0001,-0.0002,0.0001
method,infomap,hash_bal,leiden,hash_bal,ood,overlap_full,0.0,0.0,0.0
method,infomap,hash_bal,leiden,hash_bal,ood,volume_1,-0.0021,-0.0031,-0.001
method,infomap,hash_bal,leiden,hash_bal,ood,volume_2,-0.0062,-0.0076,-0.0048
method,infomap,hash_bal,leiden,hash_bal,ood,volume_3,-0.0122,-0.0139,-0.0105
method,infomap,hash_bal,leiden,hash_bal,ood,volume_5,-0.0181,-0.0201,-0.016
method,infomap,hash_bal,leiden,hash_bal,ood,volume_full,-0.0183,-0.0205,-0.0159
method,infomap,hash_bal,leiden,hash_bal,connected_pairs,fanout,-0.0005,-0.006,0.005
method,infomap,hash_bal,leiden,hash_bal,connected_pairs,single_shard_share,0.0005,-0.005,0.006
method,infomap,hash_bal,leiden,hash_bal,connected_pairs,overlap_1,-0.0003,-0.0035,0.0029
method,infomap,hash_bal,leiden,hash_bal,connected_pairs,overlap_2,0.0,0.0,0.0
method,infomap,hash_bal,leiden,hash_bal,connected_pairs,overlap_3,0.0,0.0,0.0
method,infomap,hash_bal,leiden,hash_bal,connected_pairs,overlap_5,0.0,0.0,0.0
method,infomap,hash_bal,leiden,hash_bal,connected_pairs,overlap_full,0.0,0.0,0.0
method,infomap,hash_bal,leiden,hash_bal,connected_pairs,volume_1,-0.0025,-0.0049,-0.0001
method,infomap,hash_bal,leiden,hash_bal,connected_pairs,volume_2,-0.0085,-0.012,-0.005
method,infomap,hash_bal,leiden,hash_bal,connected_pairs,volume_3,-0.0085,-0.012,-0.005
method,infomap,hash_bal,leiden,hash_bal,connected_pairs,volume_5,-0.0085,-0.012,-0.005
method,infomap,hash_bal,leiden,hash_bal,connected_pairs,volume_full,-0.0085,-0.012,-0.005
method,infomap,hash_bal,leiden,hash_bal,connected_triples,fanout,-0.0115,-0.021,-0.0015
method,infomap,hash_bal,leiden,hash_bal,connected_triples,single_shard_share,0.0,0.0,0.0
method,infomap,hash_bal,leiden,hash_bal,connected_triples,overlap_1,0.0005,-0.0032,0.0043
method,infomap,hash_bal,leiden,hash_bal,connected_triples,overlap_2,-0.0002,-0.0006,0.0002
method,infomap,hash_bal,leiden,hash_bal,connected_triples,overlap_3,0.0,0.0,0.0
method,infomap,hash_bal,leiden,hash_bal,connected_triples,overlap_5,0.0,0.0,0.0
method,infomap,hash_bal,leiden,hash_bal,connected_triples,overlap_full,0.0,0.0,0.0
method,infomap,hash_bal,leiden,hash_bal,connected_triples,volume_1,-0.0018,-0.0041,0.0003
method,infomap,hash_bal,leiden,hash_bal,connected_triples,volume_2,-0.0047,-0.0078,-0.0014
method,infomap,hash_bal,leiden,hash_bal,connected_triples,volume_3,-0.0016,-0.0056,0.0027
method,infomap,hash_bal,leiden,hash_bal,connected_triples,volume_5,-0.0016,-0.0056,0.0027
method,infomap,hash_bal,leiden,hash_bal,connected_triples,volume_full,-0.0016,-0.0056,0.0027
method,infomap,hash_bal,leiden,hash_bal,frequent_pairs,fanout,-0.003,-0.009,0.0025
method,infomap,hash_bal,leiden,hash_bal,frequent_pairs,single_shard_share,0.003,-0.0025,0.009
method,infomap,hash_bal,leiden,hash_bal,frequent_pairs,overlap_1,-0.0,-0.0002,0.0001
method,infomap,hash_bal,leiden,hash_bal,frequent_pairs,overlap_2,0.0,0.0,0.0
method,infomap,hash_bal,leiden,hash_bal,frequent_pairs,overlap_3,0.0,0.0,0.0
method,infomap,hash_bal,leiden,hash_bal,frequent_pairs,overlap_5,0.0,0.0,0.0
method,infomap,hash_bal,leiden,hash_bal,frequent_pairs,overlap_full,0.0,0.0,0.0
method,infomap,hash_bal,leiden,hash_bal,frequent_pairs,volume_1,0.0009,-0.0014,0.0035
method,infomap,hash_bal,leiden,hash_bal,frequent_pairs,volume_2,0.0096,0.0055,0.0132
method,infomap,hash_bal,leiden,hash_bal,frequent_pairs,volume_3,0.0096,0.0055,0.0132
method,infomap,hash_bal,leiden,hash_bal,frequent_pairs,volume_5,0.0096,0.0055,0.0132
method,infomap,hash_bal,leiden,hash_bal,frequent_pairs,volume_full,0.0096,0.0055,0.0132
method,infomap,hash_bal,leiden,hash_bal,frequent_triples,fanout,0.003,-0.006,0.011
method,infomap,hash_bal,leiden,hash_bal,frequent_triples,single_shard_share,0.0,0.0,0.0
method,infomap,hash_bal,leiden,hash_bal,frequent_triples,overlap_1,-0.0014,-0.0032,0.0002
method,infomap,hash_bal,leiden,hash_bal,frequent_triples,overlap_2,0.0,0.0,0.0
method,infomap,hash_bal,leiden,hash_bal,frequent_triples,overlap_3,0.0,0.0,0.0
method,infomap,hash_bal,leiden,hash_bal,frequent_triples,overlap_5,0.0,0.0,0.0
method,infomap,hash_bal,leiden,hash_bal,frequent_triples,overlap_full,0.0,0.0,0.0
method,infomap,hash_bal,leiden,hash_bal,frequent_triples,volume_1,0.0009,-0.0013,0.003
method,infomap,hash_bal,leiden,hash_bal,frequent_triples,volume_2,0.0008,-0.0026,0.0041
method,infomap,hash_bal,leiden,hash_bal,frequent_triples,volume_3,0.0139,0.0091,0.0181
method,infomap,hash_bal,leiden,hash_bal,frequent_triples,volume_5,0.0139,0.0091,0.0181
method,infomap,hash_bal,leiden,hash_bal,frequent_triples,volume_full,0.0139,0.0091,0.0181
method,infomap,bal,leiden,bal,train,fanout,0.0202,0.0097,0.0301
method,infomap,bal,leiden,bal,train,single_shard_share,-0.0021,-0.0052,0.0012
method,infomap,bal,leiden,bal,train,overlap_1,-0.0056,-0.0092,-0.0018
method,infomap,bal,leiden,bal,train,overlap_2,-0.0015,-0.0027,-0.0004
method,infomap,bal,leiden,bal,train,overlap_3,-0.0002,-0.0006,0.0002
method,infomap,bal,leiden,bal,train,overlap_5,0.0,0.0,0.0
method,infomap,bal,leiden,bal,train,overlap_full,0.0,0.0,0.0
method,infomap,bal,leiden,bal,train,volume_1,-0.0005,-0.0005,-0.0004
method,infomap,bal,leiden,bal,train,volume_2,-0.0002,-0.0007,0.0003
method,infomap,bal,leiden,bal,train,volume_3,0.001,0.0,0.002
method,infomap,bal,leiden,bal,train,volume_5,0.0024,0.0009,0.0039
method,infomap,bal,leiden,bal,train,volume_full,0.0026,0.001,0.004
method,infomap,bal,leiden,bal,holdout,fanout,0.01,-0.0018,0.022
method,infomap,bal,leiden,bal,holdout,single_shard_share,-0.0036,-0.0075,0.0002
method,infomap,bal,leiden,bal,holdout,overlap_1,-0.0106,-0.0152,-0.0057
method,infomap,bal,leiden,bal,holdout,overlap_2,-0.001,-0.0026,0.0006
method,infomap,bal,leiden,bal,holdout,overlap_3,0.0003,-0.0002,0.0007
method,infomap,bal,leiden,bal,holdout,overlap_5,0.0,-0.0001,0.0002
method,infomap,bal,leiden,bal,holdout,overlap_full,0.0,0.0,0.0
method,infomap,bal,leiden,bal,holdout,volume_1,-0.0003,-0.0004,-0.0002
method,infomap,bal,leiden,bal,holdout,volume_2,0.0001,-0.0005,0.0008
method,infomap,bal,leiden,bal,holdout,volume_3,-0.0001,-0.0014,0.0012
method,infomap,bal,leiden,bal,holdout,volume_5,0.001,-0.0008,0.0026
method,infomap,bal,leiden,bal,holdout,volume_full,0.0011,-0.0006,0.0029
method,infomap,bal,leiden,bal,ood,fanout,-0.0146,-0.0252,-0.0041
method,infomap,bal,leiden,bal,ood,single_shard_share,0.0004,-0.0008,0.0015
method,infomap,bal,leiden,bal,ood,overlap_1,-0.0052,-0.0096,-0.0006
method,infomap,bal,leiden,bal,ood,overlap_2,-0.0027,-0.0051,-0.0003
method,infomap,bal,leiden,bal,ood,overlap_3,-0.0001,-0.0013,0.001
method,infomap,bal,leiden,bal,ood,overlap_5,0.0001,-0.0001,0.0002
method,infomap,bal,leiden,bal,ood,overlap_full,0.0,0.0,0.0
method,infomap,bal,leiden,bal,ood,volume_1,-0.0005,-0.0006,-0.0004
method,infomap,bal,leiden,bal,ood,volume_2,-0.0007,-0.0009,-0.0005
method,infomap,bal,leiden,bal,ood,volume_3,-0.0014,-0.0019,-0.0008
method,infomap,bal,leiden,bal,ood,volume_5,-0.0021,-0.0036,-0.0007
method,infomap,bal,leiden,bal,ood,volume_full,-0.0028,-0.0044,-0.0013
method,infomap,bal,leiden,bal,connected_pairs,fanout,-0.0015,-0.0075,0.004
method,infomap,bal,leiden,bal,connected_pairs,single_shard_share,0.0015,-0.004,0.0075
method,infomap,bal,leiden,bal,connected_pairs,overlap_1,-0.0004,-0.0014,0.0002
method,infomap,bal,leiden,bal,connected_pairs,overlap_2,0.0,0.0,0.0
method,infomap,bal,leiden,bal,connected_pairs,overlap_3,0.0,0.0,0.0
method,infomap,bal,leiden,bal,connected_pairs,overlap_5,0.0,0.0,0.0
method,infomap,bal,leiden,bal,connected_pairs,overlap_full,0.0,0.0,0.0
method,infomap,bal,leiden,bal,connected_pairs,volume_1,-0.0022,-0.0026,-0.0018
method,infomap,bal,leiden,bal,connected_pairs,volume_2,-0.0024,-0.0035,-0.0015
method,infomap,bal,leiden,bal,connected_pairs,volume_3,-0.0024,-0.0035,-0.0015
method,infomap,bal,leiden,bal,connected_pairs,volume_5,-0.0024,-0.0035,-0.0015
method,infomap,bal,leiden,bal,connected_pairs,volume_full,-0.0024,-0.0035,-0.0015
method,infomap,bal,leiden,bal,connected_triples,fanout,0.0255,0.0015,0.049
method,infomap,bal,leiden,bal,connected_triples,single_shard_share,-0.0235,-0.043,-0.0045
method,infomap,bal,leiden,bal,connected_triples,overlap_1,0.001,-0.0011,0.0031
method,infomap,bal,leiden,bal,connected_triples,overlap_2,0.0,0.0,0.0
method,infomap,bal,leiden,bal,connected_triples,overlap_3,0.0,0.0,0.0
method,infomap,bal,leiden,bal,connected_triples,overlap_5,0.0,0.0,0.0
method,infomap,bal,leiden,bal,connected_triples,overlap_full,0.0,0.0,0.0
method,infomap,bal,leiden,bal,connected_triples,volume_1,-0.0002,-0.0003,-0.0001
method,infomap,bal,leiden,bal,connected_triples,volume_2,0.0034,0.0006,0.0063
method,infomap,bal,leiden,bal,connected_triples,volume_3,0.0037,0.0001,0.0073
method,infomap,bal,leiden,bal,connected_triples,volume_5,0.0037,0.0001,0.0073
method,infomap,bal,leiden,bal,connected_triples,volume_full,0.0037,0.0001,0.0073
method,infomap,bal,leiden,bal,frequent_pairs,fanout,0.0075,-0.009,0.027
method,infomap,bal,leiden,bal,frequent_pairs,single_shard_share,-0.0075,-0.027,0.009
method,infomap,bal,leiden,bal,frequent_pairs,overlap_1,0.0002,0.0,0.0006
method,infomap,bal,leiden,bal,frequent_pairs,overlap_2,0.0,0.0,0.0
method,infomap,bal,leiden,bal,frequent_pairs,overlap_3,0.0,0.0,0.0
method,infomap,bal,leiden,bal,frequent_pairs,overlap_5,0.0,0.0,0.0
method,infomap,bal,leiden,bal,frequent_pairs,overlap_full,0.0,0.0,0.0
method,infomap,bal,leiden,bal,frequent_pairs,volume_1,0.0,-0.0,0.0
method,infomap,bal,leiden,bal,frequent_pairs,volume_2,0.0012,-0.0013,0.0041
method,infomap,bal,leiden,bal,frequent_pairs,volume_3,0.0012,-0.0013,0.0041
method,infomap,bal,leiden,bal,frequent_pairs,volume_5,0.0012,-0.0013,0.0041
method,infomap,bal,leiden,bal,frequent_pairs,volume_full,0.0012,-0.0013,0.0041
method,infomap,bal,leiden,bal,frequent_triples,fanout,0.051,0.025,0.076
method,infomap,bal,leiden,bal,frequent_triples,single_shard_share,-0.012,-0.0255,0.002
method,infomap,bal,leiden,bal,frequent_triples,overlap_1,-0.0012,-0.0031,0.0007
method,infomap,bal,leiden,bal,frequent_triples,overlap_2,0.0,0.0,0.0
method,infomap,bal,leiden,bal,frequent_triples,overlap_3,0.0,0.0,0.0
method,infomap,bal,leiden,bal,frequent_triples,overlap_5,0.0,0.0,0.0
method,infomap,bal,leiden,bal,frequent_triples,overlap_full,0.0,0.0,0.0
method,infomap,bal,leiden,bal,frequent_triples,volume_1,0.0,0.0,0.0
method,infomap,bal,leiden,bal,frequent_triples,volume_2,0.0019,-0.0002,0.0039
method,infomap,bal,leiden,bal,frequent_triples,volume_3,0.0077,0.0038,0.0115
method,infomap,bal,leiden,bal,frequent_triples,volume_5,0.0077,0.0038,0.0115
method,infomap,bal,leiden,bal,frequent_triples,volume_full,0.0077,0.0038,0.0115
method,metis,hash_base,leiden,hash_base,train,fanout,0.0013,-0.0009,0.0036
method,metis,hash_base,leiden,hash_base,train,single_shard_share,0.0003,-0.0003,0.0009
method,metis,hash_base,leiden,hash_base,train,overlap_1,-0.0009,-0.0025,0.0005
method,metis,hash_base,leiden,hash_base,train,overlap_2,-0.0006,-0.0012,0.0001
method,metis,hash_base,leiden,hash_base,train,overlap_3,-0.0003,-0.0005,-0.0
method,metis,hash_base,leiden,hash_base,train,overlap_5,0.0,0.0,0.0
method,metis,hash_base,leiden,hash_base,train,overlap_full,0.0,0.0,0.0
method,metis,hash_base,leiden,hash_base,train,volume_1,0.0002,-0.0004,0.0007
method,metis,hash_base,leiden,hash_base,train,volume_2,-0.0009,-0.0016,-0.0001
method,metis,hash_base,leiden,hash_base,train,volume_3,-0.0022,-0.003,-0.0014
method,metis,hash_base,leiden,hash_base,train,volume_5,-0.0031,-0.004,-0.0023
method,metis,hash_base,leiden,hash_base,train,volume_full,-0.0034,-0.0043,-0.0025
method,metis,hash_base,leiden,hash_base,holdout,fanout,-0.0002,-0.0033,0.003
method,metis,hash_base,leiden,hash_base,holdout,single_shard_share,0.0002,-0.0003,0.0008
method,metis,hash_base,leiden,hash_base,holdout,overlap_1,0.0009,-0.0011,0.0028
method,metis,hash_base,leiden,hash_base,holdout,overlap_2,0.0004,-0.0005,0.0013
method,metis,hash_base,leiden,hash_base,holdout,overlap_3,-0.0,-0.0003,0.0003
method,metis,hash_base,leiden,hash_base,holdout,overlap_5,0.0001,-0.0,0.0002
method,metis,hash_base,leiden,hash_base,holdout,overlap_full,0.0,0.0,0.0
method,metis,hash_base,leiden,hash_base,holdout,volume_1,0.0005,-0.0002,0.0011
method,metis,hash_base,leiden,hash_base,holdout,volume_2,-0.0005,-0.0014,0.0005
method,metis,hash_base,leiden,hash_base,holdout,volume_3,-0.0011,-0.0022,0.0
method,metis,hash_base,leiden,hash_base,holdout,volume_5,-0.0022,-0.0034,-0.0011
method,metis,hash_base,leiden,hash_base,holdout,volume_full,-0.0025,-0.0037,-0.0014
method,metis,hash_base,leiden,hash_base,ood,fanout,0.0027,-0.0005,0.0057
method,metis,hash_base,leiden,hash_base,ood,single_shard_share,0.0,0.0,0.0
method,metis,hash_base,leiden,hash_base,ood,overlap_1,-0.0004,-0.0024,0.0016
method,metis,hash_base,leiden,hash_base,ood,overlap_2,0.0001,-0.0014,0.0015
method,metis,hash_base,leiden,hash_base,ood,overlap_3,0.0006,-0.0002,0.0013
method,metis,hash_base,leiden,hash_base,ood,overlap_5,0.0,-0.0002,0.0002
method,metis,hash_base,leiden,hash_base,ood,overlap_full,0.0,0.0,0.0
method,metis,hash_base,leiden,hash_base,ood,volume_1,-0.0003,-0.0007,0.0002
method,metis,hash_base,leiden,hash_base,ood,volume_2,-0.0008,-0.0015,-0.0002
method,metis,hash_base,leiden,hash_base,ood,volume_3,-0.0028,-0.0037,-0.002
method,metis,hash_base,leiden,hash_base,ood,volume_5,-0.0074,-0.0085,-0.0065
method,metis,hash_base,leiden,hash_base,ood,volume_full,-0.0083,-0.0094,-0.0073
method,metis,hash_base,leiden,hash_base,connected_pairs,fanout,0.0,-0.0015,0.0015
method,metis,hash_base,leiden,hash_base,connected_pairs,single_shard_share,0.0,-0.0015,0.0015
method,metis,hash_base,leiden,hash_base,connected_pairs,overlap_1,0.0008,-0.0007,0.0024
method,metis,hash_base,leiden,hash_base,connected_pairs,overlap_2,0.0,0.0,0.0
method,metis,hash_base,leiden,hash_base,connected_pairs,overlap_3,0.0,0.0,0.0
method,metis,hash_base,leiden,hash_base,connected_pairs,overlap_5,0.0,0.0,0.0
method,metis,hash_base,leiden,hash_base,connected_pairs,overlap_full,0.0,0.0,0.0
method,metis,hash_base,leiden,hash_base,connected_pairs,volume_1,0.0006,-0.0006,0.0018
method,metis,hash_base,leiden,hash_base,connected_pairs,volume_2,0.0011,-0.0006,0.0028
method,metis,hash_base,leiden,hash_base,connected_pairs,volume_3,0.0011,-0.0006,0.0028
method,metis,hash_base,leiden,hash_base,connected_pairs,volume_5,0.0011,-0.0006,0.0028
method,metis,hash_base,leiden,hash_base,connected_pairs,volume_full,0.0011,-0.0006,0.0028
method,metis,hash_base,leiden,hash_base,connected_triples,fanout,-0.0025,-0.007,0.002
method,metis,hash_base,leiden,hash_base,connected_triples,single_shard_share,0.0,0.0,0.0
method,metis,hash_base,leiden,hash_base,connected_triples,overlap_1,0.0014,-0.0012,0.0039
method,metis,hash_base,leiden,hash_base,connected_triples,overlap_2,-0.0002,-0.0004,0.0
method,metis,hash_base,leiden,hash_base,connected_triples,overlap_3,0.0,0.0,0.0
method,metis,hash_base,leiden,hash_base,connected_triples,overlap_5,0.0,0.0,0.0
method,metis,hash_base,leiden,hash_base,connected_triples,overlap_full,0.0,0.0,0.0
method,metis,hash_base,leiden,hash_base,connected_triples,volume_1,0.0004,-0.0009,0.0016
method,metis,hash_base,leiden,hash_base,connected_triples,volume_2,0.0001,-0.0016,0.0019
method,metis,hash_base,leiden,hash_base,connected_triples,volume_3,-0.0017,-0.0038,0.0003
method,metis,hash_base,leiden,hash_base,connected_triples,volume_5,-0.0017,-0.0038,0.0003
method,metis,hash_base,leiden,hash_base,connected_triples,volume_full,-0.0017,-0.0038,0.0003
method,metis,hash_base,leiden,hash_base,frequent_pairs,fanout,-0.002,-0.005,0.0005
method,metis,hash_base,leiden,hash_base,frequent_pairs,single_shard_share,0.002,-0.0005,0.005
method,metis,hash_base,leiden,hash_base,frequent_pairs,overlap_1,-0.0001,-0.0002,0.0
method,metis,hash_base,leiden,hash_base,frequent_pairs,overlap_2,0.0,0.0,0.0
method,metis,hash_base,leiden,hash_base,frequent_pairs,overlap_3,0.0,0.0,0.0
method,metis,hash_base,leiden,hash_base,frequent_pairs,overlap_5,0.0,0.0,0.0
method,metis,hash_base,leiden,hash_base,frequent_pairs,overlap_full,0.0,0.0,0.0
method,metis,hash_base,leiden,hash_base,frequent_pairs,volume_1,0.0002,-0.001,0.0015
method,metis,hash_base,leiden,hash_base,frequent_pairs,volume_2,-0.0037,-0.0054,-0.0019
method,metis,hash_base,leiden,hash_base,frequent_pairs,volume_3,-0.0037,-0.0054,-0.0019
method,metis,hash_base,leiden,hash_base,frequent_pairs,volume_5,-0.0037,-0.0054,-0.0019
method,metis,hash_base,leiden,hash_base,frequent_pairs,volume_full,-0.0037,-0.0054,-0.0019
method,metis,hash_base,leiden,hash_base,frequent_triples,fanout,-0.0015,-0.0075,0.0045
method,metis,hash_base,leiden,hash_base,frequent_triples,single_shard_share,0.0,0.0,0.0
method,metis,hash_base,leiden,hash_base,frequent_triples,overlap_1,-0.0003,-0.0014,0.0009
method,metis,hash_base,leiden,hash_base,frequent_triples,overlap_2,0.0,0.0,0.0
method,metis,hash_base,leiden,hash_base,frequent_triples,overlap_3,0.0,0.0,0.0
method,metis,hash_base,leiden,hash_base,frequent_triples,overlap_5,0.0,0.0,0.0
method,metis,hash_base,leiden,hash_base,frequent_triples,overlap_full,0.0,0.0,0.0
method,metis,hash_base,leiden,hash_base,frequent_triples,volume_1,-0.0004,-0.0017,0.0008
method,metis,hash_base,leiden,hash_base,frequent_triples,volume_2,-0.0001,-0.0018,0.0015
method,metis,hash_base,leiden,hash_base,frequent_triples,volume_3,-0.0054,-0.0076,-0.0034
method,metis,hash_base,leiden,hash_base,frequent_triples,volume_5,-0.0054,-0.0076,-0.0034
method,metis,hash_base,leiden,hash_base,frequent_triples,volume_full,-0.0054,-0.0076,-0.0034
method,metis,base,leiden,base,train,fanout,0.6747,0.6567,0.6928
method,metis,base,leiden,base,train,single_shard_share,-0.0932,-0.0992,-0.0874
method,metis,base,leiden,base,train,overlap_1,-0.1423,-0.1472,-0.1371
method,metis,base,leiden,base,train,overlap_2,-0.0253,-0.0273,-0.0234
method,metis,base,leiden,base,train,overlap_3,-0.0028,-0.0035,-0.0023
method,metis,base,leiden,base,train,overlap_5,-0.0,-0.0,0.0
method,metis,base,leiden,base,train,overlap_full,0.0,0.0,0.0
method,metis,base,leiden,base,train,volume_1,-0.3306,-0.3363,-0.325
method,metis,base,leiden,base,train,volume_2,-0.5969,-0.6052,-0.5892
method,metis,base,leiden,base,train,volume_3,-0.7145,-0.7242,-0.7049
method,metis,base,leiden,base,train,volume_5,-0.7486,-0.7597,-0.7382
method,metis,base,leiden,base,train,volume_full,-0.7484,-0.7598,-0.7382
method,metis,base,leiden,base,holdout,fanout,0.5757,0.5538,0.5976
method,metis,base,leiden,base,holdout,single_shard_share,-0.0714,-0.078,-0.0653
method,metis,base,leiden,base,holdout,overlap_1,-0.1358,-0.1419,-0.1294
method,metis,base,leiden,base,holdout,overlap_2,-0.0265,-0.0291,-0.024
method,metis,base,leiden,base,holdout,overlap_3,-0.0033,-0.0043,-0.0024
method,metis,base,leiden,base,holdout,overlap_5,-0.0003,-0.0006,-0.0
method,metis,base,leiden,base,holdout,overlap_full,0.0,0.0,0.0
method,metis,base,leiden,base,holdout,volume_1,-0.311,-0.3181,-0.3038
method,metis,base,leiden,base,holdout,volume_2,-0.585,-0.5949,-0.575
method,metis,base,leiden,base,holdout,volume_3,-0.7248,-0.7374,-0.7124
method,metis,base,leiden,base,holdout,volume_5,-0.7719,-0.7854,-0.7587
method,metis,base,leiden,base,holdout,volume_full,-0.7732,-0.7866,-0.7597
method,metis,base,leiden,base,ood,fanout,0.69,0.673,0.7081
method,metis,base,leiden,base,ood,single_shard_share,-0.0098,-0.0118,-0.0076
method,metis,base,leiden,base,ood,overlap_1,-0.2242,-0.2307,-0.2178
method,metis,base,leiden,base,ood,overlap_2,-0.0999,-0.1037,-0.0961
method,metis,base,leiden,base,ood,overlap_3,-0.0255,-0.0274,-0.0237
method,metis,base,leiden,base,ood,overlap_5,-0.001,-0.0013,-0.0007
method,metis,base,leiden,base,ood,overlap_full,0.0,0.0,0.0
method,metis,base,leiden,base,ood,volume_1,-0.2911,-0.2961,-0.2857
method,metis,base,leiden,base,ood,volume_2,-0.5507,-0.5575,-0.5432
method,metis,base,leiden,base,ood,volume_3,-0.8389,-0.8469,-0.8299
method,metis,base,leiden,base,ood,volume_5,-1.1174,-1.1271,-1.1061
method,metis,base,leiden,base,ood,volume_full,-1.1402,-1.1511,-1.1286
method,metis,base,leiden,base,connected_pairs,fanout,0.4365,0.4155,0.4575
method,metis,base,leiden,base,connected_pairs,single_shard_share,-0.4365,-0.4575,-0.4155
method,metis,base,leiden,base,connected_pairs,overlap_1,-0.0429,-0.0489,-0.0371
method,metis,base,leiden,base,connected_pairs,overlap_2,0.0,0.0,0.0
method,metis,base,leiden,base,connected_pairs,overlap_3,0.0,0.0,0.0
method,metis,base,leiden,base,connected_pairs,overlap_5,0.0,0.0,0.0
method,metis,base,leiden,base,connected_pairs,overlap_full,0.0,0.0,0.0
method,metis,base,leiden,base,connected_pairs,volume_1,-0.3899,-0.4011,-0.379
method,metis,base,leiden,base,connected_pairs,volume_2,-0.3689,-0.3805,-0.3582
method,metis,base,leiden,base,connected_pairs,volume_3,-0.3689,-0.3805,-0.3582
method,metis,base,leiden,base,connected_pairs,volume_5,-0.3689,-0.3805,-0.3582
method,metis,base,leiden,base,connected_pairs,volume_full,-0.3689,-0.3805,-0.3582
method,metis,base,leiden,base,connected_triples,fanout,1.34,1.311,1.3685
method,metis,base,leiden,base,connected_triples,single_shard_share,-0.7275,-0.7465,-0.706
method,metis,base,leiden,base,connected_triples,overlap_1,-0.0858,-0.0929,-0.0782
method,metis,base,leiden,base,connected_triples,overlap_2,-0.0002,-0.0006,0.0
method,metis,base,leiden,base,connected_triples,overlap_3,0.0,0.0,0.0
method,metis,base,leiden,base,connected_triples,overlap_5,0.0,0.0,0.0
method,metis,base,leiden,base,connected_triples,overlap_full,0.0,0.0,0.0
method,metis,base,leiden,base,connected_triples,volume_1,-0.5121,-0.5193,-0.5048
method,metis,base,leiden,base,connected_triples,volume_2,-0.6,-0.6132,-0.587
method,metis,base,leiden,base,connected_triples,volume_3,-0.5775,-0.5923,-0.5629
method,metis,base,leiden,base,connected_triples,volume_5,-0.5775,-0.5923,-0.5629
method,metis,base,leiden,base,connected_triples,volume_full,-0.5775,-0.5923,-0.5629
method,metis,base,leiden,base,frequent_pairs,fanout,0.6495,0.6285,0.6715
method,metis,base,leiden,base,frequent_pairs,single_shard_share,-0.6495,-0.6715,-0.6285
method,metis,base,leiden,base,frequent_pairs,overlap_1,-0.0001,-0.0004,0.0
method,metis,base,leiden,base,frequent_pairs,overlap_2,0.0,0.0,0.0
method,metis,base,leiden,base,frequent_pairs,overlap_3,0.0,0.0,0.0
method,metis,base,leiden,base,frequent_pairs,overlap_5,0.0,0.0,0.0
method,metis,base,leiden,base,frequent_pairs,overlap_full,0.0,0.0,0.0
method,metis,base,leiden,base,frequent_pairs,volume_1,-0.5398,-0.5461,-0.5337
method,metis,base,leiden,base,frequent_pairs,volume_2,-0.664,-0.6769,-0.6508
method,metis,base,leiden,base,frequent_pairs,volume_3,-0.664,-0.6769,-0.6508
method,metis,base,leiden,base,frequent_pairs,volume_5,-0.664,-0.6769,-0.6508
method,metis,base,leiden,base,frequent_pairs,volume_full,-0.664,-0.6769,-0.6508
method,metis,base,leiden,base,frequent_triples,fanout,1.3125,1.279,1.3425
method,metis,base,leiden,base,frequent_triples,single_shard_share,-0.526,-0.548,-0.5035
method,metis,base,leiden,base,frequent_triples,overlap_1,-0.0246,-0.0287,-0.0207
method,metis,base,leiden,base,frequent_triples,overlap_2,0.0,0.0,0.0
method,metis,base,leiden,base,frequent_triples,overlap_3,0.0,0.0,0.0
method,metis,base,leiden,base,frequent_triples,overlap_5,0.0,0.0,0.0
method,metis,base,leiden,base,frequent_triples,overlap_full,0.0,0.0,0.0
method,metis,base,leiden,base,frequent_triples,volume_1,-0.5381,-0.5439,-0.5321
method,metis,base,leiden,base,frequent_triples,volume_2,-0.7483,-0.7617,-0.7346
method,metis,base,leiden,base,frequent_triples,volume_3,-0.7558,-0.7742,-0.7383
method,metis,base,leiden,base,frequent_triples,volume_5,-0.7558,-0.7742,-0.7383
method,metis,base,leiden,base,frequent_triples,volume_full,-0.7558,-0.7742,-0.7383
method,metis,base_r2,leiden,base_r2,train,fanout,0.7158,0.6975,0.7337
method,metis,base_r2,leiden,base_r2,train,single_shard_share,-0.1471,-0.154,-0.14
method,metis,base_r2,leiden,base_r2,train,overlap_1,-0.1211,-0.1254,-0.116
method,metis,base_r2,leiden,base_r2,train,overlap_2,-0.0198,-0.0216,-0.0182
method,metis,base_r2,leiden,base_r2,train,overlap_3,-0.0021,-0.0027,-0.0017
method,metis,base_r2,leiden,base_r2,train,overlap_5,-0.0,-0.0,0.0
method,metis,base_r2,leiden,base_r2,train,overlap_full,0.0,0.0,0.0
method,metis,base_r2,leiden,base_r2,train,volume_1,-0.4717,-0.4791,-0.4646
method,metis,base_r2,leiden,base_r2,train,volume_2,-0.7453,-0.7553,-0.7358
method,metis,base_r2,leiden,base_r2,train,volume_3,-0.8214,-0.8326,-0.8107
method,metis,base_r2,leiden,base_r2,train,volume_5,-0.8255,-0.837,-0.8144
method,metis,base_r2,leiden,base_r2,train,volume_full,-0.8234,-0.8348,-0.8124
method,metis,base_r2,leiden,base_r2,holdout,fanout,0.7212,0.6998,0.7449
method,metis,base_r2,leiden,base_r2,holdout,single_shard_share,-0.1236,-0.1324,-0.1152
method,metis,base_r2,leiden,base_r2,holdout,overlap_1,-0.139,-0.1454,-0.133
method,metis,base_r2,leiden,base_r2,holdout,overlap_2,-0.0257,-0.0281,-0.0233
method,metis,base_r2,leiden,base_r2,holdout,overlap_3,-0.0031,-0.0039,-0.0023
method,metis,base_r2,leiden,base_r2,holdout,overlap_5,-0.0001,-0.0004,0.0
method,metis,base_r2,leiden,base_r2,holdout,overlap_full,0.0,0.0,0.0
method,metis,base_r2,leiden,base_r2,holdout,volume_1,-0.4542,-0.4637,-0.4448
method,metis,base_r2,leiden,base_r2,holdout,volume_2,-0.7435,-0.755,-0.7309
method,metis,base_r2,leiden,base_r2,holdout,volume_3,-0.8465,-0.8597,-0.8332
method,metis,base_r2,leiden,base_r2,holdout,volume_5,-0.8545,-0.8683,-0.841
method,metis,base_r2,leiden,base_r2,holdout,volume_full,-0.8525,-0.8666,-0.8388
method,metis,base_r2,leiden,base_r2,ood,fanout,0.9384,0.9183,0.9573
method,metis,base_r2,leiden,base_r2,ood,single_shard_share,-0.029,-0.0322,-0.0259
method,metis,base_r2,leiden,base_r2,ood,overlap_1,-0.2475,-0.2538,-0.2414
method,metis,base_r2,leiden,base_r2,ood,overlap_2,-0.0985,-0.102,-0.0946
method,metis,base_r2,leiden,base_r2,ood,overlap_3,-0.0238,-0.0257,-0.022
method,metis,base_r2,leiden,base_r2,ood,overlap_5,-0.0008,-0.0011,-0.0006
method,metis,base_r2,leiden,base_r2,ood,overlap_full,0.0,0.0,0.0
method,metis,base_r2,leiden,base_r2,ood,volume_1,-0.4861,-0.4924,-0.4794
method,metis,base_r2,leiden,base_r2,ood,volume_2,-0.8097,-0.8182,-0.8
method,metis,base_r2,leiden,base_r2,ood,volume_3,-1.1291,-1.1407,-1.1182
method,metis,base_r2,leiden,base_r2,ood,volume_5,-1.3175,-1.3299,-1.3052
method,metis,base_r2,leiden,base_r2,ood,volume_full,-1.3171,-1.3295,-1.305
method,metis,base_r2,leiden,base_r2,connected_pairs,fanout,0.013,0.0085,0.0185
method,metis,base_r2,leiden,base_r2,connected_pairs,single_shard_share,-0.013,-0.0185,-0.0085
method,metis,base_r2,leiden,base_r2,connected_pairs,overlap_1,-0.0006,-0.0013,-0.0
method,metis,base_r2,leiden,base_r2,connected_pairs,overlap_2,0.0,0.0,0.0
method,metis,base_r2,leiden,base_r2,connected_pairs,overlap_3,0.0,0.0,0.0
method,metis,base_r2,leiden,base_r2,connected_pairs,overlap_5,0.0,0.0,0.0
method,metis,base_r2,leiden,base_r2,connected_pairs,overlap_full,0.0,0.0,0.0
method,metis,base_r2,leiden,base_r2,connected_pairs,volume_1,-0.5037,-0.5186,-0.4902
method,metis,base_r2,leiden,base_r2,connected_pairs,volume_2,-0.5023,-0.5172,-0.4887
method,metis,base_r2,leiden,base_r2,connected_pairs,volume_3,-0.5023,-0.5172,-0.4887
method,metis,base_r2,leiden,base_r2,connected_pairs,volume_5,-0.5023,-0.5172,-0.4887
method,metis,base_r2,leiden,base_r2,connected_pairs,volume_full,-0.5023,-0.5172,-0.4887
method,metis,base_r2,leiden,base_r2,connected_triples,fanout,0.6255,0.5995,0.65
method,metis,base_r2,leiden,base_r2,connected_triples,single_shard_share,-0.575,-0.597,-0.5525
method,metis,base_r2,leiden,base_r2,connected_triples,overlap_1,-0.0044,-0.0063,-0.0028
method,metis,base_r2,leiden,base_r2,connected_triples,overlap_2,0.0,0.0,0.0
method,metis,base_r2,leiden,base_r2,connected_triples,overlap_3,0.0,0.0,0.0
method,metis,base_r2,leiden,base_r2,connected_triples,overlap_5,0.0,0.0,0.0
method,metis,base_r2,leiden,base_r2,connected_triples,overlap_full,0.0,0.0,0.0
method,metis,base_r2,leiden,base_r2,connected_triples,volume_1,-0.6653,-0.6732,-0.6574
method,metis,base_r2,leiden,base_r2,connected_triples,volume_2,-0.6707,-0.6835,-0.6592
method,metis,base_r2,leiden,base_r2,connected_triples,volume_3,-0.6659,-0.6785,-0.6542
method,metis,base_r2,leiden,base_r2,connected_triples,volume_5,-0.6659,-0.6785,-0.6542
method,metis,base_r2,leiden,base_r2,connected_triples,volume_full,-0.6659,-0.6785,-0.6542
method,metis,base_r2,leiden,base_r2,frequent_pairs,fanout,0.6905,0.6705,0.7095
method,metis,base_r2,leiden,base_r2,frequent_pairs,single_shard_share,-0.6905,-0.7095,-0.6705
method,metis,base_r2,leiden,base_r2,frequent_pairs,overlap_1,0.0,0.0,0.0
method,metis,base_r2,leiden,base_r2,frequent_pairs,overlap_2,0.0,0.0,0.0
method,metis,base_r2,leiden,base_r2,frequent_pairs,overlap_3,0.0,0.0,0.0
method,metis,base_r2,leiden,base_r2,frequent_pairs,overlap_5,0.0,0.0,0.0
method,metis,base_r2,leiden,base_r2,frequent_pairs,overlap_full,0.0,0.0,0.0
method,metis,base_r2,leiden,base_r2,frequent_pairs,volume_1,-0.7326,-0.7382,-0.7273
method,metis,base_r2,leiden,base_r2,frequent_pairs,volume_2,-0.7301,-0.7425,-0.7181
method,metis,base_r2,leiden,base_r2,frequent_pairs,volume_3,-0.7301,-0.7425,-0.7181
method,metis,base_r2,leiden,base_r2,frequent_pairs,volume_5,-0.7301,-0.7425,-0.7181
method,metis,base_r2,leiden,base_r2,frequent_pairs,volume_full,-0.7301,-0.7425,-0.7181
method,metis,base_r2,leiden,base_r2,frequent_triples,fanout,1.3645,1.335,1.398
method,metis,base_r2,leiden,base_r2,frequent_triples,single_shard_share,-0.751,-0.77,-0.732
method,metis,base_r2,leiden,base_r2,frequent_triples,overlap_1,-0.0178,-0.0213,-0.0145
method,metis,base_r2,leiden,base_r2,frequent_triples,overlap_2,0.0,0.0,0.0
method,metis,base_r2,leiden,base_r2,frequent_triples,overlap_3,0.0,0.0,0.0
method,metis,base_r2,leiden,base_r2,frequent_triples,overlap_5,0.0,0.0,0.0
method,metis,base_r2,leiden,base_r2,frequent_triples,overlap_full,0.0,0.0,0.0
method,metis,base_r2,leiden,base_r2,frequent_triples,volume_1,-0.7193,-0.726,-0.7127
method,metis,base_r2,leiden,base_r2,frequent_triples,volume_2,-0.7959,-0.8119,-0.7799
method,metis,base_r2,leiden,base_r2,frequent_triples,volume_3,-0.7426,-0.7596,-0.7249
method,metis,base_r2,leiden,base_r2,frequent_triples,volume_5,-0.7426,-0.7596,-0.7249
method,metis,base_r2,leiden,base_r2,frequent_triples,volume_full,-0.7426,-0.7596,-0.7249
method,metis,base_r3,leiden,base_r3,train,fanout,0.7066,0.6891,0.7233
method,metis,base_r3,leiden,base_r3,train,single_shard_share,-0.1724,-0.1796,-0.1651
method,metis,base_r3,leiden,base_r3,train,overlap_1,-0.1053,-0.1097,-0.1008
method,metis,base_r3,leiden,base_r3,train,overlap_2,-0.016,-0.0175,-0.0146
method,metis,base_r3,leiden,base_r3,train,overlap_3,-0.0016,-0.002,-0.0012
method,metis,base_r3,leiden,base_r3,train,overlap_5,0.0,0.0,0.0
method,metis,base_r3,leiden,base_r3,train,overlap_full,0.0,0.0,0.0
method,metis,base_r3,leiden,base_r3,train,volume_1,-0.5055,-0.5132,-0.4982
method,metis,base_r3,leiden,base_r3,train,volume_2,-0.724,-0.733,-0.7154
method,metis,base_r3,leiden,base_r3,train,volume_3,-0.7579,-0.7681,-0.7478
method,metis,base_r3,leiden,base_r3,train,volume_5,-0.7438,-0.7541,-0.7335
method,metis,base_r3,leiden,base_r3,train,volume_full,-0.7414,-0.7517,-0.7313
method,metis,base_r3,leiden,base_r3,holdout,fanout,0.7361,0.7135,0.7593
method,metis,base_r3,leiden,base_r3,holdout,single_shard_share,-0.1546,-0.1643,-0.1456
method,metis,base_r3,leiden,base_r3,holdout,overlap_1,-0.1255,-0.1314,-0.1193
method,metis,base_r3,leiden,base_r3,holdout,overlap_2,-0.0214,-0.0237,-0.0193
method,metis,base_r3,leiden,base_r3,holdout,overlap_3,-0.0026,-0.0033,-0.0018
method,metis,base_r3,leiden,base_r3,holdout,overlap_5,-0.0,-0.0001,0.0
method,metis,base_r3,leiden,base_r3,holdout,overlap_full,0.0,0.0,0.0
method,metis,base_r3,leiden,base_r3,holdout,volume_1,-0.4897,-0.4987,-0.4801
method,metis,base_r3,leiden,base_r3,holdout,volume_2,-0.7188,-0.7299,-0.7077
method,metis,base_r3,leiden,base_r3,holdout,volume_3,-0.7704,-0.7833,-0.7582
method,metis,base_r3,leiden,base_r3,holdout,volume_5,-0.7597,-0.7723,-0.7469
method,metis,base_r3,leiden,base_r3,holdout,volume_full,-0.7569,-0.7695,-0.7443
method,metis,base_r3,leiden,base_r3,ood,fanout,1.0677,1.048,1.0875
method,metis,base_r3,leiden,base_r3,ood,single_shard_share,-0.0439,-0.0479,-0.0402
method,metis,base_r3,leiden,base_r3,ood,overlap_1,-0.2496,-0.2558,-0.2434
method,metis,base_r3,leiden,base_r3,ood,overlap_2,-0.0937,-0.0972,-0.0901
method,metis,base_r3,leiden,base_r3,ood,overlap_3,-0.0212,-0.023,-0.0195
method,metis,base_r3,leiden,base_r3,ood,overlap_5,-0.0006,-0.0009,-0.0004
method,metis,base_r3,leiden,base_r3,ood,overlap_full,0.0,0.0,0.0
method,metis,base_r3,leiden,base_r3,ood,volume_1,-0.5844,-0.5908,-0.5783
method,metis,base_r3,leiden,base_r3,ood,volume_2,-0.8854,-0.8945,-0.876
method,metis,base_r3,leiden,base_r3,ood,volume_3,-1.1177,-1.1283,-1.1072
method,metis,base_r3,leiden,base_r3,ood,volume_5,-1.1909,-1.2023,-1.1797
method,metis,base_r3,leiden,base_r3,ood,volume_full,-1.18,-1.1918,-1.1685
method,metis,base_r3,leiden,base_r3,connected_pairs,fanout,0.0,0.0,0.0
method,metis,base_r3,leiden,base_r3,connected_pairs,single_shard_share,0.0,0.0,0.0
method,metis,base_r3,leiden,base_r3,connected_pairs,overlap_1,0.0,0.0,0.0
method,metis,base_r3,leiden,base_r3,connected_pairs,overlap_2,0.0,0.0,0.0
method,metis,base_r3,leiden,base_r3,connected_pairs,overlap_3,0.0,0.0,0.0
method,metis,base_r3,leiden,base_r3,connected_pairs,overlap_5,0.0,0.0,0.0
method,metis,base_r3,leiden,base_r3,connected_pairs,overlap_full,0.0,0.0,0.0
method,metis,base_r3,leiden,base_r3,connected_pairs,volume_1,-0.5425,-0.558,-0.5294
method,metis,base_r3,leiden,base_r3,connected_pairs,volume_2,-0.5425,-0.558,-0.5294
method,metis,base_r3,leiden,base_r3,connected_pairs,volume_3,-0.5425,-0.558,-0.5294
method,metis,base_r3,leiden,base_r3,connected_pairs,volume_5,-0.5425,-0.558,-0.5294
method,metis,base_r3,leiden,base_r3,connected_pairs,volume_full,-0.5425,-0.558,-0.5294
method,metis,base_r3,leiden,base_r3,connected_triples,fanout,0.4565,0.432,0.478
method,metis,base_r3,leiden,base_r3,connected_triples,single_shard_share,-0.4495,-0.4705,-0.4265
method,metis,base_r3,leiden,base_r3,connected_triples,overlap_1,-0.0004,-0.001,-0.0
method,metis,base_r3,leiden,base_r3,connected_triples,overlap_2,0.0,0.0,0.0
method,metis,base_r3,leiden,base_r3,connected_triples,overlap_3,0.0,0.0,0.0
method,metis,base_r3,leiden,base_r3,connected_triples,overlap_5,0.0,0.0,0.0
method,metis,base_r3,leiden,base_r3,connected_triples,overlap_full,0.0,0.0,0.0
method,metis,base_r3,leiden,base_r3,connected_triples,volume_1,-0.7106,-0.7177,-0.704
method,metis,base_r3,leiden,base_r3,connected_triples,volume_2,-0.6705,-0.6799,-0.6622
method,metis,base_r3,leiden,base_r3,connected_triples,volume_3,-0.6696,-0.6789,-0.6614
method,metis,base_r3,leiden,base_r3,connected_triples,volume_5,-0.6696,-0.6789,-0.6614
method,metis,base_r3,leiden,base_r3,connected_triples,volume_full,-0.6696,-0.6789,-0.6614
method,metis,base_r3,leiden,base_r3,frequent_pairs,fanout,0.6095,0.5855,0.631
method,metis,base_r3,leiden,base_r3,frequent_pairs,single_shard_share,-0.6095,-0.631,-0.5855
method,metis,base_r3,leiden,base_r3,frequent_pairs,overlap_1,-0.0,-0.0001,0.0
method,metis,base_r3,leiden,base_r3,frequent_pairs,overlap_2,0.0,0.0,0.0
method,metis,base_r3,leiden,base_r3,frequent_pairs,overlap_3,0.0,0.0,0.0
method,metis,base_r3,leiden,base_r3,frequent_pairs,overlap_5,0.0,0.0,0.0
method,metis,base_r3,leiden,base_r3,frequent_pairs,overlap_full,0.0,0.0,0.0
method,metis,base_r3,leiden,base_r3,frequent_pairs,volume_1,-0.7575,-0.7616,-0.7533
method,metis,base_r3,leiden,base_r3,frequent_pairs,volume_2,-0.6905,-0.6986,-0.6832
method,metis,base_r3,leiden,base_r3,frequent_pairs,volume_3,-0.6905,-0.6986,-0.6832
method,metis,base_r3,leiden,base_r3,frequent_pairs,volume_5,-0.6905,-0.6986,-0.6832
method,metis,base_r3,leiden,base_r3,frequent_pairs,volume_full,-0.6905,-0.6986,-0.6832
method,metis,base_r3,leiden,base_r3,frequent_triples,fanout,1.2295,1.201,1.2595
method,metis,base_r3,leiden,base_r3,frequent_triples,single_shard_share,-0.806,-0.8245,-0.787
method,metis,base_r3,leiden,base_r3,frequent_triples,overlap_1,-0.0124,-0.0153,-0.0098
method,metis,base_r3,leiden,base_r3,frequent_triples,overlap_2,0.0,0.0,0.0
method,metis,base_r3,leiden,base_r3,frequent_triples,overlap_3,0.0,0.0,0.0
method,metis,base_r3,leiden,base_r3,frequent_triples,overlap_5,0.0,0.0,0.0
method,metis,base_r3,leiden,base_r3,frequent_triples,overlap_full,0.0,0.0,0.0
method,metis,base_r3,leiden,base_r3,frequent_triples,volume_1,-0.7487,-0.7537,-0.7434
method,metis,base_r3,leiden,base_r3,frequent_triples,volume_2,-0.7032,-0.7153,-0.6911
method,metis,base_r3,leiden,base_r3,frequent_triples,volume_3,-0.6403,-0.6533,-0.6277
method,metis,base_r3,leiden,base_r3,frequent_triples,volume_5,-0.6403,-0.6533,-0.6277
method,metis,base_r3,leiden,base_r3,frequent_triples,volume_full,-0.6403,-0.6533,-0.6277
method,metis,hash_aff,leiden,hash_aff,train,fanout,-0.0006,-0.0032,0.0022
method,metis,hash_aff,leiden,hash_aff,train,single_shard_share,-0.0003,-0.001,0.0003
method,metis,hash_aff,leiden,hash_aff,train,overlap_1,0.0019,0.0001,0.0038
method,metis,hash_aff,leiden,hash_aff,train,overlap_2,0.0006,-0.0003,0.0014
method,metis,hash_aff,leiden,hash_aff,train,overlap_3,-0.0001,-0.0004,0.0003
method,metis,hash_aff,leiden,hash_aff,train,overlap_5,-0.0,-0.0,0.0
method,metis,hash_aff,leiden,hash_aff,train,overlap_full,0.0,0.0,0.0
method,metis,hash_aff,leiden,hash_aff,train,volume_1,0.0007,0.0,0.0014
method,metis,hash_aff,leiden,hash_aff,train,volume_2,0.0009,-0.0,0.0019
method,metis,hash_aff,leiden,hash_aff,train,volume_3,0.0035,0.0024,0.0046
method,metis,hash_aff,leiden,hash_aff,train,volume_5,0.005,0.0038,0.0062
method,metis,hash_aff,leiden,hash_aff,train,volume_full,0.0053,0.0042,0.0065
method,metis,hash_aff,leiden,hash_aff,holdout,fanout,0.0007,-0.0033,0.0046
method,metis,hash_aff,leiden,hash_aff,holdout,single_shard_share,0.0003,-0.0005,0.0011
method,metis,hash_aff,leiden,hash_aff,holdout,overlap_1,-0.0014,-0.0038,0.001
method,metis,hash_aff,leiden,hash_aff,holdout,overlap_2,-0.0006,-0.0016,0.0004
method,metis,hash_aff,leiden,hash_aff,holdout,overlap_3,0.0,-0.0003,0.0003
method,metis,hash_aff,leiden,hash_aff,holdout,overlap_5,0.0,-0.0001,0.0002
method,metis,hash_aff,leiden,hash_aff,holdout,overlap_full,0.0,0.0,0.0
method,metis,hash_aff,leiden,hash_aff,holdout,volume_1,-0.0004,-0.0013,0.0004
method,metis,hash_aff,leiden,hash_aff,holdout,volume_2,-0.0001,-0.0012,0.0011
method,metis,hash_aff,leiden,hash_aff,holdout,volume_3,0.0027,0.0013,0.004
method,metis,hash_aff,leiden,hash_aff,holdout,volume_5,0.0044,0.0029,0.0057
method,metis,hash_aff,leiden,hash_aff,holdout,volume_full,0.0048,0.0033,0.0062
method,metis,hash_aff,leiden,hash_aff,ood,fanout,-0.004,-0.0085,0.0003
method,metis,hash_aff,leiden,hash_aff,ood,single_shard_share,0.0,-0.0002,0.0003
method,metis,hash_aff,leiden,hash_aff,ood,overlap_1,0.0028,0.0002,0.0055
method,metis,hash_aff,leiden,hash_aff,ood,overlap_2,0.0005,-0.0011,0.0022
method,metis,hash_aff,leiden,hash_aff,ood,overlap_3,0.0002,-0.0006,0.0012
method,metis,hash_aff,leiden,hash_aff,ood,overlap_5,0.0,-0.0001,0.0002
method,metis,hash_aff,leiden,hash_aff,ood,overlap_full,0.0,0.0,0.0
method,metis,hash_aff,leiden,hash_aff,ood,volume_1,0.0023,0.0016,0.0029
method,metis,hash_aff,leiden,hash_aff,ood,volume_2,0.0048,0.0038,0.0056
method,metis,hash_aff,leiden,hash_aff,ood,volume_3,0.0086,0.0074,0.0096
method,metis,hash_aff,leiden,hash_aff,ood,volume_5,0.0155,0.0143,0.0168
method,metis,hash_aff,leiden,hash_aff,ood,volume_full,0.0172,0.0159,0.0185
method,metis,hash_aff,leiden,hash_aff,connected_pairs,fanout,-0.002,-0.0055,0.0015
method,metis,hash_aff,leiden,hash_aff,connected_pairs,single_shard_share,0.002,-0.0015,0.0055
method,metis,hash_aff,leiden,hash_aff,connected_pairs,overlap_1,0.0001,-0.0019,0.0021
method,metis,hash_aff,leiden,hash_aff,connected_pairs,overlap_2,0.0,0.0,0.0
method,metis,hash_aff,leiden,hash_aff,connected_pairs,overlap_3,0.0,0.0,0.0
method,metis,hash_aff,leiden,hash_aff,connected_pairs,overlap_5,0.0,0.0,0.0
method,metis,hash_aff,leiden,hash_aff,connected_pairs,overlap_full,0.0,0.0,0.0
method,metis,hash_aff,leiden,hash_aff,connected_pairs,volume_1,-0.0014,-0.0029,0.0
method,metis,hash_aff,leiden,hash_aff,connected_pairs,volume_2,-0.0013,-0.0036,0.0008
method,metis,hash_aff,leiden,hash_aff,connected_pairs,volume_3,-0.0013,-0.0036,0.0008
method,metis,hash_aff,leiden,hash_aff,connected_pairs,volume_5,-0.0013,-0.0036,0.0008
method,metis,hash_aff,leiden,hash_aff,connected_pairs,volume_full,-0.0013,-0.0036,0.0008
method,metis,hash_aff,leiden,hash_aff,connected_triples,fanout,-0.004,-0.009,0.001
method,metis,hash_aff,leiden,hash_aff,connected_triples,single_shard_share,0.0,0.0,0.0
method,metis,hash_aff,leiden,hash_aff,connected_triples,overlap_1,0.0003,-0.002,0.0028
method,metis,hash_aff,leiden,hash_aff,connected_triples,overlap_2,0.0002,-0.0,0.0006
method,metis,hash_aff,leiden,hash_aff,connected_triples,overlap_3,0.0,0.0,0.0
method,metis,hash_aff,leiden,hash_aff,connected_triples,overlap_5,0.0,0.0,0.0
method,metis,hash_aff,leiden,hash_aff,connected_triples,overlap_full,0.0,0.0,0.0
method,metis,hash_aff,leiden,hash_aff,connected_triples,volume_1,-0.0006,-0.0021,0.0009
method,metis,hash_aff,leiden,hash_aff,connected_triples,volume_2,0.0008,-0.0014,0.0029
method,metis,hash_aff,leiden,hash_aff,connected_triples,volume_3,0.0051,0.0025,0.0076
method,metis,hash_aff,leiden,hash_aff,connected_triples,volume_5,0.0051,0.0025,0.0076
method,metis,hash_aff,leiden,hash_aff,connected_triples,volume_full,0.0051,0.0025,0.0076
method,metis,hash_aff,leiden,hash_aff,frequent_pairs,fanout,-0.0015,-0.005,0.002
method,metis,hash_aff,leiden,hash_aff,frequent_pairs,single_shard_share,0.0015,-0.002,0.005
method,metis,hash_aff,leiden,hash_aff,frequent_pairs,overlap_1,0.0,0.0,0.0
method,metis,hash_aff,leiden,hash_aff,frequent_pairs,overlap_2,0.0,0.0,0.0
method,metis,hash_aff,leiden,hash_aff,frequent_pairs,overlap_3,0.0,0.0,0.0
method,metis,hash_aff,leiden,hash_aff,frequent_pairs,overlap_5,0.0,0.0,0.0
method,metis,hash_aff,leiden,hash_aff,frequent_pairs,overlap_full,0.0,0.0,0.0
method,metis,hash_aff,leiden,hash_aff,frequent_pairs,volume_1,0.0028,0.0013,0.0043
method,metis,hash_aff,leiden,hash_aff,frequent_pairs,volume_2,0.0086,0.0066,0.0105
method,metis,hash_aff,leiden,hash_aff,frequent_pairs,volume_3,0.0086,0.0066,0.0105
method,metis,hash_aff,leiden,hash_aff,frequent_pairs,volume_5,0.0086,0.0066,0.0105
method,metis,hash_aff,leiden,hash_aff,frequent_pairs,volume_full,0.0086,0.0066,0.0105
method,metis,hash_aff,leiden,hash_aff,frequent_triples,fanout,-0.003,-0.009,0.002
method,metis,hash_aff,leiden,hash_aff,frequent_triples,single_shard_share,0.0,0.0,0.0
method,metis,hash_aff,leiden,hash_aff,frequent_triples,overlap_1,-0.0008,-0.002,0.0004
method,metis,hash_aff,leiden,hash_aff,frequent_triples,overlap_2,0.0,0.0,0.0
method,metis,hash_aff,leiden,hash_aff,frequent_triples,overlap_3,0.0,0.0,0.0
method,metis,hash_aff,leiden,hash_aff,frequent_triples,overlap_5,0.0,0.0,0.0
method,metis,hash_aff,leiden,hash_aff,frequent_triples,overlap_full,0.0,0.0,0.0
method,metis,hash_aff,leiden,hash_aff,frequent_triples,volume_1,0.0021,0.0007,0.0036
method,metis,hash_aff,leiden,hash_aff,frequent_triples,volume_2,0.0053,0.0033,0.0073
method,metis,hash_aff,leiden,hash_aff,frequent_triples,volume_3,0.0129,0.0105,0.0152
method,metis,hash_aff,leiden,hash_aff,frequent_triples,volume_5,0.0129,0.0105,0.0152
method,metis,hash_aff,leiden,hash_aff,frequent_triples,volume_full,0.0129,0.0105,0.0152
method,metis,aff,leiden,aff,train,fanout,0.862,0.8409,0.8804
method,metis,aff,leiden,aff,train,single_shard_share,-0.166,-0.1735,-0.1582
method,metis,aff,leiden,aff,train,overlap_1,-0.2068,-0.2121,-0.2009
method,metis,aff,leiden,aff,train,overlap_2,-0.0267,-0.0288,-0.0247
method,metis,aff,leiden,aff,train,overlap_3,-0.0027,-0.0032,-0.0022
method,metis,aff,leiden,aff,train,overlap_5,-0.0,-0.0,0.0
method,metis,aff,leiden,aff,train,overlap_full,0.0,0.0,0.0
method,metis,aff,leiden,aff,train,volume_1,-0.5277,-0.5323,-0.5234
method,metis,aff,leiden,aff,train,volume_2,-0.8969,-0.9045,-0.8893
method,metis,aff,leiden,aff,train,volume_3,-1.0451,-1.0551,-1.0349
method,metis,aff,leiden,aff,train,volume_5,-1.0717,-1.0837,-1.0603
method,metis,aff,leiden,aff,train,volume_full,-1.0683,-1.0806,-1.0567
method,metis,aff,leiden,aff,holdout,fanout,0.776,0.7507,0.8026
method,metis,aff,leiden,aff,holdout,single_shard_share,-0.1474,-0.157,-0.1381
method,metis,aff,leiden,aff,holdout,overlap_1,-0.2074,-0.214,-0.2007
method,metis,aff,leiden,aff,holdout,overlap_2,-0.0293,-0.0321,-0.0268
method,metis,aff,leiden,aff,holdout,overlap_3,-0.0027,-0.0034,-0.0019
method,metis,aff,leiden,aff,holdout,overlap_5,-0.0002,-0.0006,-0.0
method,metis,aff,leiden,aff,holdout,overlap_full,0.0,0.0,0.0
method,metis,aff,leiden,aff,holdout,volume_1,-0.5269,-0.5327,-0.5209
method,metis,aff,leiden,aff,holdout,volume_2,-0.9056,-0.9143,-0.8962
method,metis,aff,leiden,aff,holdout,volume_3,-1.0741,-1.0868,-1.0616
method,metis,aff,leiden,aff,holdout,volume_5,-1.1158,-1.1302,-1.1008
method,metis,aff,leiden,aff,holdout,volume_full,-1.1127,-1.127,-1.0981
method,metis,aff,leiden,aff,ood,fanout,0.9742,0.9548,0.9949
method,metis,aff,leiden,aff,ood,single_shard_share,-0.0236,-0.0265,-0.0205
method,metis,aff,leiden,aff,ood,overlap_1,-0.312,-0.3183,-0.3054
method,metis,aff,leiden,aff,ood,overlap_2,-0.127,-0.1309,-0.1231
method,metis,aff,leiden,aff,ood,overlap_3,-0.0291,-0.031,-0.0273
method,metis,aff,leiden,aff,ood,overlap_5,-0.0007,-0.001,-0.0005
method,metis,aff,leiden,aff,ood,overlap_full,0.0,0.0,0.0
method,metis,aff,leiden,aff,ood,volume_1,-0.4518,-0.4556,-0.4475
method,metis,aff,leiden,aff,ood,volume_2,-0.8976,-0.9032,-0.8914
method,metis,aff,leiden,aff,ood,volume_3,-1.2847,-1.2929,-1.2763
method,metis,aff,leiden,aff,ood,volume_5,-1.5374,-1.549,-1.5257
method,metis,aff,leiden,aff,ood,volume_full,-1.5391,-1.5507,-1.5268
method,metis,aff,leiden,aff,connected_pairs,fanout,0.4365,0.4155,0.4575
method,metis,aff,leiden,aff,connected_pairs,single_shard_share,-0.4365,-0.4575,-0.4155
method,metis,aff,leiden,aff,connected_pairs,overlap_1,-0.0425,-0.0484,-0.0367
method,metis,aff,leiden,aff,connected_pairs,overlap_2,0.0,0.0,0.0
method,metis,aff,leiden,aff,connected_pairs,overlap_3,0.0,0.0,0.0
method,metis,aff,leiden,aff,connected_pairs,overlap_5,0.0,0.0,0.0
method,metis,aff,leiden,aff,connected_pairs,overlap_full,0.0,0.0,0.0
method,metis,aff,leiden,aff,connected_pairs,volume_1,-0.4373,-0.4499,-0.4259
method,metis,aff,leiden,aff,connected_pairs,volume_2,-0.4103,-0.4228,-0.3991
method,metis,aff,leiden,aff,connected_pairs,volume_3,-0.4103,-0.4228,-0.3991
method,metis,aff,leiden,aff,connected_pairs,volume_5,-0.4103,-0.4228,-0.3991
method,metis,aff,leiden,aff,connected_pairs,volume_full,-0.4103,-0.4228,-0.3991
method,metis,aff,leiden,aff,connected_triples,fanout,1.34,1.311,1.3685
method,metis,aff,leiden,aff,connected_triples,single_shard_share,-0.7275,-0.7465,-0.706
method,metis,aff,leiden,aff,connected_triples,overlap_1,-0.0842,-0.0913,-0.0767
method,metis,aff,leiden,aff,connected_triples,overlap_2,-0.0002,-0.0006,0.0
method,metis,aff,leiden,aff,connected_triples,overlap_3,0.0,0.0,0.0
method,metis,aff,leiden,aff,connected_triples,overlap_5,0.0,0.0,0.0
method,metis,aff,leiden,aff,connected_triples,overlap_full,0.0,0.0,0.0
method,metis,aff,leiden,aff,connected_triples,volume_1,-0.5745,-0.5816,-0.5671
method,metis,aff,leiden,aff,connected_triples,volume_2,-0.664,-0.6783,-0.6501
method,metis,aff,leiden,aff,connected_triples,volume_3,-0.6269,-0.6431,-0.6108
method,metis,aff,leiden,aff,connected_triples,volume_5,-0.6269,-0.6431,-0.6108
method,metis,aff,leiden,aff,connected_triples,volume_full,-0.6269,-0.6431,-0.6108
method,metis,aff,leiden,aff,frequent_pairs,fanout,0.6495,0.6285,0.6715
method,metis,aff,leiden,aff,frequent_pairs,single_shard_share,-0.6495,-0.6715,-0.6285
method,metis,aff,leiden,aff,frequent_pairs,overlap_1,-0.0002,-0.0005,0.0
method,metis,aff,leiden,aff,frequent_pairs,overlap_2,0.0,0.0,0.0
method,metis,aff,leiden,aff,frequent_pairs,overlap_3,0.0,0.0,0.0
method,metis,aff,leiden,aff,frequent_pairs,overlap_5,0.0,0.0,0.0
method,metis,aff,leiden,aff,frequent_pairs,overlap_full,0.0,0.0,0.0
method,metis,aff,leiden,aff,frequent_pairs,volume_1,-0.6008,-0.6069,-0.5948
method,metis,aff,leiden,aff,frequent_pairs,volume_2,-0.7199,-0.7332,-0.7054
method,metis,aff,leiden,aff,frequent_pairs,volume_3,-0.7199,-0.7332,-0.7054
method,metis,aff,leiden,aff,frequent_pairs,volume_5,-0.7199,-0.7332,-0.7054
method,metis,aff,leiden,aff,frequent_pairs,volume_full,-0.7199,-0.7332,-0.7054
method,metis,aff,leiden,aff,frequent_triples,fanout,1.3125,1.279,1.3425
method,metis,aff,leiden,aff,frequent_triples,single_shard_share,-0.526,-0.548,-0.5035
method,metis,aff,leiden,aff,frequent_triples,overlap_1,-0.0246,-0.0287,-0.0208
method,metis,aff,leiden,aff,frequent_triples,overlap_2,0.0,0.0,0.0
method,metis,aff,leiden,aff,frequent_triples,overlap_3,0.0,0.0,0.0
method,metis,aff,leiden,aff,frequent_triples,overlap_5,0.0,0.0,0.0
method,metis,aff,leiden,aff,frequent_triples,overlap_full,0.0,0.0,0.0
method,metis,aff,leiden,aff,frequent_triples,volume_1,-0.5994,-0.6051,-0.5937
method,metis,aff,leiden,aff,frequent_triples,volume_2,-0.8196,-0.8337,-0.8054
method,metis,aff,leiden,aff,frequent_triples,volume_3,-0.8066,-0.8265,-0.7874
method,metis,aff,leiden,aff,frequent_triples,volume_5,-0.8066,-0.8265,-0.7874
method,metis,aff,leiden,aff,frequent_triples,volume_full,-0.8066,-0.8265,-0.7874
method,metis,aff_r2,leiden,aff_r2,train,fanout,0.9107,0.8907,0.9301
method,metis,aff_r2,leiden,aff_r2,train,single_shard_share,-0.2424,-0.2508,-0.234
method,metis,aff_r2,leiden,aff_r2,train,overlap_1,-0.1721,-0.1771,-0.1666
method,metis,aff_r2,leiden,aff_r2,train,overlap_2,-0.0185,-0.0201,-0.0169
method,metis,aff_r2,leiden,aff_r2,train,overlap_3,-0.0015,-0.0019,-0.0012
method,metis,aff_r2,leiden,aff_r2,train,overlap_5,0.0,0.0,0.0
method,metis,aff_r2,leiden,aff_r2,train,overlap_full,0.0,0.0,0.0
method,metis,aff_r2,leiden,aff_r2,train,volume_1,-0.641,-0.6461,-0.6361
method,metis,aff_r2,leiden,aff_r2,train,volume_2,-1.0232,-1.032,-1.0146
method,metis,aff_r2,leiden,aff_r2,train,volume_3,-1.1124,-1.1232,-1.1
method,metis,aff_r2,leiden,aff_r2,train,volume_5,-1.0992,-1.1109,-1.087
method,metis,aff_r2,leiden,aff_r2,train,volume_full,-1.0954,-1.1072,-1.0833
method,metis,aff_r2,leiden,aff_r2,holdout,fanout,0.935,0.9092,0.9628
method,metis,aff_r2,leiden,aff_r2,holdout,single_shard_share,-0.2253,-0.2369,-0.214
method,metis,aff_r2,leiden,aff_r2,holdout,overlap_1,-0.1938,-0.2007,-0.1873
method,metis,aff_r2,leiden,aff_r2,holdout,overlap_2,-0.0238,-0.026,-0.0216
method,metis,aff_r2,leiden,aff_r2,holdout,overlap_3,-0.002,-0.0026,-0.0014
method,metis,aff_r2,leiden,aff_r2,holdout,overlap_5,-0.0001,-0.0003,0.0
method,metis,aff_r2,leiden,aff_r2,holdout,overlap_full,0.0,0.0,0.0
method,metis,aff_r2,leiden,aff_r2,holdout,volume_1,-0.6438,-0.6501,-0.637
method,metis,aff_r2,leiden,aff_r2,holdout,volume_2,-1.0439,-1.0543,-1.0326
method,metis,aff_r2,leiden,aff_r2,holdout,volume_3,-1.1474,-1.162,-1.1341
method,metis,aff_r2,leiden,aff_r2,holdout,volume_5,-1.1383,-1.1534,-1.1238
method,metis,aff_r2,leiden,aff_r2,holdout,volume_full,-1.1327,-1.148,-1.1184
method,metis,aff_r2,leiden,aff_r2,ood,fanout,1.2347,1.2136,1.2553
method,metis,aff_r2,leiden,aff_r2,ood,single_shard_share,-0.0512,-0.0556,-0.0469
method,metis,aff_r2,leiden,aff_r2,ood,overlap_1,-0.2888,-0.295,-0.2831
method,metis,aff_r2,leiden,aff_r2,ood,overlap_2,-0.103,-0.1066,-0.0994
method,metis,aff_r2,leiden,aff_r2,ood,overlap_3,-0.0217,-0.0233,-0.0201
method,metis,aff_r2,leiden,aff_r2,ood,overlap_5,-0.0004,-0.0006,-0.0002
method,metis,aff_r2,leiden,aff_r2,ood,overlap_full,0.0,0.0,0.0
method,metis,aff_r2,leiden,aff_r2,ood,volume_1,-0.5803,-0.5847,-0.5758
method,metis,aff_r2,leiden,aff_r2,ood,volume_2,-1.124,-1.1308,-1.117
method,metis,aff_r2,leiden,aff_r2,ood,volume_3,-1.5169,-1.5272,-1.5072
method,metis,aff_r2,leiden,aff_r2,ood,volume_5,-1.6119,-1.6249,-1.599
method,metis,aff_r2,leiden,aff_r2,ood,volume_full,-1.5947,-1.6076,-1.5822
method,metis,aff_r2,leiden,aff_r2,connected_pairs,fanout,0.013,0.0085,0.0185
method,metis,aff_r2,leiden,aff_r2,connected_pairs,single_shard_share,-0.013,-0.0185,-0.0085
method,metis,aff_r2,leiden,aff_r2,connected_pairs,overlap_1,-0.0006,-0.0013,-0.0
method,metis,aff_r2,leiden,aff_r2,connected_pairs,overlap_2,0.0,0.0,0.0
method,metis,aff_r2,leiden,aff_r2,connected_pairs,overlap_3,0.0,0.0,0.0
method,metis,aff_r2,leiden,aff_r2,connected_pairs,overlap_5,0.0,0.0,0.0
method,metis,aff_r2,leiden,aff_r2,connected_pairs,overlap_full,0.0,0.0,0.0
method,metis,aff_r2,leiden,aff_r2,connected_pairs,volume_1,-0.5201,-0.5353,-0.5069
method,metis,aff_r2,leiden,aff_r2,connected_pairs,volume_2,-0.5185,-0.5335,-0.5052
method,metis,aff_r2,leiden,aff_r2,connected_pairs,volume_3,-0.5185,-0.5335,-0.5052
method,metis,aff_r2,leiden,aff_r2,connected_pairs,volume_5,-0.5185,-0.5335,-0.5052
method,metis,aff_r2,leiden,aff_r2,connected_pairs,volume_full,-0.5185,-0.5335,-0.5052
method,metis,aff_r2,leiden,aff_r2,connected_triples,fanout,0.6255,0.5995,0.65
method,metis,aff_r2,leiden,aff_r2,connected_triples,single_shard_share,-0.575,-0.597,-0.5525
method,metis,aff_r2,leiden,aff_r2,connected_triples,overlap_1,-0.0044,-0.0063,-0.0028
method,metis,aff_r2,leiden,aff_r2,connected_triples,overlap_2,0.0,0.0,0.0
method,metis,aff_r2,leiden,aff_r2,connected_triples,overlap_3,0.0,0.0,0.0
method,metis,aff_r2,leiden,aff_r2,connected_triples,overlap_5,0.0,0.0,0.0
method,metis,aff_r2,leiden,aff_r2,connected_triples,overlap_full,0.0,0.0,0.0
method,metis,aff_r2,leiden,aff_r2,connected_triples,volume_1,-0.6848,-0.6922,-0.6772
method,metis,aff_r2,leiden,aff_r2,connected_triples,volume_2,-0.6792,-0.6919,-0.6678
method,metis,aff_r2,leiden,aff_r2,connected_triples,volume_3,-0.6733,-0.6859,-0.6617
method,metis,aff_r2,leiden,aff_r2,connected_triples,volume_5,-0.6733,-0.6859,-0.6617
method,metis,aff_r2,leiden,aff_r2,connected_triples,volume_full,-0.6733,-0.6859,-0.6617
method,metis,aff_r2,leiden,aff_r2,frequent_pairs,fanout,0.6905,0.6705,0.7095
method,metis,aff_r2,leiden,aff_r2,frequent_pairs,single_shard_share,-0.6905,-0.7095,-0.6705
method,metis,aff_r2,leiden,aff_r2,frequent_pairs,overlap_1,-0.0,-0.0001,0.0
method,metis,aff_r2,leiden,aff_r2,frequent_pairs,overlap_2,0.0,0.0,0.0
method,metis,aff_r2,leiden,aff_r2,frequent_pairs,overlap_3,0.0,0.0,0.0
method,metis,aff_r2,leiden,aff_r2,frequent_pairs,overlap_5,0.0,0.0,0.0
method,metis,aff_r2,leiden,aff_r2,frequent_pairs,overlap_full,0.0,0.0,0.0
method,metis,aff_r2,leiden,aff_r2,frequent_pairs,volume_1,-0.7462,-0.7513,-0.7413
method,metis,aff_r2,leiden,aff_r2,frequent_pairs,volume_2,-0.7303,-0.7426,-0.7187
method,metis,aff_r2,leiden,aff_r2,frequent_pairs,volume_3,-0.7303,-0.7426,-0.7187
method,metis,aff_r2,leiden,aff_r2,frequent_pairs,volume_5,-0.7303,-0.7426,-0.7187
method,metis,aff_r2,leiden,aff_r2,frequent_pairs,volume_full,-0.7303,-0.7426,-0.7187
method,metis,aff_r2,leiden,aff_r2,frequent_triples,fanout,1.3645,1.335,1.398
method,metis,aff_r2,leiden,aff_r2,frequent_triples,single_shard_share,-0.751,-0.77,-0.732
method,metis,aff_r2,leiden,aff_r2,frequent_triples,overlap_1,-0.0177,-0.0211,-0.0144
method,metis,aff_r2,leiden,aff_r2,frequent_triples,overlap_2,0.0,0.0,0.0
method,metis,aff_r2,leiden,aff_r2,frequent_triples,overlap_3,0.0,0.0,0.0
method,metis,aff_r2,leiden,aff_r2,frequent_triples,overlap_5,0.0,0.0,0.0
method,metis,aff_r2,leiden,aff_r2,frequent_triples,overlap_full,0.0,0.0,0.0
method,metis,aff_r2,leiden,aff_r2,frequent_triples,volume_1,-0.7332,-0.7395,-0.7272
method,metis,aff_r2,leiden,aff_r2,frequent_triples,volume_2,-0.7961,-0.8125,-0.78
method,metis,aff_r2,leiden,aff_r2,frequent_triples,volume_3,-0.7302,-0.7479,-0.712
method,metis,aff_r2,leiden,aff_r2,frequent_triples,volume_5,-0.7302,-0.7479,-0.712
method,metis,aff_r2,leiden,aff_r2,frequent_triples,volume_full,-0.7302,-0.7479,-0.712
method,metis,aff_r3,leiden,aff_r3,train,fanout,0.9074,0.8886,0.926
method,metis,aff_r3,leiden,aff_r3,train,single_shard_share,-0.2847,-0.2934,-0.2754
method,metis,aff_r3,leiden,aff_r3,train,overlap_1,-0.1514,-0.156,-0.1461
method,metis,aff_r3,leiden,aff_r3,train,overlap_2,-0.0142,-0.0156,-0.0128
method,metis,aff_r3,leiden,aff_r3,train,overlap_3,-0.001,-0.0013,-0.0008
method,metis,aff_r3,leiden,aff_r3,train,overlap_5,0.0,0.0,0.0
method,metis,aff_r3,leiden,aff_r3,train,overlap_full,0.0,0.0,0.0
method,metis,aff_r3,leiden,aff_r3,train,volume_1,-0.666,-0.671,-0.6612
method,metis,aff_r3,leiden,aff_r3,train,volume_2,-1.0012,-1.011,-0.9917
method,metis,aff_r3,leiden,aff_r3,train,volume_3,-1.0422,-1.0539,-1.0307
method,metis,aff_r3,leiden,aff_r3,train,volume_5,-1.0125,-1.0246,-1.0014
method,metis,aff_r3,leiden,aff_r3,train,volume_full,-1.009,-1.021,-0.9977
method,metis,aff_r3,leiden,aff_r3,holdout,fanout,0.9524,0.9276,0.9803
method,metis,aff_r3,leiden,aff_r3,holdout,single_shard_share,-0.2716,-0.2841,-0.2607
method,metis,aff_r3,leiden,aff_r3,holdout,overlap_1,-0.1749,-0.1814,-0.1687
method,metis,aff_r3,leiden,aff_r3,holdout,overlap_2,-0.0189,-0.0209,-0.0169
method,metis,aff_r3,leiden,aff_r3,holdout,overlap_3,-0.0014,-0.0019,-0.001
method,metis,aff_r3,leiden,aff_r3,holdout,overlap_5,0.0,0.0,0.0
method,metis,aff_r3,leiden,aff_r3,holdout,overlap_full,0.0,0.0,0.0
method,metis,aff_r3,leiden,aff_r3,holdout,volume_1,-0.6699,-0.6762,-0.6637
method,metis,aff_r3,leiden,aff_r3,holdout,volume_2,-1.0225,-1.0337,-1.0115
method,metis,aff_r3,leiden,aff_r3,holdout,volume_3,-1.0727,-1.0861,-1.0588
method,metis,aff_r3,leiden,aff_r3,holdout,volume_5,-1.0421,-1.0557,-1.0284
method,metis,aff_r3,leiden,aff_r3,holdout,volume_full,-1.0369,-1.0506,-1.0234
method,metis,aff_r3,leiden,aff_r3,ood,fanout,1.3464,1.3251,1.3672
method,metis,aff_r3,leiden,aff_r3,ood,single_shard_share,-0.0732,-0.0784,-0.0682
method,metis,aff_r3,leiden,aff_r3,ood,overlap_1,-0.2668,-0.273,-0.2614
method,metis,aff_r3,leiden,aff_r3,ood,overlap_2,-0.0882,-0.0914,-0.0849
method,metis,aff_r3,leiden,aff_r3,ood,overlap_3,-0.0174,-0.0189,-0.0161
method,metis,aff_r3,leiden,aff_r3,ood,overlap_5,-0.0003,-0.0004,-0.0002
method,metis,aff_r3,leiden,aff_r3,ood,overlap_full,0.0,0.0,0.0
method,metis,aff_r3,leiden,aff_r3,ood,volume_1,-0.6335,-0.6378,-0.6293
method,metis,aff_r3,leiden,aff_r3,ood,volume_2,-1.181,-1.1881,-1.1737
method,metis,aff_r3,leiden,aff_r3,ood,volume_3,-1.4757,-1.4871,-1.4651
method,metis,aff_r3,leiden,aff_r3,ood,volume_5,-1.4621,-1.4753,-1.4494
method,metis,aff_r3,leiden,aff_r3,ood,volume_full,-1.4399,-1.4529,-1.4278
method,metis,aff_r3,leiden,aff_r3,connected_pairs,fanout,0.0,0.0,0.0
method,metis,aff_r3,leiden,aff_r3,connected_pairs,single_shard_share,0.0,0.0,0.0
method,metis,aff_r3,leiden,aff_r3,connected_pairs,overlap_1,0.0,0.0,0.0
method,metis,aff_r3,leiden,aff_r3,connected_pairs,overlap_2,0.0,0.0,0.0
method,metis,aff_r3,leiden,aff_r3,connected_pairs,overlap_3,0.0,0.0,0.0
method,metis,aff_r3,leiden,aff_r3,connected_pairs,overlap_5,0.0,0.0,0.0
method,metis,aff_r3,leiden,aff_r3,connected_pairs,overlap_full,0.0,0.0,0.0
method,metis,aff_r3,leiden,aff_r3,connected_pairs,volume_1,-0.5477,-0.5633,-0.5343
method,metis,aff_r3,leiden,aff_r3,connected_pairs,volume_2,-0.5477,-0.5633,-0.5343
method,metis,aff_r3,leiden,aff_r3,connected_pairs,volume_3,-0.5477,-0.5633,-0.5343
method,metis,aff_r3,leiden,aff_r3,connected_pairs,volume_5,-0.5477,-0.5633,-0.5343
method,metis,aff_r3,leiden,aff_r3,connected_pairs,volume_full,-0.5477,-0.5633,-0.5343
method,metis,aff_r3,leiden,aff_r3,connected_triples,fanout,0.4565,0.432,0.478
method,metis,aff_r3,leiden,aff_r3,connected_triples,single_shard_share,-0.4495,-0.4705,-0.4265
method,metis,aff_r3,leiden,aff_r3,connected_triples,overlap_1,-0.0004,-0.001,-0.0
method,metis,aff_r3,leiden,aff_r3,connected_triples,overlap_2,0.0,0.0,0.0
method,metis,aff_r3,leiden,aff_r3,connected_triples,overlap_3,0.0,0.0,0.0
method,metis,aff_r3,leiden,aff_r3,connected_triples,overlap_5,0.0,0.0,0.0
method,metis,aff_r3,leiden,aff_r3,connected_triples,overlap_full,0.0,0.0,0.0
method,metis,aff_r3,leiden,aff_r3,connected_triples,volume_1,-0.7154,-0.7221,-0.7093
method,metis,aff_r3,leiden,aff_r3,connected_triples,volume_2,-0.668,-0.6776,-0.6596
method,metis,aff_r3,leiden,aff_r3,connected_triples,volume_3,-0.6671,-0.6764,-0.6587
method,metis,aff_r3,leiden,aff_r3,connected_triples,volume_5,-0.6671,-0.6764,-0.6587
method,metis,aff_r3,leiden,aff_r3,connected_triples,volume_full,-0.6671,-0.6764,-0.6587
method,metis,aff_r3,leiden,aff_r3,frequent_pairs,fanout,0.6095,0.5855,0.631
method,metis,aff_r3,leiden,aff_r3,frequent_pairs,single_shard_share,-0.6095,-0.631,-0.5855
method,metis,aff_r3,leiden,aff_r3,frequent_pairs,overlap_1,-0.0,-0.0001,0.0
method,metis,aff_r3,leiden,aff_r3,frequent_pairs,overlap_2,0.0,0.0,0.0
method,metis,aff_r3,leiden,aff_r3,frequent_pairs,overlap_3,0.0,0.0,0.0
method,metis,aff_r3,leiden,aff_r3,frequent_pairs,overlap_5,0.0,0.0,0.0
method,metis,aff_r3,leiden,aff_r3,frequent_pairs,overlap_full,0.0,0.0,0.0
method,metis,aff_r3,leiden,aff_r3,frequent_pairs,volume_1,-0.7587,-0.7626,-0.7547
method,metis,aff_r3,leiden,aff_r3,frequent_pairs,volume_2,-0.6822,-0.6903,-0.6748
method,metis,aff_r3,leiden,aff_r3,frequent_pairs,volume_3,-0.6822,-0.6903,-0.6748
method,metis,aff_r3,leiden,aff_r3,frequent_pairs,volume_5,-0.6822,-0.6903,-0.6748
method,metis,aff_r3,leiden,aff_r3,frequent_pairs,volume_full,-0.6822,-0.6903,-0.6748
method,metis,aff_r3,leiden,aff_r3,frequent_triples,fanout,1.2295,1.201,1.2595
method,metis,aff_r3,leiden,aff_r3,frequent_triples,single_shard_share,-0.806,-0.8245,-0.787
method,metis,aff_r3,leiden,aff_r3,frequent_triples,overlap_1,-0.0124,-0.0152,-0.0098
method,metis,aff_r3,leiden,aff_r3,frequent_triples,overlap_2,0.0,0.0,0.0
method,metis,aff_r3,leiden,aff_r3,frequent_triples,overlap_3,0.0,0.0,0.0
method,metis,aff_r3,leiden,aff_r3,frequent_triples,overlap_5,0.0,0.0,0.0
method,metis,aff_r3,leiden,aff_r3,frequent_triples,overlap_full,0.0,0.0,0.0
method,metis,aff_r3,leiden,aff_r3,frequent_triples,volume_1,-0.7497,-0.7544,-0.7449
method,metis,aff_r3,leiden,aff_r3,frequent_triples,volume_2,-0.6917,-0.7043,-0.6793
method,metis,aff_r3,leiden,aff_r3,frequent_triples,volume_3,-0.6213,-0.6343,-0.6083
method,metis,aff_r3,leiden,aff_r3,frequent_triples,volume_5,-0.6213,-0.6343,-0.6083
method,metis,aff_r3,leiden,aff_r3,frequent_triples,volume_full,-0.6213,-0.6343,-0.6083
method,metis,hash_bal,leiden,hash_bal,train,fanout,-0.0047,-0.0096,-0.0001
method,metis,hash_bal,leiden,hash_bal,train,single_shard_share,0.0008,-0.0002,0.0017
method,metis,hash_bal,leiden,hash_bal,train,overlap_1,-0.003,-0.0058,-0.0004
method,metis,hash_bal,leiden,hash_bal,train,overlap_2,-0.0005,-0.0016,0.0007
method,metis,hash_bal,leiden,hash_bal,train,overlap_3,-0.0001,-0.0005,0.0003
method,metis,hash_bal,leiden,hash_bal,train,overlap_5,0.0,-0.0,0.0
method,metis,hash_bal,leiden,hash_bal,train,overlap_full,0.0,0.0,0.0
method,metis,hash_bal,leiden,hash_bal,train,volume_1,-0.0092,-0.0101,-0.0082
method,metis,hash_bal,leiden,hash_bal,train,volume_2,-0.0195,-0.0207,-0.0181
method,metis,hash_bal,leiden,hash_bal,train,volume_3,-0.0281,-0.0296,-0.0264
method,metis,hash_bal,leiden,hash_bal,train,volume_5,-0.0324,-0.0342,-0.0304
method,metis,hash_bal,leiden,hash_bal,train,volume_full,-0.0329,-0.0347,-0.0308
method,metis,hash_bal,leiden,hash_bal,holdout,fanout,-0.0028,-0.0089,0.0033
method,metis,hash_bal,leiden,hash_bal,holdout,single_shard_share,0.0003,-0.0007,0.0015
method,metis,hash_bal,leiden,hash_bal,holdout,overlap_1,0.0008,-0.0029,0.0045
method,metis,hash_bal,leiden,hash_bal,holdout,overlap_2,-0.0007,-0.0022,0.0008
method,metis,hash_bal,leiden,hash_bal,holdout,overlap_3,-0.0002,-0.0006,0.0003
method,metis,hash_bal,leiden,hash_bal,holdout,overlap_5,-0.0,-0.0001,0.0
method,metis,hash_bal,leiden,hash_bal,holdout,overlap_full,0.0,0.0,0.0
method,metis,hash_bal,leiden,hash_bal,holdout,volume_1,-0.009,-0.0102,-0.0078
method,metis,hash_bal,leiden,hash_bal,holdout,volume_2,-0.0188,-0.0205,-0.0171
method,metis,hash_bal,leiden,hash_bal,holdout,volume_3,-0.0277,-0.0298,-0.0256
method,metis,hash_bal,leiden,hash_bal,holdout,volume_5,-0.0326,-0.0349,-0.0302
method,metis,hash_bal,leiden,hash_bal,holdout,volume_full,-0.0336,-0.0361,-0.0312
method,metis,hash_bal,leiden,hash_bal,ood,fanout,0.0072,0.0007,0.0145
method,metis,hash_bal,leiden,hash_bal,ood,single_shard_share,0.0002,0.0,0.0005
method,metis,hash_bal,leiden,hash_bal,ood,overlap_1,-0.006,-0.0099,-0.0022
method,metis,hash_bal,leiden,hash_bal,ood,overlap_2,-0.0027,-0.0049,-0.0001
method,metis,hash_bal,leiden,hash_bal,ood,overlap_3,0.0001,-0.001,0.0011
method,metis,hash_bal,leiden,hash_bal,ood,overlap_5,-0.0,-0.0002,0.0002
method,metis,hash_bal,leiden,hash_bal,ood,overlap_full,0.0,0.0,0.0
method,metis,hash_bal,leiden,hash_bal,ood,volume_1,-0.0088,-0.0098,-0.0078
method,metis,hash_bal,leiden,hash_bal,ood,volume_2,-0.02,-0.0214,-0.0186
method,metis,hash_bal,leiden,hash_bal,ood,volume_3,-0.0329,-0.0347,-0.0312
method,metis,hash_bal,leiden,hash_bal,ood,volume_5,-0.0512,-0.0533,-0.0488
method,metis,hash_bal,leiden,hash_bal,ood,volume_full,-0.0542,-0.0564,-0.0516
method,metis,hash_bal,leiden,hash_bal,connected_pairs,fanout,0.0,-0.0055,0.005
method,metis,hash_bal,leiden,hash_bal,connected_pairs,single_shard_share,0.0,-0.005,0.0055
method,metis,hash_bal,leiden,hash_bal,connected_pairs,overlap_1,-0.0002,-0.0034,0.0031
method,metis,hash_bal,leiden,hash_bal,connected_pairs,overlap_2,0.0,0.0,0.0
method,metis,hash_bal,leiden,hash_bal,connected_pairs,overlap_3,0.0,0.0,0.0
method,metis,hash_bal,leiden,hash_bal,connected_pairs,overlap_5,0.0,0.0,0.0
method,metis,hash_bal,leiden,hash_bal,connected_pairs,overlap_full,0.0,0.0,0.0
method,metis,hash_bal,leiden,hash_bal,connected_pairs,volume_1,-0.0095,-0.0118,-0.0071
method,metis,hash_bal,leiden,hash_bal,connected_pairs,volume_2,-0.0215,-0.0247,-0.0183
method,metis,hash_bal,leiden,hash_bal,connected_pairs,volume_3,-0.0215,-0.0247,-0.0183
method,metis,hash_bal,leiden,hash_bal,connected_pairs,volume_5,-0.0215,-0.0247,-0.0183
method,metis,hash_bal,leiden,hash_bal,connected_pairs,volume_full,-0.0215,-0.0247,-0.0183
method,metis,hash_bal,leiden,hash_bal,connected_triples,fanout,-0.0015,-0.0105,0.007
method,metis,hash_bal,leiden,hash_bal,connected_triples,single_shard_share,0.0,0.0,0.0
method,metis,hash_bal,leiden,hash_bal,connected_triples,overlap_1,0.0017,-0.002,0.0055
method,metis,hash_bal,leiden,hash_bal,connected_triples,overlap_2,0.0003,-0.0001,0.0008
method,metis,hash_bal,leiden,hash_bal,connected_triples,overlap_3,0.0,0.0,0.0
method,metis,hash_bal,leiden,hash_bal,connected_triples,overlap_5,0.0,0.0,0.0
method,metis,hash_bal,leiden,hash_bal,connected_triples,overlap_full,0.0,0.0,0.0
method,metis,hash_bal,leiden,hash_bal,connected_triples,volume_1,-0.0081,-0.0103,-0.0059
method,metis,hash_bal,leiden,hash_bal,connected_triples,volume_2,-0.0204,-0.0233,-0.0173
method,metis,hash_bal,leiden,hash_bal,connected_triples,volume_3,-0.0305,-0.0345,-0.0263
method,metis,hash_bal,leiden,hash_bal,connected_triples,volume_5,-0.0305,-0.0345,-0.0263
method,metis,hash_bal,leiden,hash_bal,connected_triples,volume_full,-0.0305,-0.0345,-0.0263
method,metis,hash_bal,leiden,hash_bal,frequent_pairs,fanout,-0.003,-0.008,0.002
method,metis,hash_bal,leiden,hash_bal,frequent_pairs,single_shard_share,0.003,-0.002,0.008
method,metis,hash_bal,leiden,hash_bal,frequent_pairs,overlap_1,-0.0,-0.0002,0.0001
method,metis,hash_bal,leiden,hash_bal,frequent_pairs,overlap_2,0.0,0.0,0.0
method,metis,hash_bal,leiden,hash_bal,frequent_pairs,overlap_3,0.0,0.0,0.0
method,metis,hash_bal,leiden,hash_bal,frequent_pairs,overlap_5,0.0,0.0,0.0
method,metis,hash_bal,leiden,hash_bal,frequent_pairs,overlap_full,0.0,0.0,0.0
method,metis,hash_bal,leiden,hash_bal,frequent_pairs,volume_1,-0.009,-0.0112,-0.0068
method,metis,hash_bal,leiden,hash_bal,frequent_pairs,volume_2,-0.0157,-0.019,-0.0122
method,metis,hash_bal,leiden,hash_bal,frequent_pairs,volume_3,-0.0157,-0.019,-0.0122
method,metis,hash_bal,leiden,hash_bal,frequent_pairs,volume_5,-0.0157,-0.019,-0.0122
method,metis,hash_bal,leiden,hash_bal,frequent_pairs,volume_full,-0.0157,-0.019,-0.0122
method,metis,hash_bal,leiden,hash_bal,frequent_triples,fanout,-0.0025,-0.0115,0.007
method,metis,hash_bal,leiden,hash_bal,frequent_triples,single_shard_share,0.0,0.0,0.0
method,metis,hash_bal,leiden,hash_bal,frequent_triples,overlap_1,-0.0002,-0.0021,0.0015
method,metis,hash_bal,leiden,hash_bal,frequent_triples,overlap_2,0.0,0.0,0.0
method,metis,hash_bal,leiden,hash_bal,frequent_triples,overlap_3,0.0,0.0,0.0
method,metis,hash_bal,leiden,hash_bal,frequent_triples,overlap_5,0.0,0.0,0.0
method,metis,hash_bal,leiden,hash_bal,frequent_triples,overlap_full,0.0,0.0,0.0
method,metis,hash_bal,leiden,hash_bal,frequent_triples,volume_1,-0.0089,-0.011,-0.0067
method,metis,hash_bal,leiden,hash_bal,frequent_triples,volume_2,-0.0153,-0.0185,-0.0122
method,metis,hash_bal,leiden,hash_bal,frequent_triples,volume_3,-0.0205,-0.0246,-0.0166
method,metis,hash_bal,leiden,hash_bal,frequent_triples,volume_5,-0.0205,-0.0246,-0.0166
method,metis,hash_bal,leiden,hash_bal,frequent_triples,volume_full,-0.0205,-0.0246,-0.0166
method,metis,bal,leiden,bal,train,fanout,0.2464,0.2332,0.2589
method,metis,bal,leiden,bal,train,single_shard_share,-0.0188,-0.0224,-0.0151
method,metis,bal,leiden,bal,train,overlap_1,-0.0488,-0.0533,-0.044
method,metis,bal,leiden,bal,train,overlap_2,-0.0072,-0.0085,-0.0058
method,metis,bal,leiden,bal,train,overlap_3,-0.0007,-0.001,-0.0003
method,metis,bal,leiden,bal,train,overlap_5,-0.0,-0.0,0.0
method,metis,bal,leiden,bal,train,overlap_full,0.0,0.0,0.0
method,metis,bal,leiden,bal,train,volume_1,-0.0005,-0.0006,-0.0004
method,metis,bal,leiden,bal,train,volume_2,0.0019,0.0013,0.0024
method,metis,bal,leiden,bal,train,volume_3,0.0142,0.013,0.0154
method,metis,bal,leiden,bal,train,volume_5,0.0327,0.0308,0.0344
method,metis,bal,leiden,bal,train,volume_full,0.0354,0.0334,0.0373
method,metis,bal,leiden,bal,holdout,fanout,0.1589,0.1432,0.1746
method,metis,bal,leiden,bal,holdout,single_shard_share,-0.0125,-0.0171,-0.008
method,metis,bal,leiden,bal,holdout,overlap_1,-0.0373,-0.0427,-0.032
method,metis,bal,leiden,bal,holdout,overlap_2,-0.0055,-0.0072,-0.0037
method,metis,bal,leiden,bal,holdout,overlap_3,-0.0003,-0.0008,0.0002
method,metis,bal,leiden,bal,holdout,overlap_5,-0.0001,-0.0003,0.0
method,metis,bal,leiden,bal,holdout,overlap_full,0.0,0.0,0.0
method,metis,bal,leiden,bal,holdout,volume_1,-0.0004,-0.0005,-0.0003
method,metis,bal,leiden,bal,holdout,volume_2,0.001,0.0003,0.0017
method,metis,bal,leiden,bal,holdout,volume_3,0.0072,0.0057,0.0085
method,metis,bal,leiden,bal,holdout,volume_5,0.0201,0.018,0.0222
method,metis,bal,leiden,bal,holdout,volume_full,0.0224,0.0201,0.0248
method,metis,bal,leiden,bal,ood,fanout,0.1876,0.1749,0.2002
method,metis,bal,leiden,bal,ood,single_shard_share,-0.0018,-0.0029,-0.0007
method,metis,bal,leiden,bal,ood,overlap_1,-0.0548,-0.0601,-0.0492
method,metis,bal,leiden,bal,ood,overlap_2,-0.0192,-0.0221,-0.0163
method,metis,bal,leiden,bal,ood,overlap_3,-0.004,-0.0052,-0.0028
method,metis,bal,leiden,bal,ood,overlap_5,-0.0001,-0.0003,0.0001
method,metis,bal,leiden,bal,ood,overlap_full,0.0,0.0,0.0
method,metis,bal,leiden,bal,ood,volume_1,-0.0005,-0.0005,-0.0004
method,metis,bal,leiden,bal,ood,volume_2,-0.0007,-0.0008,-0.0005
method,metis,bal,leiden,bal,ood,volume_3,0.0016,0.001,0.0022
method,metis,bal,leiden,bal,ood,volume_5,0.0204,0.0188,0.0221
method,metis,bal,leiden,bal,ood,volume_full,0.026,0.0241,0.0279
method,metis,bal,leiden,bal,connected_pairs,fanout,0.4225,0.402,0.444
method,metis,bal,leiden,bal,connected_pairs,single_shard_share,-0.4225,-0.444,-0.402
method,metis,bal,leiden,bal,connected_pairs,overlap_1,-0.0381,-0.0436,-0.0327
method,metis,bal,leiden,bal,connected_pairs,overlap_2,0.0,0.0,0.0
method,metis,bal,leiden,bal,connected_pairs,overlap_3,0.0,0.0,0.0
method,metis,bal,leiden,bal,connected_pairs,overlap_5,0.0,0.0,0.0
method,metis,bal,leiden,bal,connected_pairs,overlap_full,0.0,0.0,0.0
method,metis,bal,leiden,bal,connected_pairs,volume_1,-0.0001,-0.0003,0.0001
method,metis,bal,leiden,bal,connected_pairs,volume_2,0.0631,0.0601,0.0662
method,metis,bal,leiden,bal,connected_pairs,volume_3,0.0631,0.0601,0.0662
method,metis,bal,leiden,bal,connected_pairs,volume_5,0.0631,0.0601,0.0662
method,metis,bal,leiden,bal,connected_pairs,volume_full,0.0631,0.0601,0.0662
method,metis,bal,leiden,bal,connected_triples,fanout,0.995,0.9635,1.026
method,metis,bal,leiden,bal,connected_triples,single_shard_share,-0.4655,-0.486,-0.443
method,metis,bal,leiden,bal,connected_triples,overlap_1,-0.0684,-0.0752,-0.0618
method,metis,bal,leiden,bal,connected_triples,overlap_2,-0.0002,-0.0006,0.0
method,metis,bal,leiden,bal,connected_triples,overlap_3,0.0,0.0,0.0
method,metis,bal,leiden,bal,connected_triples,overlap_5,0.0,0.0,0.0
method,metis,bal,leiden,bal,connected_triples,overlap_full,0.0,0.0,0.0
method,metis,bal,leiden,bal,connected_triples,volume_1,-0.0005,-0.0005,-0.0004
method,metis,bal,leiden,bal,connected_triples,volume_2,0.0689,0.0655,0.072
method,metis,bal,leiden,bal,connected_triples,volume_3,0.1481,0.1434,0.1527
method,metis,bal,leiden,bal,connected_triples,volume_5,0.1481,0.1434,0.1527
method,metis,bal,leiden,bal,connected_triples,volume_full,0.1481,0.1434,0.1527
method,metis,bal,leiden,bal,frequent_pairs,fanout,0.237,0.2155,0.2575
method,metis,bal,leiden,bal,frequent_pairs,single_shard_share,-0.237,-0.2575,-0.2155
method,metis,bal,leiden,bal,frequent_pairs,overlap_1,-0.0001,-0.0003,0.0
method,metis,bal,leiden,bal,frequent_pairs,overlap_2,0.0,0.0,0.0
method,metis,bal,leiden,bal,frequent_pairs,overlap_3,0.0,0.0,0.0
method,metis,bal,leiden,bal,frequent_pairs,overlap_5,0.0,0.0,0.0
method,metis,bal,leiden,bal,frequent_pairs,overlap_full,0.0,0.0,0.0
method,metis,bal,leiden,bal,frequent_pairs,volume_1,-0.0005,-0.0005,-0.0004
method,metis,bal,leiden,bal,frequent_pairs,volume_2,0.0347,0.0315,0.0378
method,metis,bal,leiden,bal,frequent_pairs,volume_3,0.0347,0.0315,0.0378
method,metis,bal,leiden,bal,frequent_pairs,volume_5,0.0347,0.0315,0.0378
method,metis,bal,leiden,bal,frequent_pairs,volume_full,0.0347,0.0315,0.0378
method,metis,bal,leiden,bal,frequent_triples,fanout,0.4425,0.4105,0.474
method,metis,bal,leiden,bal,frequent_triples,single_shard_share,-0.1065,-0.121,-0.093
method,metis,bal,leiden,bal,frequent_triples,overlap_1,-0.0093,-0.0122,-0.0062
method,metis,bal,leiden,bal,frequent_triples,overlap_2,0.0,0.0,0.0
method,metis,bal,leiden,bal,frequent_triples,overlap_3,0.0,0.0,0.0
method,metis,bal,leiden,bal,frequent_triples,overlap_5,0.0,0.0,0.0
method,metis,bal,leiden,bal,frequent_triples,overlap_full,0.0,0.0,0.0
method,metis,bal,leiden,bal,frequent_triples,volume_1,-0.0005,-0.0005,-0.0004
method,metis,bal,leiden,bal,frequent_triples,volume_2,0.0151,0.0131,0.0173
method,metis,bal,leiden,bal,frequent_triples,volume_3,0.0652,0.0604,0.0699
method,metis,bal,leiden,bal,frequent_triples,volume_5,0.0652,0.0604,0.0699
method,metis,bal,leiden,bal,frequent_triples,volume_full,0.0652,0.0604,0.0699
